Name,Year,Status,Birth Date,Birth Place,Gender,Alma Mater,Military Rank,Military Branch,Space Flights,Space Flight (hr),Space Walks,Space Walks (hr),Missions,Death Date,Death Mission,Country,Nationality
Joseph M. Acaba,2004.0,Active,5/17/1967,"Inglewood, CA",Male,University of California-Santa Barbara; University of Arizona,,,3,3307,3.0,19.0,"STS-119 (Discovery), Soyuz TMA-04M, Soyuz MS-06",,,USA,United States
Loren W. Acton,,Retired,3/7/1936,"Lewiston, MT",Male,Montana State University; University of Colorado,,,1,190,0.0,0.0,STS-51-F (Challenger),,,USA,United States
James C. Adamson,1984.0,Retired,3/3/1946,"Warsaw, NY",Male,US Military Academy; Princeton University,Colonel,US Army (Retired),2,334,0.0,0.0,"STS-28 (Columbia), STS-43 (Atlantis)",,,USA,United States
Thomas D. Akers,1987.0,Retired,5/20/1951,"St. Louis, MO",Male,University of Missouri-Rolla,Colonel,US Air Force (Retired),4,814,4.0,29.0,"STS-41 (Discovery), STS-49 (Endeavor), STS-61 (Endeavor), STS-79 (Atlantis)",,,USA,United States
Edwin E. Aldrin,1963.0,Retired,1/20/1930,"Montclair, NJ",Male,US Military Academy; MIT,Colonel,US Air Force (Retired),2,289,2.0,8.0,"Gemini 12, Apollo 11",,,USA,United States
Andrew M. Allen,1987.0,Retired,8/4/1955,"Philadelphia, PA",Male,Villanova University; University of Florida,Lieutenant Colonel,US Marine Corps (Retired),3,906,0.0,0.0,"STS-46 (Atlantis), STS-62 (Columbia), STS-75 (Columbia)",,,USA,United States
Joseph P. Allen,1967.0,Retired,6/27/1937,"Crawsfordsville, IN",Male,DePauw University; Yale University,,,2,313,2.0,12.0,"ST-5 (Columbia), STS-51-A (Discovery)",,,USA,United States
Scott D. Altman,1995.0,Retired,8/15/1959,"Lincoln, IL",Male,University of Illinois; US Naval Postgraduate School,Captain,US Navy (Retired),4,1236,0.0,0.0,"STS-90 (Columbia), STS-106 (Atlantis), STS-109 (Columbia), STS-125 (Atlantis)",,,USA,United States
William A. Anders,1963.0,Deceased,10/17/1933,Hong Kong,Male,US Naval Academy; Air Force Institute of Technology,Major General,US Air Force Reserves (Retired),1,147,0.0,0.0,Apollo 8,2024-06-07,,USA,United States
Clayton C. Anderson,1998.0,Retired,2/23/1959,"Omaha, NE",Male,Hastings College; Iowa State University,,,2,4005,6.0,38.0,"STS-117 (Atlantis), STS-131 (Discovery)",,,USA,United States
Michael P. Anderson,1995.0,Deceased,12/25/1959,"Plattsburgh, NY",Male,University of Washington; Creighton University,Lieutenant Colonel,US Air Force,2,594,0.0,0.0,"STS-89 (Endeavor), STS-107 (Columbia)",2/1/2003,STS-107 (Columbia),USA,United States
Dominic A. Antonelli,2000.0,Active,8/23/1967,"Detroit, MI",Male,MIT; University of Washington,Commander,US Navy,2,579,0.0,0.0,"STS-119 (Discovery), STS-132 (Atlantis)",,,USA,United States
Jerome Apt,1985.0,Retired,4/18/1949,"Springfield, MA",Male,Harvard University; MIT,,,4,847,2.0,11.0,"STS-37 (Atlantis), STS-47 (Endeavor), STS-59 (Endeavor), STS-79 (Atlantis)",,,USA,United States
Lee J. Archambault,1998.0,Retired,8/25/1960,"Oak Park, IL",Male,University of Illinois-Urbana,Colonel,US Air Force,2,639,0.0,0.0,"STS-117 (Atlantis), STS-119 (Discovery)",,,USA,United States
Neil A. Armstrong,1962.0,Deceased,8/5/1930,"Wapakoneta, OH",Male,Purdue University; University of Southern California,,,2,205,1.0,2.0,"Gemini 8, Apollo 11",8/25/2012,,USA,United States
Richard R. Arnold,2004.0,Active,11/26/1963,"Cheverly, MD",Male,Frostburg State University; University of Maryland,,,2,5029,2.0,12.0,"STS-119 (Discovery), Soyuz MS-08",,,USA,United States
Jeffrey S. Ashby,1995.0,Retired,6/1/1954,"Dallas, TX",Male,University of Idaho; University of Tennessee,Captain,US Navy (Retired),3,655,0.0,0.0,"STS-93 (Columbia), STS-100 (Endeavor), STS-112 (Atlantis)",,,USA,United States
Serena M. Aunon,2009.0,Active,4/9/1976,"Indianapolis, IN",Female,George Washington University; University of Texas,,,0,0,0.0,0.0,,,,USA,United States
James P. Bagian,1980.0,Retired,2/22/1952,"Philadelphia, PA",Male,Drexel University; Thomas Jefferson University,,,2,337,0.0,0.0,"STS-29 (Discovery), STS-40 (Columbia)",,,USA,United States
Ellen S. Baker,1984.0,Retired,4/27/1953,"Fayettesville, NC",Female,State University of New York-Buffalo; Cornell University; University of Texas,,,3,686,0.0,0.0,"STS-34 (Atlantis), STS-50 (Columbia), STS-71 (Atlantis)",,,USA,United States
Michael A. Baker,1985.0,Management,10/27/1953,"Memphis, TN",Male,University of Texas,Captain,US Navy (Retired),4,965,0.0,0.0,"STS-43 (Atlantis), STS-52 (Columbia), STS-68 (Endeavor), STS-81 (Atlantis)",,,USA,United States
Michael R. Barratt,2000.0,Active,4/16/1959,"Vancouver, WA",Male,University of Washington; Northwestern University; Wright State University,,,3,10719,1.0,5.0,"Soyuz TMA-14, STS-133 (Discovery), SpaceX Crew-8",,,USA,United States
Daniel T. Barry,1992.0,Retired,12/30/1953,"Norwalk, CT",Male,Cornell University; Princeton University; University of Miami,,,3,733,4.0,26.0,"STS-72 (Endeavor), STS-96 (Discovery), STS-105 (Discovery)",,,USA,United States
John-David F. Bartoe,,Retired,11/17/1944,"Abington, PA",Male,Lehigh University; Georgetown University,,,1,190,0.0,0.0,STS-51-F (Challenger),,,USA,United States
Charles A. Bassett II,1963.0,Deceased,12/30/1931,"Dayton, OH",Male,Texas Technological College,Captain,US Air Force,0,0,0.0,0.0,,2/28/1966,,USA,United States
Alan L. Bean,1963.0,Deceased,3/15/1932,"Wheeler, TX",Male,University of Texas,Captain,US Navy (Retired),2,1671,3.0,10.0,"Apollo 12, Skylab 3",2018-05-26,,USA,United States
Robert L. Behnken,2000.0,Active,7/28/1970,"Creve Couer, MO",Male,Washington University; California Institute of Technology,Colonel,US Air Force,3,2244,6.0,37.0,"STS-123 (Endeavor), STS-130 (Endeavor), Crew Dragon Demo-2",,,USA,United States
John E. Blaha,1980.0,Retired,8/26/1942,"San Antonio, TX",Male,US Air Force Academy; Purdue University,Colonel,US Air Force (Retired),5,3861,0.0,0.0,"STS-29 (Discovery), STS-33 (Discovery), STS-43 (Atlantis), STS-58 (Columbia), STS-79 (Atlantis)",,,USA,United States
Michael J. Bloomfield,1995.0,Retired,3/16/1959,"Flint, MI",Male,US Air Force Academy; Old Dominion University,Colonel,US Air Force (Retired),3,779,0.0,0.0,"STS-86 (Atlantis), STS-97 (Endeavor), STS-110 (Atlantis)",,,USA,United States
Guion S. Bluford,1978.0,Retired,11/22/1942,"Philadelphia, PA",Male,Pennsylvania State University; Air Force Institute of Technology; University of Houston-Clear Lake,Colonel,US Air Force (Retired),4,689,0.0,0.0,"STS-8 (Challenger), STS-61-A (Challenger), STS-39 (Discovery), STS-53 (Discovery)",,,USA,United States
Karol J. Bobko,1969.0,Deceased,12/23/1937,"New York, NY",Male,US Air Force Academy; University of Southern California,Colonel,US Air Force (Retired),3,386,0.0,0.0,"STS-6 (Challenger), STS-51-D (Discovery), STS-51-J (Atlantis)",2023-08-17,,USA,Poland / United States
Eric A. Boe,2000.0,Active,10/1/1964,"Miami, FL",Male,US Air Force Academy; Georgia Institute of Technology,Colonel,US Air Force,2,687,0.0,0.0,"STS-126 (Endeavor), STS-133 (Discovery)",,,USA,United States
Charles F. Bolden,1980.0,Management,8/19/1946,"Columbia, SC",Male,US Naval Academy; University of Southern California,Major General,US Marine Corps (Retired),4,680,0.0,0.0,"STS-61C (Columbia), STS-31 (Discovery), STS-45 (Atlantis), STS-60 (Discovery)",,,USA,United States
Frank F. Borman,1962.0,Deceased,3/14/1928,"Gary, IN",Male,US Military Academy; California Institute of Technology,Colonel,US Air Force (Retired),2,477,0.0,0.0,"Gemini 7, Apollo 8",2023-11-07,,USA,United States
Stephen G. Bowen,2000.0,Active,2/13/1964,"Cohasset, MA",Male,US Naval Academy; MIT,Captain,US Navy,4,5433,7.0,47.0,"STS-126 (Endeavor), STS-132 (Atlantis), STS-133 (Discovery), SpaceX Crew-6",,,USA,United States
Kenneth D. Bowersox,1987.0,Retired,11/14/1956,"Portsmouth, VA",Male,US Naval Academy; Columbia University,Captain,US Navy (Retired),5,5078,2.0,13.0,"STS-50 (Columbia), STS-61 (Endeavor), STS-73 (Columbia), STS-82 (Discovery), STS-113 (Endeavor)",,,USA,United States
Charles E. Brady,1992.0,Deceased,8/12/1951,"Pinehurst, NC",Male,University of North Carolina at Chapel Hill; Duke University,Captain,US Navy,1,405,0.0,0.0,STS-78 (Columbia),7/23/2006,,USA,United States
Vance D. Brand,1966.0,Retired,5/9/1931,"Longmont, CA",Male,University of Colorado; University of California Los Angeles,,US Marine Corps Reserves,4,752,0.0,0.0,"Apollo-Soyuz, STS-5 (Columbia), STS-41-B (Challenger), STS-35 (Columbia)",,,USA,United States
Daniel C. Brandenstein,1978.0,Retired,1/17/1943,"Watertown, WI",Male,University of Wisconsin,Captain,US Navy (Retired),4,789,0.0,0.0,"STS-8 (Challenger), STS-51-G (Discovery), STS-32 (Columbia), STS-49 (Endeavor)",,,USA,United States
Randolph J. Bresnik,2004.0,Active,9/11/1967,"Fort Knox, KY",Male,The Citadel; University of Tennessee-Knoxville,Colonel,US Marine Corps,2,3588,5.0,32.0,"STS-129 (Atlantis), Soyuz MS-05",,,USA,United States
Roy D. Bridges,1980.0,Retired,7/19/1943,"Atlanta, GA",Male,US Air Force Academy; Purdue University,Major General,US Air Force (Retired),1,190,0.0,0.0,STS-51-F (Challenger),,,USA,United States
Curtis L. Brown,1987.0,Retired,3/11/1956,"Elizabethtown, NC",Male,US Air Force Academy,Colonel,US Air Force (Retired),6,1383,0.0,0.0,"STS-47 (Endeavor), STS-66 (Atlantis), STS-77 (Endeavor), STS-85 (Discovery), STS-95 (Discovery), STS-103 (Discovery)",,,USA,United States
David M. Brown,1996.0,Deceased,4/16/1956,"Arlington, VA",Male,College of William & Mary; Eastern Virginia Medical School,Captain,US Navy,1,382,0.0,0.0,STS-107 (Columbia),2/1/2003,STS-107 (Columbia),USA,United States
Mark N. Brown,1984.0,Retired,11/18/1951,"Valparaiso, IN",Male,Purdue University; Air Force Institute of Technology,Colonel,US Air Force (Retired),2,249,0.0,0.0,"STS-28 (Columbia), STS-48 (Discovery)",,,USA,United States
James F. Buchli,1978.0,Retired,6/20/1945,"New Rockford, ND",Male,US Naval Academy; University of West Florida,Colonel,US Marine Corps (Retired),4,490,0.0,0.0,"STS-51-C (Discovery), STS-61-A (Challenger), STS-29 (Discovery), STS-48 (Discovery",,,USA,United States
Jay C. Buckley,,Retired,6/6/1956,"New York, NY",Male,Cornell University,,,1,381,0.0,0.0,STS-90 (Columbia),,,USA,United States
John S. Bull,1966.0,Deceased,9/25/1934,"Memphis, TN",Male,Rice University; Stanford University,,,0,0,0.0,0.0,,8/11/2008,,USA,United States
Daniel C. Burbank,1996.0,Active,7/27/1961,"Machester, CT",Male,US Coast Guard Academy; Embry-Riddle Aeronautical University,Captain,US Coast Guard (Retired),3,4512,1.0,7.0,"STS-106 (Atlantis), STS-115 (Atlantis), Soyuz TMA-22",,,USA,United States
Daniel W. Bursch,1990.0,Retired,7/25/1957,"Bristol, PA",Male,US Naval Academy; US Naval Postgraduate School,Captain,US Navy (Retired),4,5446,2.0,12.0,"STS-51 (Discovery), STS-68 (Endeavor), STS-77 (Endeavor), STS-108 (Endeavor)",,,USA,United States
Robert D. Cabana,1985.0,Management,1/23/1949,"Minneapolis, MN",Male,US Naval Academy,Colonel,US Marine Corps (Retired),4,910,0.0,0.0,"STS-41 (Discovery), STS-53 (Discovery), STS-65 (Columbia), STS-88 (Endeavor)",,,USA,United States
Yvonne D. Cagle,1996.0,Management,4/24/1959,"West Point, NY",Female,San Francisco State University,Colonel,US Air Force,0,0,0.0,0.0,,,,USA,United States
Fernando Caldeiro,1996.0,Deceased,6/12/1958,"Buenos Aires, Argentina",Male,University of Arizona; University of Central Florida,,,0,0,0.0,0.0,,10/3/2009,,USA,United States
Tracy E. Caldwell Dyson,1998.0,Active,8/14/1969,"Arcadia, CA",Female,California State University-Fullerton; University of California-Davis,,,3,8947,3.0,23.0,"STS-118 (Endeavor), Soyuz TMA-18, Soyuz MS-25",,,USA,United States
Charles J. Camarda,1996.0,Management,5/8/1952,"Queens, NY",Male,Polytechnic Institute of Brooklyn; George Washington University; Virginia Polytechnic Institute,,,1,333,0.0,0.0,STS-114 (Discovery),,,USA,United States
Kenneth D. Cameron,1984.0,Retired,11/29/1949,"Cleveland, OH",Male,MIT; Michigan State University,Colonel,US Marine Corps (Retired),3,562,0.0,0.0,"STS-37 (Atlantis), STS-56 (Discovery), STS-74 (Atlantis)",,,USA,United States
Duane G. Carey,1996.0,Retired,4/30/1957,"St. Paul, MN",Male,University of Minnesota-Minneapolis,Lieutenant Colonel,US Air Force (Retired),1,262,0.0,0.0,STS-109 (Columbia),,,USA,United States
M. Scott Carpenter,1959.0,Deceased,5/1/1925,"Boulder, CO",Male,University of Colorado,Commander,US Navy (Retired),1,4,0.0,0.0,Mercury 7,2013-10-10,,USA,United States
Gerald P. Carr,1966.0,Deceased,8/22/1932,"Denver, CO",Male,University of Southern California; US Naval Postgraduate School; Princeton University,Colonel,US Marine Corps (Retired),1,2017,3.0,16.0,Skylab 4,2020-08-26,,USA,United States
Manley L. Carter,1984.0,Deceased,8/15/1947,"Macon, GA",Male,Emory University,Captain,US Navy,1,120,0.0,0.0,STS-33 (Discovery),4/5/1991,,USA,United States
John H. Casper,1984.0,Management,7/9/1943,"Greenville, SC",Male,US Air Force Academy; Purdue University,Colonel,US Air Force (Retired),4,825,0.0,0.0,"STS-36 (Atlantis), STS-54 (Endeavor), STS-62 (Columbia), STS-77 (Endeavor)",,,USA,United States
Christopher J. Cassidy,2004.0,Active,1/4/1970,"Salem, MA",Male,US Naval Academy; MIT,Commander,US Navy,3,9066,6.0,31.0,"STS-127 (Endeavor), Soyuz TMA-08M, Soyuz MS-16",,,USA,United States
Robert J. Cenker,,Retired,11/5/1948,"Uniontown, PA",Male,Pennsylvania State University; Rutgers University,,,1,146,0.0,0.0,STS-61-C (Columbia),,,USA,United States
Eugene A. Cernan,1963.0,Deceased,3/14/1934,"Chicago, IL",Male,Purdue University; US Naval Postgraduate School,Captain,US Navy (Retired),3,566,4.0,24.0,"Gemini 9, Apollo 10, Apollo 17",2017-01-16,,USA,United States
Roger B. Chaffee,1963.0,Deceased,2/15/1935,"Grand Rapids, MI",Male,Purdue University,Lieutenant Commander,US Navy,1,0,0.0,0.0,Apollo 1,1/27/1967,Apollo 1,USA,United States
Gregory E. Chamitoff,1998.0,Active,8/6/1962,"Montreal, Canada",Male,California Polytechnic State University; California Institute of Technology; MIT,,,2,4770,2.0,13.0,"STS-124 (Discovery), STS-134 (Endeavor)",,,USA,United States
Franklin R. Chang-Diaz,1980.0,Retired,4/5/1950,"San Jose, Costa Rica",Male,University of Connecticut; MIT,,,7,1602,3.0,19.0,"STS-61-C (Columbia), STS-34 (Atlantis), STS-46 (Atlantis), STS-60 (Discovery), STS-75 (Columbia), STS-91 (Discovery), STS-111 (Endeavor)",,,USA,Costa Rica / United States
Philip K. Chapman,1967.0,Retired,3/5/1935,"Melbourne, Australia",Male,University of Sydney; MIT,,,0,0,0.0,0.0,,,,USA,United States
Kalpana Chawla,1995.0,Deceased,6/1/1961,"Karnal, India",Female,Punjab Engineering College; University of Texas-Arlington; University of Colorado,,,2,734,0.0,0.0,"STS-87 (Columbia), STS-107 (Columbia)",2/1/2003,STS-107 (Columbia),USA,India / United States
Leroy Chiao,1990.0,Retired,8/28/1960,"Milwaukee, WI",Male,University of California-Berkeley; University of California-Santa Barbara,,,4,5503,6.0,36.0,"STS-65 (Columbia), STS-72 (Endeavor), STS-92 (Discovery), Soyuz TMA-5",,,USA,United States
Kevin P. Chilton,1987.0,Retired,3/11/1954,"Los Angeles, CA",Male,US Air Force Academy; Columbia University,Brigadier General,US Air Force (Retired),3,700,0.0,0.0,"STS-49 (Endeavor), STS-59 (Endeavor), STS-76 (Atlantis)",,,USA,United States
Laurel B. Clark,1996.0,Deceased,3/10/1961,"Ames, IA",Female,University of Wisconsin-Madison,Captain,US Navy,1,382,0.0,0.0,STS-107 (Columbia),2/1/2003,STS-107 (Columbia),USA,United States
Mary L. Cleave,1980.0,Deceased,2/5/1947,"Southampton, NY",Female,Colorado State University; Utah State University,,,2,262,0.0,0.0,"STS-61-B (Atlantis), STS-30 (Atlantis)",2023-11-27,,USA,United States
Michael R. Clifford,1990.0,Deceased,10/13/1952,"San Bernardino, CA",Male,US Military Academy; Georgia Institute of Technology,Lieutenant Colonel,US Army (Retired),3,666,1.0,6.0,"STS-53 (Discovery), STS-59 (Endeavor), STS-76 (Atlantis)",2021-12-28,,USA,United States
Michael L. Coats,1978.0,Retired,1/16/1946,"Sacramento, CA",Male,US Naval Academy; George Washington University; US Naval Postgraduate School,Captain,US Navy (Retired),3,463,0.0,0.0,"STS-41-D (Discovery), STS-29 (Discovery), STS-39 (Discovery)",,,USA,United States
Kenneth D. Cockrell,1990.0,Management,4/9/1950,"Austin, TX",Male,University of Texas; University of West Florida,,US Naval Reserves,5,1548,0.0,0.0,"STS-56 (Discovery), STS-69 (Endeavor), STS-80 (Columbia), STS-98 (Atlantis), STS-111 (Endeavor)",,,USA,United States
Catherine G. Coleman,1992.0,Active,12/14/1960,"Charleston, SC",Female,MIT; University of Massachusetts,Colonel,US Air Force (Retired),3,4324,0.0,0.0,"STS-73 (Columbia), STS-93 (Columbia), Soyuz TMA-20",,,USA,United States
Eileen M. Collins,1990.0,Retired,11/19/1959,"Elmira, NY",Female,Syracuse University; Stanford University; Webster University,Colonel,US Air Force (Retired),4,890,0.0,0.0,"STS-63 (Discovery), STS-84 (Atlantis), STS-114 (Columbia), STS-93 (Discovery)",,,USA,United States
Michael Collins,1963.0,Deceased,10/31/1930,"Rome, Italy",Male,US Military Academy,,US Air Force Reserves,2,266,1.0,1.0,"Gemini 10, Apollo 11",2021-04-28,,USA,United States
Charles P. Conrad,1962.0,Deceased,5/2/1930,"Philadelphia, PA",Male,Princeton University,Captain,US Navy (Retired),4,1179,4.0,12.0,"Gemini 5, Gemini 11, Apollo 12, Skylab 2",7/8/1999,,USA,United States
L. Gordon Cooper,1959.0,Deceased,3/6/1927,"Shawnee, OK",Male,Air Force Institute of Technology,Colonel,US Air Force (Retired),2,225,0.0,0.0,"Mercury 9, Gemini 5",10/4/2004,,USA,United States
Richard O. Covey,1978.0,Retired,8/1/1946,"Fayetteville, AR",Male,US Air Force Academy; Purdue University,Colonel,US Air Force (Retired),4,645,0.0,0.0,"STS-51-l (Discovery), STS-26 (Discovery), STS-38 (Atlantis), STS-61 (Endeavor)",,,USA,United States
Timothy J. Creamer,1998.0,Management,11/15/1959,"Ft. Huachuca, AZ",Male,Loyola College; MIT,Colonel,US Army (Retired),1,3917,0.0,0.0,Soyuz TMA-17,,,USA,United States
John O. Creighton,1978.0,Retired,4/28/1943,"Orange, TX",Male,US Naval Academy; George Washington University,Captain,US Navy (Retired),3,404,0.0,0.0,"STS-51-G (Discovery), STS-36 (Atlantis), STS-48 (Discovery)",,,USA,United States
Robert L. Crippen,1969.0,Retired,9/11/1937,"Beaumont, TX",Male,University of Texas,Captain,US Navy (Retired),4,565,0.0,0.0,"STS-1 (Columbia), STS-7 (Challenger), STS-41-C (Challenger), STS-41-G (Challenger)",,,USA,United States
Roger K. Crouch,,Retired,9/12/1940,"Jamestown, TN",Male,Tennessee Polytechnic Institute; Virginia Polytechnic Institute,,,1,471,0.0,0.0,"STS-83 (Columbia), STS-94 (Columbia)",,,USA,United States
Frank L. Culbertson,1984.0,Retired,5/15/1949,"Charleston, SC",Male,US Naval Academy,Captain,US Navy (Retired),3,3446,1.0,5.0,"STS-38 (Atlantis), STS-51 (Discovery), STS-105 (Discovery)",,,USA,United States
R. Walter Cunningham,1963.0,Deceased,3/16/1932,"Creston, IA",Male,University of California-Los Angeles,Colonel,US Marine Corps Reserves,1,260,0.0,0.0,Apollo 7,2023-01-03,,USA,United States
Robert L. Curbeam,1995.0,Retired,3/5/1962,"Baltimore, MD",Male,US Naval Academy; US Naval Postgraduate School,Captain,US Navy (Retired),3,902,7.0,45.0,"STS-85 (Discovery), STS-98 (Atlantis), STS-116 (Discovery)",,,USA,United States
Nancy J. Sherlock Currie,1990.0,Management,12/29/1958,"Wilmington, DE",Female,Ohio State University; University of Southern California; University of Houston,Colonel,US Army (Retired),4,999,0.0,0.0,"STS-57 (Endeavor), STS-70 (Discovery), STS-88 (Endeavor), STS-109 (Columbia)",,,USA,United States
N. Jan Davis,1987.0,Retired,11/1/1953,"Cocoa Beach, FL",Female,Georgia Institute of Technology; Auburn University; University of Alabama-Huntsville,,,3,673,0.0,0.0,"STS-47 (Endeavor), STS-60 (Discovery), STS-85 (Discovery)",,,USA,United States
Lawrence J. DeLucas,,Retired,7/11/1950,"Syracuse, NY",Male,University of Alabama at Birmingham,,,1,331,0.0,0.0,STS-50 (Columbia),,,USA,United States
Benjamin A. Drew,2000.0,Active,11/5/1962,"Washington, DC",Male,US Air Force Academy; Embry-Riddle Aeronautical University,Colonel,US Air Force,2,613,2.0,13.0,"STS-118 (Endeavor), STS-133 (Discovery)",,,USA,United States
Brian Duffy,1985.0,Retired,6/20/1953,"Boston, MA",Male,US Air Force Academy; University of Southern California,Colonel,US Air Force (Retired),4,977,0.0,0.0,"STS-45 (Atlantis), STS-57 (Endeavor), STS-72 (Endeavor), STS-92 (Discovery)",,,USA,United States
Charles M. Duke,1966.0,Retired,10/3/1935,"Charlotte, NC",Male,US Naval Academy; MIT,Brigadier General,US Air Force (Retired),1,265,3.0,20.0,Apollo 16,,,USA,United States
Bonnie J. Dunbar,1980.0,Retired,3/3/1949,"Sunnyside, WA",Female,University of Washington; University of Houston,,,5,1207,0.0,0.0,"STS-61-A (Challenger), STS-32 (Columbia), STS-50 (Columbia), STS-71 (Atlantis), STS-89 (Endeavor)",,,USA,United States
Samuel T. Durrance,,Deceased,9/17/1943,"Tallahassee, FL",Male,California State University; University of Colorado,,,2,614,0.0,0.0,"STS-35 (Columbia), STS-67 (Endeavor)",2023-05-05,,USA,United States
James P. Dutton,2004.0,Management,11/20/1968,"Eugene, OR",Male,US Air Force Academy; University of Washington,Colonel,US Air Force,1,362,0.0,0.0,STS-131 (Discovery),,,USA,United States
Joe F. Edwards,1995.0,Retired,2/3/1958,"Richmond, VA",Male,US Naval Academy; University of Tennessee-Knoxville,Commander,US Navy (Retired),1,211,0.0,0.0,STS-89 (Endeavor),,,USA,United States
Donn F. Eisele,1963.0,Deceased,5/23/1930,"Columbus, OH",Male,US Naval Academy; US Air Force Institute of Technology,Colonel,US Air Force (Retired),1,260,0.0,0.0,Apollo 7,12/2/1987,,USA,United States
Anthony W. England,1967.0,Retired,5/15/1942,"Indianapolis, IN",Male,MIT,,,1,190,0.0,0.0,STS-51-F (Challenger),,,USA,United States
Joseph H. Engle,1966.0,Deceased,8/26/1932,"Dickinson, KS",Male,University of Kansas,Major General,US Air Force (Retired),2,224,0.0,0.0,"STS-2 (Columbia), STS-51-I (Discovery)",2024-07-10,,USA,United States
Jeanette J. Epps,2009.0,Active,11/3/1970,"Syracuse, NY",Female,LeMoyne College; University of Maryland,,,1,5644,0.0,0.0,SpaceX Crew-8,,,USA,United States
Ronald E. Evans,1966.0,Deceased,11/10/1933,"St. Francis, KS",Male,University of Kansas; US Naval Postgraduate School,Captain,US Navy (Retired),1,301,1.0,1.0,Apollo 17,4/6/1990,,USA,United States
John M. Fabian,1978.0,Deceased,1/28/1939,"Goosecreek, TX",Male,Washington State University; US Air Force Institute of Technology; University of Washington,Colonel,US Air Force (Retired),2,316,0.0,0.0,"STS-7 (Challenger), STS-51-G (Discovery)",2026-05-21,,USA,United States
Christopher J. Ferguson,1998.0,Retired,9/1/1961,"Philadelphia, PA",Male,Drexel University; US Naval Postgraduate School,Captain,US Navy (Retired),3,970,0.0,0.0,"STS-115 (Atlantis), STS-126 (Endeavor), STS-135 (Atlantis)",,,USA,Poland / United States
Martin J. Fettman,,Retired,12/31/1956,"Brooklyn, NY",Male,Cornell University; Colorado State University,,,1,336,0.0,0.0,STS-58 (Columbia),,,USA,United States
Andrew J. Feustel,2000.0,Active,8/25/1965,"Lancaster, PA",Male,Purdue University; Queen’s University-Canada,,,3,5409,6.0,42.0,"STS-125 (Atlantis), STS-134 (Endeavor), Soyuz MS-08",,,USA,United States
E. Michael Fincke,1996.0,Active,3/14/1967,"Pittsburgh, PA",Male,MIT; Stanford University; University of Houston-Clear Lake,Colonel,US Air Force,4,13160,9.0,48.0,"Soyuz TMA-4, Soyuz TMA-13, STS-134 (Endeavor), SpaceX Crew-11",,,USA,United States
Jack D. Fischer,2009.0,Active,1/23/1974,"Louisville, CO",Male,US Air Force Academy; MIT,,,1,3258,2.0,6.0,Soyuz MS-04,,,USA,United States
Anna L. Fisher,1978.0,Management,8/24/1949,"New York, NY",Female,University of California-Los Angeles,,,1,191,0.0,0.0,STS-51-A (Discovery),,,USA,United States
William F. Fisher,1980.0,Retired,4/1/1946,"Dallas, TX",Male,Stanford University; University of Houston; University of Florida,,,1,170,2.0,12.0,STS-51-I (Discovery),,,USA,United States
C. Michael Foale,1987.0,Active,1/6/1957,"Louth, England",Male,Cambridge University,,,6,8970,4.0,22.0,"STS-45 (Atlantis), STS-56 (Discovery), STS-63 (Discovery), STS-84 (Atlantis), STS-103 (Discovery), Soyuz TMA-3",,,USA,United Kingdom / United States
Kevin A. Ford,2000.0,Active,7/7/1960,"Portland, IN",Male,University of Notre Dame; Troy State University; University of Florida; Air Force Institute of Technology,Colonel,US Air Force (Retired),2,3781,0.0,0.0,"STS-128 (Discovery), Soyuz TMA-06M",,,USA,United States
Michael J. Foreman,1998.0,Management,3/29/1957,"Columbus, OH",Male,US Naval Academy; US Naval Postgraduate School,Captain,US Navy (Retired),2,637,5.0,32.0,"STS-123 (Endeavor), STS-129 (Atlantis)",,,USA,United States
Patrick G. Forrester,1996.0,Management,3/31/1957,"El Paso, TX",Male,US Military Academy; University of Virginia,Colonel,US Army (Retired),3,950,4.0,25.0,"STS-105 (Discovery), STS-117 (Atlantis), STS-128 (Discovery)",,,USA,United States
Michael E. Fossum,1998.0,Retired,12/19/1957,"Sioux Falls, SD",Male,Texas A&M University; Air Force Institute of Technology; University of Houston-Clear Lake,,US Air Force Reserves (Retired),3,4651,7.0,48.0,"STS-121 (Discovery), STS-124 (Discovery), Soyuz TMA-02M",,,USA,United States
Theodore C. Freeman,1963.0,Deceased,2/18/1930,"Haversford, PA",Male,US Naval Academy; University of Michigan,Captain,US Air Force,0,0,0.0,0.0,,10/31/1964,,USA,United States
Stephen N. Frick,1996.0,Management,9/30/1961,"Pittsburgh, PA",Male,US Naval Academy; US Naval Postgraduate School,Captain,US Navy (Retired),2,566,0.0,0.0,"STS-110 (Atlantis), STS-122 (Atlantis)",,,USA,United States
C. Gordon Fullerton,1969.0,Deceased,10/11/1936,"Rochester, NY",Male,California Institute of Technology,Colonel,US Air Force (Retired),2,382,0.0,0.0,"STS-3 (Columbia), STS-51-F (Challenger)",2013-08-21,,USA,United States
F. Andrew Gaffney,,Retired,6/9/1946,"Carlsbad, NM",Male,University of California-Berkeley; University of New Mexico,,,1,218,0.0,0.0,STS-40 (Columbia),,,USA,United States
Ronald J. Garan,2000.0,Management,10/20/1961,"Yonkers, NY",Male,State University of New York; Embry-Riddle Aeronautical University; University of Florida,Colonel,US Air Force (Retired),2,4271,4.0,27.0,"STS-124 (Discovery), Soyuz TMA-21",,,USA,United States
Dale A. Gardner,1978.0,Deceased,11/8/1948,"Fairmont, MN",Male,University of Illinois,Captain,US Navy (Retired),2,336,2.0,12.0,"STS-8 (Challenger), STS-51-A (Discovery)",2014-02-19,,USA,United States
Guy S. Gardner,1980.0,Retired,1/6/1948,"Alta Vista, VA",Male,US Air Force Academy; Purdue University,Colonel,US Air Force (Retired),2,320,0.0,0.0,"STS-27 (Atlantis), STS-35 (Columbia)",,,USA,United States
E. Jake Garn,,Retired,10/12/1932,Richfield. UT,Male,University of Utah,,,1,167,0.0,0.0,STS-51-D (Discovery),,,USA,United States
Owen K. Garriott,1965.0,Deceased,11/22/1930,"Enid, OK",Male,University of Oklahoma; Stanford University,,,2,1674,3.0,14.0,"Skylab 3, STS-9 (Columbia)",2019-04-15,,USA,United States
Charles D. Gemar,1985.0,Retired,8/4/1955,"Yanktown, SD",Male,US Military Academy,Lieutenant Colonel,US Army,3,581,0.0,0.0,"STS-38 (Atlantis), STS-48 (Discovery), STS-62 (Columbia)",,,USA,United States
Michael L. Gernhardt,1992.0,Management,5/4/1956,"Mansfield, OH",Male,Vanderbilt University; University of Pennsylvania,,,4,1039,4.0,23.0,"STS-69 (Endeavor), STS-83 (Columbia), STS-94 (Columbia), STS-104 (Atlantis)",,,USA,United States
Edward G. Gibson,1965.0,Retired,11/8/1936,"Buffalo, NY",Male,University of Rochester; California Institute of Technology,,,1,2017,3.0,15.0,Skylab 4,,,USA,United States
Robert L. Gibson,1978.0,Retired,10/30/1946,"Cooperstown, NY",Male,California Polytechnic Institute,Captain,US Navy (Retired),5,868,0.0,0.0,"STS-41-B (Challenger), STS-61-C (Columbia), STS-27 (Atlantis), STS-47 (Endeavor), STS-71 (Atlantis)",,,USA,United States
Edward G. Givens,1966.0,Deceased,1/5/1930,"Quanah, TX",Male,US Naval Academy,Major,US Air Force,0,0,0.0,0.0,,6/6/1967,,USA,United States
John H. Glenn,1959.0,Deceased,7/18/1921,"Cambridge, OH",Male,Muskingum College,Colonel,US Marine Corps (Retired),2,218,0.0,0.0,"Mercury 6, STS-95 (Discovery)",2016-12-08,,USA,United States
Linda M. Godwin,1985.0,Retired,7/2/1952,"Cape Girardeau, MO",Female,Southeast Missouri State; University of Missouri,,,4,918,2.0,10.0,"STS-37 (Atlantis), STS-59 (Endeavor), STS-76 (Atlantis), STS-108 (Endeavor)",,,USA,United States
Michael T. Good,2000.0,Management,10/13/1962,"Parma, OH",Male,University of Notre Dame,Colonel,US Air Force (Retired),2,592,4.0,30.0,"STS-125 (Atlantis), STS-132 (Atlantis)",,,USA,United States
Richard F. Gordon,1963.0,Deceased,10/5/1929,"Seattle, WA",Male,University of Washington,Captain,US Navy (Retired),2,315,1.0,0.5,"Gemini 11, Apollo 12",2017-11-06,,USA,United States
Dominic L. Pudwill Gorie,1995.0,Retired,5/2/1957,"Lake Charles, LA",Male,US Naval Academy; University of Tennessee,Captain,US Navy (Retired),4,1167,0.0,0.0,"STS-91 (Discovery), STS-99 (Endeavor), STS-123 (Endeavor), STS-108 (Endeavor)",,,USA,United States
Ronald J. Grabe,1980.0,Retired,6/13/1945,"New York, NY",Male,US Air Force Academy,Colonel,US Air Force (Retired),4,627,0.0,0.0,"STS-51-J (Atlantis), STS-30 (Atlantis), STS-42 (Discovery), STS-57 (Endeavor)",,,USA,United States
Duane E. Graveline,1965.0,Retired,3/2/1931,"Newport, VT",Male,University of Vermont; Johns Hopkins University,,,0,0,0.0,0.0,,,,USA,United States
Frederick D. Gregory,1978.0,Retired,1/7/1941,"Washington, DC",Male,US Air Force Academy; George Washington University,Colonel,US Air Force (Retired),3,455,0.0,0.0,"STS-51-B (Challenger), STS-33 (Discovery), STS-44 (Atlantis)",,,USA,United States
William G. Gregory,1990.0,Retired,5/14/1957,"Lockport, NY",Male,US Air Force Academy; Columbia University; Troy State University,Lieutenant Colonel,US Air Force,1,399,0.0,0.0,STS-67 (Endeavor),,,USA,United States
S. David Griggs,1978.0,Deceased,9/7/1939,"Portland, OR",Male,US Naval Academy; George Washington University,,,1,167,1.0,3.0,STS-51-D (Discovery),6/17/1989,,USA,United States
Virgil I. Grissom,1959.0,Deceased,4/3/1926,"Mitchell, IN",Male,Purdue University,Lieutenant Colonel,US Air Force,2,5,0.0,0.0,"Mercury 4, Gemini 3, Apollo 1",1/27/1967,Apollo 1,USA,United States
John M. Grunsfeld,1992.0,Management,10/10/1958,"Chicago, IL",Male,MIT; University of Chicago,,,5,1407,8.0,58.0,"STS-67 (Endeavor), STS-81 (Atlantis), STS-103 (Discovery), STS-125 (Atlantis), STS-109 (Columbia)",,,USA,United States
Sidney M. Gutierrez,1984.0,Retired,6/27/1951,"Albuquerque, NM",Male,US Air Force Academy; Webster College,Colonel,US Air Force (Retired),2,488,0.0,0.0,"STS-40 (Columbia), STS-59 (Endeavor)",,,USA,United States
Fred W. Haise,1966.0,Retired,11/14/1933,"Biloxi, MS",Male,University of Oklahoma,,,1,142,0.0,0.0,Apollo 13,,,USA,United States
James D. Halsell,1990.0,Retired,9/29/1956,"Monroe, LA",Male,US Air Force Academy; Troy State University; US Air Force Institute of Technology,Colonel,US Air Force (Retired),5,1258,0.0,0.0,"STS-65 (Columbia), STS-74 (Atlantis), STS-83 (Columbia), STS-94 (Columbia), STS-101 (Atlantis)",,,USA,United States
Kenneth T. Ham,1998.0,Retired,12/12/1964,"Plainfield, NJ",Male,US Naval Academy; US Naval Postgraduate School,Captain,US Navy,2,612,0.0,0.0,"STS-124 (Discovery), STS-132 (Atlantis)",,,USA,United States
L. Blaine Hammond,1984.0,Retired,1/16/1952,"Savannah, GA",Male,US Air Force Academy; Georgia Institute of Technology,Colonel,US Air Force (Retired),2,462,0.0,0.0,"STS-39 (Discovery), STS-64 (Discovery)",,,USA,United States
Gregory J. Harbaugh,1987.0,Retired,4/15/1956,"Cleveland, OH",Male,Purdue University; University of Houston-Clear Lake,,,4,817,3.0,18.0,"STS-39 (Discovery), STS-54 (Endeavor), STS-71 (Atlantis), STS-82 (Discovery)",,,USA,United States
Bernard A. Harris,1990.0,Retired,6/26/1956,"Temple, TX",Male,University of Houston; Texas Tech University,,,2,438,1.0,5.0,"STS-55 (Columbia), STS-63 (Discovery)",,,USA,United States
Terry J. Hart,1978.0,Retired,10/27/1946,"Pittsburgh, PA",Male,Lehigh University; MIT; Rutgers University,,,1,167,0.0,0.0,STS-41-C (Challenger),,,USA,United States
Henry W. Hartsfield,1969.0,Deceased,11/21/1933,"Birmingham, AL",Male,Auburn University; University of Tennessee,Colonel,US Air Force (Retired),3,482,0.0,0.0,"STS-4 (Columbia), STS-41-D (Discovery), STS-61-A (Challenger)",2014-07-17,,USA,United States
Frederick H. Hauck,1978.0,Deceased,4/11/1941,"Long Beach, CA",Male,Tufts University; MIT,Captain,US Navy (Retired),3,435,0.0,0.0,"STS-7 (Challenger), STS-51-A (Discovery), STS-26 (Discovery)",2025-11-06,,USA,United States
Steven A. Hawley,1978.0,Retired,12/12/1951,"Ottawa, KS",Male,University of Kansas; University of California,,,5,770,0.0,0.0,"STS-41-D (Discovery), STS-61-C (Columbia), STS-31 (Discovery), STS-82 (Discovery), STS-93 (Columbia)",,,USA,United States
Susan J. Helms,1990.0,Retired,2/26/1958,"Charlotte, NC",Female,US Air Force Academy; Stanford University,Lieutenant General,US Air Force,5,5063,1.0,9.0,"STS-54 (Endeavor), STS-64 (Discovery), STS-78 (Columbia), STS-101 (Atlantis), STS-102 (Discovery)",,,USA,United States
Karl G. Henize,1967.0,Deceased,10/17/1926,"Cincinnati, OH",Male,University of Virginia; University of Michigan,,,1,190,0.0,0.0,STS-51-F (Challenger),10/5/1993,,USA,United States
Thomas J. Hennen,,Retired,8/17/1952,"Albany, GA",Male,,Chief Warrant Officer,US Army (Retired),1,166,0.0,0.0,STS-44 (Atlantis),,,USA,United States
Terence T. Henricks,1985.0,Retired,7/5/1952,"Bryan, OH",Male,US Air Force Academy; Golden Gate University,Colonel,US Air Force (Retired),4,1026,0.0,0.0,"STS-44 (Atlantis), STS-55 (Columbia), STS-70 (Discovery), STS-78 (Columbia)",,,USA,United States
Jose M. Hernandez,2004.0,Retired,8/7/1962,"French Camp, CA",Male,University of the Pacific; University of California-Santa Barbara,,,1,332,0.0,0.0,STS-128 (Discovery),,,USA,United States
John B. Herrington,1996.0,Retired,9/14/1958,"Wetumka, OK",Male,University of Colorado; US Naval Postgraduate School,Commander,US Navy (Retired),1,330,3.0,20.0,STS-113 (Endeavor),,,USA,United States
Richard J. Hieb,1985.0,Retired,9/21/1955,"Jamestown, ND",Male,Northwest Nazarene College; University of Colorado,,,3,766,3.0,18.0,"STS-39 (Discovery), STS-49 (Endeavor), STS-65 (Columbia)",,,USA,United States
Joan E. Higginbotham,1996.0,Retired,8/3/1964,"Chicago, IL",Female,Southern Illinois University-Carbondale; Florida Institute of Technology,,,1,308,0.0,0.0,STS-116 (Discovery),,,USA,United States
David C. Hilmers,1980.0,Retired,1/28/1950,"Clinton, IA",Male,Cornell University; US Naval Postgraduate School,Colonel,US Marine Corps (Retired),4,494,0.0,0.0,"ST 51-J (Atlantis), STS-26 (Discovery), STS-36 (Atlantis), STS-42 (Discovery)",,,USA,United States
Kathryn P. Hire,1995.0,Management,8/26/1959,"Mobile, AL",Female,US Naval Academy; Florida State Institute of Technology,Captain,US Naval Reserves,2,711,0.0,0.0,"STS-90 (Columbia), STS-130 (Endeavor)",,,USA,United States
Charles O. Hobaugh,1996.0,Retired,11/5/1961,"Bar Harbor, ME",Male,US Naval Academy,Colonel,US Marine Corps (Retired),3,873,0.0,0.0,"STS-104 (Atlantis), STS-118 (Endeavor), ST-129 (Atlantis)",,,USA,United States
Jeffrey A. Hoffman,1978.0,Retired,11/2/1944,"Brooklyn, NY",Male,Amherst College; Rice University; Harvard University,,,5,1211,4.0,25.0,"STS-51-D (Discovery), STS-35 (Columbia), STS-46 (Atlantis), STS-61 (Endeavor), STS-75 (Columbia)",,,USA,United States
Donald L. Holmquest,1967.0,Retired,4/7/1939,"Dallas, TX",Male,Southern Methodist University; Baylor University; University of Houston,,,0,0,0.0,0.0,,,,USA,United States
Michael S. Hopkins,2009.0,Active,12/28/1968,"Lebanon, MO",Male,University of Illinois; Stanford University,Colonel,US Air Force,1,3990,2.0,13.0,Soyuz TMA-10M,,,USA,United States
Scott J. Horowitz,1992.0,Retired,3/24/1957,"Philadelphia, PA",Male,California State University-Northridge; Georgia Institute of Technology,Colonel,US Air Force (Retired),4,1137,0.0,0.0,"STS-75 (Columbia), STS-82 (Discovery), STS-101 (Atlantis), STS-105 (Discovery)",,,USA,United States
Millie E. Hughes-Fulford,,Deceased,12/21/1945,"Mineral Wells, TX",Female,Tarleton State University; Texas Woman’s University,,,1,218,0.0,0.0,STS-40 (Columbia),2021-02-02,,USA,United States
Douglas G. Hurley,2000.0,Active,10/21/1966,"Endicott, NY",Male,Tulane University,Colonel,US Marine Corps,3,2219,0.0,0.0,"STS-127 (Endeavor), STS-135 (Atlantis), Crew Dragon Demo-2",,,USA,United States
Rick D. Husband,1995.0,Deceased,7/12/1957,"Amarillo, TX",Male,Texas Tech University; California State University,Colonel,US Air Force,2,617,0.0,0.0,"STS-96 (Discovery), STS-107 (Columbia)",2/1/2003,STS-107 (Columbia),USA,United States
James B. Irwin,1966.0,Deceased,3/17/1930,"Pittsburgh, PA",Male,US Naval Academy; University of Michigan,Colonel,US Air Force (Retired),1,295,3.0,20.0,Apollo 15,8/8/1991,,USA,United States
Marsha S. Ivins,1984.0,Retired,4/15/1951,"Baltimore, MD",Female,University of Colorado,,,5,1341,0.0,0.0,"STS-32 (Columbia), STS-46 (Atlantis), STS-62 (Columbia), STS-81 (Atlantis), STS-98 (Atlantis)",,,USA,United States
Gregory B. Jarvis,,Deceased,8/24/1944,"Detroit, MI",Male,State University of New York at Buffalo; Northeastern University,,,1,0,0.0,0.0,STS-51-L (Challenger),1/28/1986,STS-51-L (Challenger),USA,United States
Mae C. Jemison,1987.0,Retired,10/17/1956,"Decatur, AL",Female,Stanford University; Cornell University,,,1,190,0.0,0.0,STS-47 (Endeavor),,,USA,United States
Tamara E. Jernigan,1985.0,Retired,5/7/1959,"Chattanooga, TN",Female,Stanford University; University of California-Berkeley; Rice University,,,5,1489,1.0,8.0,"STS-40 (Columbia), STS-52 (Columbia), STS-67 (Endeavor), STS-80 (Columbia), STS-98 (Discovery)",,,USA,United States
Brent W. Jett,1992.0,Retired,10/5/1958,"Pontiac, MI",Male,US Naval Academy; US Naval Postgraduate School,Captain,US Navy (Retired),4,1002,0.0,0.0,"STS-72 (Endeavor), STS-81 (Atlantis), STS-97 (Endeavor), STS-115 (Atlantis)",,,USA,United States
Gregory C. Johnson,1998.0,Management,7/30/1954,"Seattle, WA",Male,University of Washington,Captain,US Navy (Retired),1,309,0.0,0.0,STS-125 (Atlantis),,,USA,United States
Gregory H. Johnson,1998.0,Active,5/12/1962,"London, England",Male,US Air Force Academy; Columbia University; University of Texas,Colonel,US Air Force (Retired),2,755,0.0,0.0,"STS-123 (Endeavor), STS-134 (Endeavor)",,,USA,United States
Thomas D. Jones,1990.0,Retired,1/22/1955,"Baltimore, MD",Male,US Air Force Academy; University of Arizona,,,4,1272,3.0,20.0,"STS-59 (Endeavor), STS-68 (Endeavor), STS-80 (Columbia), STS-98 (Atlantis)",,,USA,United States
Janet L. Kavandi,1995.0,Management,7/17/1959,"Springfield, MO",Female,Missouri Southern State College; University of Missouri; University of Washington,,,3,812,0.0,0.0,"STS-91 (Discovery), STS-99 (Endeavor), STS-104 (Atlantis)",,,USA,United States
James M. Kelly,1996.0,Management,5/14/1964,"Burlington, IA",Male,US Air Force Academy; University of Alabama,Colonel,US Air Force (Retired),2,641,0.0,0.0,"STS-102 (Discovery), STS-114 (Discovery)",,,USA,United States
Mark Kelly,1996.0,Retired,2/21/1964,"Orange, NJ",Male,US Merchant Marine Academy; US Naval Postgraduate School,Captain,US Navy (Retired),4,1298,0.0,0.0,"STS-108 (Endeavor), STS-121 (Discovery), STS-124 (Discovery), STS-134 (Endeavor)",,,USA,United States
Scott J. Kelly,1996.0,Active,2/21/1964,"Orange, NJ",Male,State University of New York Maritime College; University of Tennessee-Knoxville,Captain,US Navy (Retired),4,12490,3.0,18.0,"STS-103 (Discovery), STS-118 (Endeavor), Soyuz TMA-01M, Soyuz TMA-16M",,,USA,United States
Joseph P. Kerwin,1965.0,Retired,2/19/1932,"Oak Park, IL",Male,College of the Holy Cross; Northwestern University,Captain,US Navy (Retired),1,672,1.0,3.0,Skylab 2,,,USA,United States
Susan L. Still,1995.0,Retired,10/24/1961,"Augusta, GA",Female,Embry-Riddle University; Georgia Institute of Technology,Commander,US Navy (Retired),2,472,0.0,0.0,"STS-83 (Columbia), STS-94 (Columbia)",,,USA,United States
Robert S. Kimbrough,2004.0,Active,6/4/1967,"Killeen, TX",Male,US Military Academy; Georgia Institute of Technology,Colonel,US Army,3,9329,6.0,39.0,"STS-126 (Endeavor), Soyuz MS-02, SpaceX Crew-2",,,USA,United States
Timothy L. Kopra,2000.0,Active,4/9/1963,"Austin, TX",Male,US Military Academy; Georgia Institute of Technology; US Army War College,Colonel,US Army (Retired),2,5857,3.0,13.0,"STS-127 (Endeavor), Soyuz TMA-19M",,,USA,United States
Kevin R. Kregel,1992.0,Retired,9/16/1956,"New York, NY",Male,US Air Force Academy; Troy State University,,,4,1265,0.0,0.0,"STS-70 (Discovery), STS-78 (Columbia), STS-87 (Columbia), STS-99 (Endeavor)",,,USA,United States
Wendy B. Lawrence,1992.0,Retired,7/2/1959,"Jacksonville, FL",Female,US Naval Academy; MIT,Captain,US Navy (Retired),4,1223,0.0,0.0,"STS-67 (Endeavor), STS-86 (Atlantis), STS-91 (Discovery), STS-114 (Discovery)",,,USA,United States
Mark C. Lee,1984.0,Retired,8/14/1952,"Viroqua, WI",Male,US Air Force Academy; MIT,Colonel,US Air Force (Retired),4,789,4.0,26.0,"STS-30 (Atlantis), STS-47 (Endeavor), STS-64 (Discovery), STS-82 (Discovery)",,,USA,United States
David C. Leestma,1980.0,Management,5/6/1949,"Muskegon, MI",Male,US Naval Academy; US Naval Postgraduate School,Captain,US Navy (Retired),3,532,1.0,3.0,"STS-41-G (Challenger), STS-28 (Columbia), STS-45 (Atlantis)",,,USA,United States
William B. Lenoir,1967.0,Deceased,3/14/1939,"Miami, FL",Male,MIT,,,1,122,0.0,0.0,STS-5 (Columbia),8/26/2012,,USA,United States
Fred W. Leslie,,Retired,12/19/1951,"Ancon, Panama",Male,University of Texas; University of Oklahoma,,,1,381,0.0,0.0,STS-73 (Columbia),,,USA,United States
Byron K. Lichtenberg,,Retired,2/19/1948,"Stroudsburg, PA",Male,Brown University; MIT,,,2,461,0.0,0.0,"STS-9 (Columbia), STS-45 (Atlantis)",,,USA,United States
Don L. Lind,1966.0,Deceased,5/18/1930,"Midvale, UT",Male,University of Utah; University of California-Berkley,,,1,168,0.0,0.0,STS-51-B (Challenger),2022-08-30,,USA,United States
Kjell N. Lindgren,2009.0,Active,1/23/1973,"Taipei, Taiwan",Male,US Air Force Academy; University of Colorado; Colorado State University; University of Minnesota; University of Texas Medical Branch-Galveston,,,2,7493,2.0,15.0,"Soyuz TMA-17M, SpaceX Crew-4",,,USA,United States
Steven W. Lindsey,1995.0,Retired,8/24/1960,"Arcadia, CA",Male,US Air Force Academy; US Air Force Institute of Technology,Colonel,US Air Force (Retired),5,1510,0.0,0.0,"STS-87 (Columbia), STS-95 (Discovery), STS-104 (Atlantis), STS-121 (Discovery), STS-133 (Discovery)",,,USA,United States
Jerry M. Linenger,1992.0,Retired,1/16/1955,"Mount Clemens, MI",Male,US Naval Academy; University of Southern California; University of North Carolina; Wayne State University,Captain,US Navy (Retired),2,3435,1.0,5.0,"STS-64 (Discovery), STS-81 (Atlantis)",,,USA,United States
Richard M. Linnehan,1992.0,Management,9/19/1957,"Lowell, MA",Male,University of New Hampshire; Ohio State University; Harvard University,,,4,1427,6.0,43.0,"STS-78 (Columbia), STS-90 (Columbia), STS-109 (Columbia), STS-123 (Endeavor)",,,USA,United States
Gregory T. Linteris,,Retired,10/4/1957,"Demarest, NJ",Male,Princeton University; Stanford University,,,2,471,0.0,0.0,"STS-83 (Columbia), STS-94 (Columbia)",,,USA,United States
John A. Llewellyn,1967.0,Retired,4/22/1933,"Cardiff, Wales",Male,University College at Cardiff,,,0,0,0.0,0.0,,,,USA,United States
Paul S. Lockhart,1996.0,Retired,4/28/1956,"Amarillo, TX",Male,Texas Tech University; University of Texas,Colonel,US Air Force (Retired),2,663,0.0,0.0,"STS-111 (Endeavor), STS-113 (Endeavor)",,,USA,United States
Michael E. Lopez-Alegria,1992.0,Active,5/30/1958,"Madrid, Spain",Male,US Naval Academy; US Naval Postgraduate School,Captain,US Navy (Retired),6,7120,10.0,67.0,"STS-73 (Columbia), STS-92 (Discovery), STS-113 (Endeavor), Soyuz TMA-9, Axiom Mission 1, Axiom Mission 3",,,USA,Spain / United States
Christopher J. Loria,1996.0,Retired,7/9/1960,"Belmont, MA",Male,US Naval Academy; Harvard University,Colonel,US Marine Corps (Retired),0,0,0.0,0.0,,,,USA,United States
John M. Lounge,1980.0,Deceased,6/28/1946,"Denver, CO",Male,US Naval Academy; University of Colorado,,,3,483,0.0,0.0,"STS-51-I (Discovery), STS-26 (Discovery), STS-35 (Columbia)",3/1/2011,,USA,United States
Jack R. Lousma,1966.0,Retired,2/29/1936,"Grand Rapids, MI",Male,University of Michigan; US Naval Postgraduate School,Colonel,US Marine Corps (Retired),2,1619,2.0,11.0,"Skylab 3, STS-3 (Columbia)",,,USA,United States
Stanley G. Love,1998.0,Management,6/8/1965,"San Diego, CA",Male,Harvey Mudd College; University of Washington,,,1,306,2.0,15.0,STS-122 (Atlantis),,,USA,United States
James A. Lovell,1962.0,Deceased,3/25/1928,"Cleveland, OH",Male,US Naval Academy,Captain,US Navy (Retired),4,715,0.0,0.0,"Gemini 7, Gemini 12, Apollo 8, Apollo 13",2025-08-07,,USA,United States
G. David Low,1984.0,Deceased,2/19/1956,"Cleveland, OH",Male,Washington & Lee University; Cornell University; Stanford University,,,3,714,1.0,6.0,"STS-32 (Columbia), STS-43 (Atlantis), STS-57 (Endeavor)",3/15/2008,,USA,United States
Edward T. Lu,1995.0,Retired,7/1/1963,"Springfield, MA",Male,Cornell University; Stanford University,,,3,4962,1.0,6.0,"STS-84 (Atlantis), STS-106 (Atlantis), Soyuz TMA-2",,,USA,United States
Shannon W. Lucid,1978.0,Retired,1/14/1943,"Shanghai, China",Female,University of Oklahoma,,,5,5354,0.0,0.0,"STS-51-G (Discovery), STS-34 (Atlantis), STS-43 (Atlantis), STS-58 (Columbia), STS-76 (Atlantis)",,,USA,United States
Sandra H. Magnus,1996.0,Retired,10/30/1964,"Belleville, IL",Female,University of Missouri-Rolla; Georgia Institute of Technology,,,3,3776,0.0,0.0,"STS-112 (Atlantis), STS-126 (Endeavor), STS-135 (Atlantis)",,,USA,United States
Thomas H. Marshburn,2004.0,Active,8/29/1960,"Statesville, NC",Male,Davidson College; University of Virginia; Wake Forest University; University of Texas Medical Branch-Galveston,,,3,8098,4.0,24.0,"STS-127 (Endeavor), Soyuz TMA-07M, SpaceX Crew-3",,,USA,United States
Michael J. Massimino,1996.0,Management,8/19/1962,"Oceanside, NY",Male,Columbia University; MIT,,,2,571,4.0,30.0,"STS-109 (Columbia), STS-125 (Atlantis)",,,USA,United States
Richard A. Mastracchio,1996.0,Active,2/11/1960,"Waterbury, CT",Male,University of Connecticut; Rensselaer Polytechnic Institute; University of Houston-Clear Lake,,,4,5461,9.0,53.0,"STS-106 (Atlantis), STS-118 (Endeavor), STS-131 (Discovery), Soyuz TMA-11M",,,USA,United States
Thomas K. Mattingly,1966.0,Retired,3/17/1936,"Chicago, IL",Male,Auburn University,Rear Admiral,US Navy (Retired),3,508,1.0,1.0,"Apollo 16, STS-4 (Columbia), STS-51-C (Discovery)",,,USA,United States
K. Megan McArthur,2000.0,Active,8/30/1971,"Honolulu, HI",Female,University of California-Los Angeles; University of California-San Diego,,,2,5103,0.0,0.0,"STS-125 (Atlantis), SpaceX Crew-2",,,USA,United States
William S. McArthur,1990.0,Management,7/26/1951,"Laurinburg, NC",Male,US Military Academy; Georgia Institute of Technology,Colonel,US Army (Retired),4,5398,4.0,24.0,"STS-58 (Columbia), STS-74 (Atlantis), STS-92 (Discovery), Soyuz TMA-7",,,USA,United States
S. Christa McAuliffe,,Deceased,9/2/1948,"Boston, MA",Female,Framingham State College; Bowie State College,,,1,0,0.0,0.0,STS-51-L (Challenger),1/28/1986,STS-51-L (Challenger),USA,United States
Jon A. McBride,1978.0,Deceased,8/14/1943,"Charleston, WV",Male,US Naval Postgraduate School,Captain,US Navy (Retired),1,197,0.0,0.0,STS-41-G (Challenger),2024-08-07,,USA,United States
Bruce McCandless II,1966.0,Deceased,6/8/1937,"Boston, MA",Male,US Naval Academy; Stanford University; University of Houston-Clear Lake,Captain,US Navy (Retired),2,312,2.0,12.0,"STS-41-B (Challenger), STS-31 (Discovery)",2017-12-21,,USA,United States
William C. McCool,1996.0,Deceased,9/23/1961,"San Diego, CA",Male,US Naval Academy; University of Maryland; US Naval Postgraduate School,Commander,US Navy,1,382,0.0,0.0,STS-107 (Columbia),2/1/2003,STS-107 (Columbia),USA,United States
Michael J. McCulley,1984.0,Retired,8/4/1943,"San Diego, CA",Male,Purdue University,Captain,US Navy (Retired),1,119,0.0,0.0,STS-34 (Atlantis),,,USA,United States
James A. McDivitt,1984.0,Deceased,6/10/1929,"Chicago, IL",Male,University of Michigan,Brigadier General,US Air Force (Retired),2,338,0.0,0.0,"Gemini 4, Apollo 9",2022-10-13,,USA,United States
Donald R. McMonagle,1987.0,Retired,5/14/1952,"Flint, MI",Male,US Air Force Academy; California State University-Fresno,Colonel,US Air Force (Retired),3,605,0.0,0.0,"STS-39 (Discovery), STS-54 (Endeavor), STS-66 (Atlantis)",,,USA,United States
Ronald E. McNair,1978.0,Deceased,10/21/1950,"Lake City, SC",Male,North Carolina A&T State College; MIT,,,2,191,0.0,0.0,"STS-41-B (Challenger), STS-51-L (Challenger)",1/28/1986,STS-51-L (Challenger),USA,United States
Carl J. Meade,1985.0,Retired,11/16/1950,"Chanute Air Force Base, IL",Male,University of Texas; California Institute of Technology,Colonel,US Air Force (Retired),3,712,1.0,6.0,"STS-38 (Atlantis), STS-50 (Columbia), STS-64 (Discovery)",,,USA,United States
Bruce E. Melnick,1987.0,Retired,12/5/1949,"New York, NY",Male,US Coast Guard Academy; West Florida University,Commander,US Coast Guard (Retired),2,311,0.0,0.0,"STS-41 (Discovery), STS-49 (Endeavor)",,,USA,United States
Pamela A. Melroy,1995.0,Retired,9/17/1961,"Palo Alto, CA",Female,Wellesley College; MIT,Colonel,US Air Force (Retired),3,914,0.0,0.0,"STS-92 (Discovery), STS-112 (Atlantis), STS-120 (Discovery)",,,USA,United States
Leland D. Melvin,1998.0,Management,2/15/1964,"Lynchburg, VA",Male,University of Richmond; University of Virginia,,,2,565,0.0,0.0,"STS-122 (Atlantis), STS-129 (Atlantis)",,,USA,United States
Dorothy M. Metcalf-Lindenberger,2004.0,Active,5/2/1975,"Colorado Springs, CO",Female,Whitman College,,,1,362,0.0,0.0,STS-131 (Discovery),,,USA,United States
F. Curtis Michel,1965.0,Retired,6/5/1934,"LaCrosse, WI",Male,California Institute of Technology,,,0,0,0.0,0.0,,,,USA,United States
Edgar D. Mitchell,1966.0,Deceased,9/17/1930,"Hereford, TX",Male,Carnegie-Mellon University; US Naval Postgraduate School; MIT,Captain,US Navy (Retired),1,216,2.0,9.0,Apollo 14,2016-02-04,,USA,United States
Barbara R. Morgan,1998.0,Retired,11/28/1951,"Fresno, CA",Female,Stanford University,,,1,305,0.0,0.0,STS-118 (Endeavor),,,USA,United States
Lee Morin,1996.0,Management,9/9/1952,"Manchester, NH",Male,University of New Hampshire; University of Alabama-Birmingham; New York University,Captain,US Navy,1,259,2.0,14.0,STS-110 (Atlantis),,,USA,United States
Richard M. Mullane,1978.0,Retired,9/10/1945,"Wichita Falls, TX",Male,US Military Academy; US Air Force Institute of Technology,Colonel,US Air Force (Retired),3,356,0.0,0.0,"STS-41-D (Discovery), STS-27 (Atlantis), STS-36 (Atlantis)",,,USA,United States
F. Story Musgrave,1967.0,Retired,8/19/1935,"Boston, MA",Male,Syracuse University; Marietta College; University of California-Los Angeles; University of Kentucky; University of Houston; Columbia University,,,6,1281,4.0,26.0,"STS-6 (Challenger), STS-51-F (Challenger), STS-33 (Discovery), STS-44 (Atlantis), STS-61 (Endeavor), STS-80 (Columbia)",,,USA,United States
Steven R. Nagel,1978.0,Deceased,10/27/1946,"Canton, IL",Male,University of Illinois; California State University-Fresno,Colonel,US Air Force (Retired),4,721,0.0,0.0,"STS-51-G (Discovery), STS-61-A (Challenger), STS-37 (Atlantis), STS-55 (Columbia)",2014-08-21,,USA,United States
Clarence W. Nelson,,Retired,9/29/1942,"Miami, FL",Male,Yale University; University of Virginia,Captain,US Army (Retired),1,146,0.0,0.0,STS-61-C (Columbia),,,USA,United States
George D. Nelson,1978.0,Retired,7/13/1950,"Charles City, IA",Male,Harvey Mudd College; University of Washington,,,3,411,2.0,10.0,"STS-41-C (Challenger), STS-61-C (Columbia), STS-26 (Discovery)",,,USA,United States
James H. Newman,1990.0,Retired,10/16/1956,"San Diego, CA",Male,Dartmouth College; Rice University,,,4,1042,6.0,43.0,"STS-51 (Discovery), STS-69 (Endeavor), STS-88 (Endeavor), STS- 109 (Columbia)",,,USA,United States
Carlos I. Noriega,1995.0,Retired,10/8/1959,"Lima, Peru",Male,University of Southern California; US Naval Postgraduate School,Lieutenant Colonel,US Marine Corps (Retired),2,481,3.0,19.0,"STS-84 (Atlantis), STS-97 (Endeavor)",,,USA,Peru
Lisa M. Nowak,1996.0,Retired,5/10/1963,"Washington, DC",Female,US Naval Academy; US Naval Postgraduate School,Captain,US Navy (Retired),1,306,0.0,0.0,STS-121 (Discovery),,,USA,United States
Karen L. Nyberg,2000.0,Active,10/7/1969,"Parker’s Prairie, MN",Female,University of North Dakota; University of Texas,,,2,4320,0.0,0.0,"STS-124 (Discovery), Soyuz TMA-09M",,,USA,United States
Bryan D. O'Connor,1980.0,Retired,9/6/1946,"Orange, CA",Male,US Naval Academy; West Florida University,Colonel,US Marine Corps (Retired),2,383,0.0,0.0,"STS-61-B (Atlantis), STS-40 (Columbia)",,,USA,United States
Brian T. O'Leary,1967.0,Deceased,1/27/1940,"Boston, MA",Male,Williams College; Georgetown University; University of California-Berkeley,,,0,0,0.0,0.0,,7/28/2011,,USA,United States
Ellen L. Ochoa,1990.0,Management,5/10/1958,"Los Angeles, CA",Female,San Diego State University; Stanford University,,,4,979,0.0,0.0,"STS-56 (Discovery), STS-66 (Atlantis), STS-96 (Discovery), STS-110 (Atlantis)",,,USA,United States
William A. Oefelein,1998.0,Retired,3/29/1965,"Ft. Belvoir, VA",Male,Oregon State University; University of Tennessee,Commander,US Navy (Retired),1,308,0.0,0.0,STS-116 (Discovery),,,USA,United States
John D. Olivas,1998.0,Retired,5/25/1966,"North Hollywood, CA",Male,University of Texas-El Paso; University of Houston; Rice University,,,2,665,5.0,34.0,"STS-117 (Atlantis), STS-128 (Discovery)",,,USA,United States
Ellison S. Onizuka,1978.0,Deceased,6/24/1946,"Kealakekua, HI",Male,University of Colorado,Lieutenant Colonel,US Air Force,2,73,0.0,0.0,"STS-51-C (Discovery), STS-51-L (Challenger)",1/28/1986,STS-51-L (Challenger),USA,United States
Stephen S. Oswald,1985.0,Retired,6/30/1951,"Seattle, WA",Male,US Naval Academy,,,3,814,0.0,0.0,"STS-42 (Discovery), STS-56 (Discovery), STS-67 (Endeavor)",,,USA,United States
Robert F. Overmyer,1969.0,Deceased,7/14/1936,"Lorain, OH",Male,Baldwin Wallace College; US Naval Postgraduate School,Colonel,US Marine Corps (Retired),2,290,0.0,0.0,"STS-5 (Columbia), STS-51-B (Challenger)",3/22/1996,,USA,United States
William A. Pailes,,Retired,6/26/1952,"Hackensack, NJ",Male,US Air Force Academy; Texas A&M University,Colonel,US Air Force (Retired),1,97,0.0,0.0,STS-51-J (Atlantis),,,USA,United States
Scott E. Parazynski,1992.0,Retired,7/28/1961,"Little Rock, AR",Male,Stanford University,,,5,1404,7.0,47.0,"STS-66 (Atlantis), STS-86 (Atlantis), STS-95 (Discovery), STS-100 (Endeavor), STS-120 (Discovery)",,,USA,United States
Ronald A. Parise,,Deceased,5/24/1951,"Warren, OH",Male,Youngstown State University; University of Florida,,,2,614,0.0,0.0,"STS-35 (Columbia), STS-67 (Endeavor)",5/9/2008,,USA,United States
Robert A. Parker,1967.0,Retired,12/14/1936,"New York, NY",Male,Amherst College; California Institute of Technology,,,2,462,0.0,0.0,"STS-9 (Columbia), STS-35 (Columbia)",,,USA,United States
Nicolas J.M. Patrick,1998.0,Retired,3/22/1964,"North Yorkshire, England",Male,University of Cambridge; MIT,,,2,638,3.0,18.0,"STS-116 (Discovery), STS-130 (Endeavor)",,,USA,United States
James A. Pawelczyk,,Retired,9/20/1960,"Buffalo, NY",Male,University of Rochester; Pennsylvania State University; University of North Texas,,,1,381,0.0,0.0,STS-90 (Columbia),,,USA,United States
Gary E. Payton,,Retired,6/20/1948,"Rock Island, IL",Male,US Air Force Academy; Purdue University,Major,US Air Force,1,73,0.0,0.0,STS-51-C (Discovery),,,USA,United States
Donald H. Peterson,1969.0,Deceased,10/22/1933,"Winona, MS",Male,US Military Academy; US Air Force Institute of Technology,Colonel,US Air Force (Retired),1,120,1.0,4.0,STS-6 (Challenger),2018-05-27,,USA,United States
Donald R. Pettit,1996.0,Active,4/20/1955,"Silverton, OR",Male,Oregon State University; University of Arizona,,,4,14162,2.0,13.0,"STS-113 (Endeavor), STS-126 (Endeavor), Soyuz TMA-03M, Soyuz MS-26",,,USA,United States
John L. Phillips,1996.0,Retired,4/15/1951,"Ft. Belvoir, VA",Male,US Naval Academy; University of West Florida; University of California-Los Angeles,Captain,US Naval Reserves (Retired),3,4880,1.0,5.0,"STS-100 (Endeavor), Soyuz TMA-6, STS-119 (Discovery)",,,USA,United States
William R. Pogue,1966.0,Deceased,1/23/1930,"Okemah, OK",Male,Oklahoma Baptist University; Oklahoma State University,Colonel,US Air Force (Retired),1,2017,2.0,13.0,Skylab 4,2014-03-03,,USA,United States
Alan G. Poindexter,1998.0,Deceased,11/5/1961,"Pasadena, CA",Male,Georgia Institute of Technology; US Naval Postgraduate School,Captain,US Navy,2,669,0.0,0.0,"STS-122 (Atlantis), STS-131 (Discovery)",7/1/2012,,USA,United States
Mark L. Polansky,1996.0,Retired,6/2/1956,"Paterson, NJ",Male,Purdue University,,,3,995,0.0,0.0,"STS-98 (Atlantis), ST-116 (Discovery), STS-127 (Endeavor)",,,USA,United States
Charles J. Precourt,1990.0,Retired,6/29/1955,"Waltham, MA",Male,US Air Force Academy; Golden Gate University; US Naval War College,Colonel,US Air Force (Retired),4,950,0.0,0.0,"STS-55 (Columbia), STS-71 (Atlantis), STS-84 (Atlantis), STS-91 (Discovery)",,,USA,United States
William F. Readdy,1987.0,Retired,1/24/1952,"Quonset Point, RI",Male,US Naval Academy,Captain,US Navy (Retired),3,672,0.0,0.0,"STS-42 (Discovery), STS-51 (Discovery), STS-79 (Atlantis)",,,USA,United States
Kenneth S. Reightler,1987.0,Retired,3/24/1951,"Patuxent River, MD",Male,US Naval Academy; US Naval Postgraduate School; University of Southern California,Captain,US Navy (Retired),2,327,0.0,0.0,"STS-48 (Discovery), STS-60 (Discovery)",,,USA,United States
James F. Reilly,1995.0,Retired,3/18/1954,"Mountain Home Air Force Base, ID",Male,University of Texas-Dallas,,,3,854,5.0,31.0,"STS-89 (Endeavor), STS-104 (Atlantis), STS-117 (Atlantis)",,,USA,United States
Garrett E. Reisman,1998.0,Retired,2/10/1968,"Morristown, NJ",Male,University of Pennsylvania; California Institute of Technology,,,2,2571,3.0,21.0,"STS-123 (Endeavor), STS-132 (Atlantis)",,,USA,United States
Judith A. Resnik,1978.0,Deceased,4/5/1949,"Akron, OH",Female,Carnegie-Mellon University; University of Maryland,,,2,144,0.0,0.0,"STS-41-D (Discovery), STS-51-L (Challenger)",1/28/1986,STS-51-L (Challenger),USA,United States
Paul W. Richards,1996.0,Management,5/20/1964,"Scranton, PA",Male,Drexel University; University of Maryland,,,1,307,1.0,6.0,STS-102 (Discovery),,,USA,United States
Richard N. Richards,1980.0,Retired,8/24/1946,"Key West, FL",Male,University of Missouri; University of West Florida,Captain,US Navy (Retired),4,813,0.0,0.0,"STS-28 (Columbia), STS-41 (Discovery), STS-50 (Columbia), STS-64 (Discovery)",,,USA,United States
Sally K. Ride,1978.0,Deceased,5/26/1951,"Los Angeles, CA",Female,Stanford University,,,2,343,0.0,0.0,"STS-7 (Challenger), STS-41-G (Challenger)",7/23/2012,,USA,United States
Patricia Hilliard Robertson,1998.0,Deceased,3/12/1963,"Indiana, PA",Female,Indiana University of Pennsylvania; Medical College of Pennsylvania,,,0,0,0.0,0.0,,5/24/2001,,USA,United States
Stephen K. Robinson,1995.0,Retired,10/26/1955,"Sacramento, CA",Male,University of California-Davis; Stanford University,,,4,1162,3.0,20.0,"STS-85 (Discovery), STS-95 (Discovery), STS-114 (Discovery), STS-130 (Endeavor)",,,USA,United States
Kent V. Rominger,1992.0,Retired,8/7/1956,"Del Norte, CO",Male,Colorado State University; US Naval Postgraduate School,Captain,US Navy (Retired),5,1611,0.0,0.0,"STS-73 (Columbia), STS-80 (Columbia), STS-85 (Discovery), STS-96 (Discovery), STS-100 (Endeavor)",,,USA,United States
Stuart A. Roosa,1966.0,Deceased,8/16/1933,"Durango, CO",Male,University of Colorado,Colonel,US Air Force (Retired),1,216,0.0,0.0,Apollo 14,12/12/1994,,USA,United States
Jerry L. Ross,1980.0,Retired,1/20/1948,"Crown Point, IN",Male,Purdue University,Colonel,US Air Force (Retired),7,1393,9.0,58.0,"ST 61-B (Atlantis), ST-27 (Atlantis), ST-37 (Atlantis), STS-55 (Columbia), STS-74 (Atlantis), STS-88 (Endeavor), STS-110 (Atlantis)",,,USA,United States
Kathleen Rubins,2009.0,Active,10/14/1978,"Farmington, CT",Female,University of California-San Diego; Stanford University,,,2,7202,2.0,13.0,"Soyuz MS-01, Soyuz MS-17",,,USA,United States
Mario Runco,1987.0,Management,1/26/1952,"Bronx, NY",Male,City College of New York; Rutgers University,Lieutenant Commander,US Navy (Retired),3,551,0.0,0.0,"STS-44 (Atlantis), STS-54 (Endeavor), STS-77 (Endeavor)",04/23/01,,USA,United States
Albert Sacco Jr.,,Retired,5/3/1949,"Boston, MA",Male,Northeastern University; MIT,,,1,381,0.0,0.0,STS-73 (Columbia),,,USA,United States
Robert L. Satcher,2004.0,Retired,9/22/1965,"Hampton, VA",Male,MIT; Harvard University,,,1,259,2.0,12.0,STS-129 (Atlantis),,,USA,United States
Walter M. Schirra,1959.0,Deceased,3/12/1923,"Hackensack, NJ",Male,US Naval Academy,Captain,US Navy (Retired),3,295,0.0,0.0,"Mercury 8, Gemini 6, Apollo 7",5/2/2007,,USA,United States
Harrison H. Schmitt,1965.0,Retired,7/3/1935,"Santa Rita, NM",Male,California Institute of Technology; Harvard University,,,1,301,3.0,22.0,Apollo 17,,,USA,United States
Russell L. Schweickart,1963.0,Retired,10/25/1935,"Neptune, NJ",Male,MIT,,,1,241,1.0,1.0,Apollo 9,,,USA,United States
Francis R. Scobee,1978.0,Deceased,5/19/1939,"Cle Elum, WA",Male,University of Arizona,Major,US Air Force (Retired),2,167,0.0,0.0,"STS-41-C (Challenger), STS-51-L (Challenger)",1/28/1986,STS-51-L (Challenger),USA,United States
David R. Scott,1963.0,Retired,6/6/1932,"San Antonio, TX",Male,US Military Academy; MIT,Colonel,US Air Force (Retired),3,546,4.0,19.0,"Gemini 8, Apollo 9, Apollo 15",,,USA,United States
Winston E. Scott,1992.0,Retired,8/6/1950,"Miami, FL",Male,Florida State University; US Naval Postgraduate School,Captain,US Navy (Retired),2,590,3.0,19.0,"STS-72 (Endeavor), STS-87 (Columbia)",,,USA,United States
Paul D. Scully-Power,,Retired,5/28/1944,"Sydney, Australia",Male,University of Sydney,,,1,197,0.0,0.0,STS-41-G (Challenger),,,USA,Australia / United States
Richard A. Searfoss,1990.0,Deceased,6/5/1956,"Mount Clemens, MI",Male,US Air Force Academy; California Institute of Technology,Colonel,US Air Force (Retired),3,939,0.0,0.0,"STS-58 (Columbia), STS-76 (Atlantis), STS-90 (Columbia)",2018-09-29,,USA,United States
M. Rhea Seddon,1978.0,Retired,11/8/1947,"Murfreesboro, TN",Female,University of California-Berkeley; University of Tennessee,,,3,722,0.0,0.0,"STS-51-D (Discovery), STS-40 (Columbia), STS-58 (Columbia)",,,USA,United States
Elliot M. See,1962.0,Deceased,7/23/1927,"Dallas, TX",Male,US Merchant Marine Academy; University of California-Los Angeles,,,0,0,0.0,0.0,,2/28/1966,,USA,United States
Ronald M. Sega,1990.0,Retired,12/4/1952,"Cleveland, OH",Male,US Air Force Academy; Ohio State University; University of Colorado,Colonel,US Air Force Reserves (Retired),2,420,0.0,0.0,"STS-60 (Discovery), STS-76 (Atlantis)",,,USA,United States
Piers J. Sellers,1996.0,Deceased,4/11/1955,"Crowborough, England",Male,University of Edinburgh; Leeds University,,,3,839,6.0,41.0,"STS-112 (Atlantis), STS-121 (Discovery), STS-132 (Atlantis)",2016-12-23,,USA,United Kingdom / United States
Brewster H. Shaw,1978.0,Retired,5/16/1945,"Cass City, MI",Male,University of Wisconsin,Colonel,US Air Force (Retired),3,533,0.0,0.0,"STS-9 (Columbia), STS-61-B (Atlantis), STS-28 (Columbia)",,,USA,United States
Alan B. Shepard,1959.0,Deceased,11/18/1923,"East Derry, NH",Male,US Naval Academy,Rear Admiral,US Navy (Retired),2,216,2.0,9.0,"Mercury 3, Apollo 14",7/21/1998,,USA,United States
William M. Shepherd,1984.0,Retired,7/26/1949,"Oak Ridge, TN",Male,US Naval Academy; MIT,Captain,US Navy (Retired),4,3823,0.0,0.0,"STS-37 (Atlantis), STS-41 (Discovery), STS-52 (Columbia), Soyuz TM-31",,,USA,United States
Loren J. Shriver,1978.0,Retired,9/23/1944,"Jefferson, IA",Male,US Air Force Academy; Purdue University,Colonel,US Air Force (Retired),3,386,0.0,0.0,"STS-51-C (Discovery), STS-31 (Discovery), STS-46 (Atlantis)",,,USA,United States
Donald K. Slayton,1959.0,Deceased,3/1/1924,"Sparta, WI",Male,University of Minnesota,Major,US Air Force Reserves,1,217,0.0,0.0,Apollo-Soyuz,6/13/1993,,USA,United States
Michael J. Smith,1980.0,Deceased,4/30/1945,"Beaufort, NC",Male,US Naval Academy; US Naval Postgraduate School,Captain,US Navy,1,0,0.0,0.0,STS-51-L (Challenger),1/28/1986,STS-51-L (Challenger),USA,United States
Steven L. Smith,1992.0,Management,12/30/1958,"Phoenix, AZ",Male,Stanford University,,,4,960,7.0,49.0,"STS-68 (Endeavor), STS-82 (Discovery), STS-103 (Discovery), STS-110 (Atlantis)",,,USA,United States
Sherwood C. Spring,1980.0,Retired,9/23/1944,"Hartford, CT",Male,US Military Academy; University of Arizona,Colonel,US Army (Retired),1,165,2.0,12.0,STS-61-B (Atlantis),,,USA,United States
Robert C. Springer,1980.0,Retired,5/21/1942,"St. Louis, MO",Male,US Naval Academy; US Naval Postgraduate School,Colonel,US Marine Corps (Retired),2,237,0.0,0.0,"STS-29 (Discovery), STS-38 (Atlantis)",,,USA,United States
Thomas P. Stafford,1962.0,Deceased,9/17/1930,"Weatherford, OK",Male,US Naval Academy,Lieutenant General,US Air Force (Retired),4,507,0.0,0.0,"Gemini 6, Gemini 9, Apollo 10, Apollo-Soyuz",2024-03-18,,USA,United States
Heidemarie M. Stefanyshyn-Piper,1996.0,Retired,2/7/1963,"St. Paul, MN",Female,MIT,Captain,US Navy,2,663,2.0,33.0,"STS-115 (Atlantis), STS-126 (Endeavor)",,,USA,United States
Robert L. Stewart,1978.0,Retired,8/13/1942,"Washington, DC",Male,University of Southern Mississippi; University of Texas-Arlington,Brigadier General,US Army (Retired),2,289,2.0,12.0,"STS-41-B (Challenger), STS-51-J (Atlantis)",,,USA,United States
Nicole P. Stott,2000.0,Active,11/19/1962,"Albany, NY",Female,Embry-Riddle Aeronautical University; University of Central Florida,,,2,2477,1.0,6.0,"STS-128 (Discovery), STS-133 (Discovery)",,,USA,United States
Frederick W. Sturckow,1995.0,Retired,8/11/1961,"La Mesa, CA",Male,California Polytechnic State University,Colonel,US Marine Corps (Retired),4,1233,0.0,0.0,"STS-88 (Endeavor), STS-105 (Discovery), STS-117 (Atlantis), STS-128 (Discovery)",,,USA,United States
Kathryn D. Sullivan,1978.0,Retired,10/3/1951,"Patterson, NJ",Female,University of California-Santa Cruz; Dalhousie University,,,3,532,1.0,3.0,"STS-41-G (Challenger), STS-31 (Discovery), STS-45 (Atlantis)",,,USA,United States
Steven R. Swanson,1998.0,Active,12/3/1960,"Syracuse, NY",Male,University of Colorado; Florida Atlantic University; Texas A&M University,,,3,4700,5.0,28.0,"STS-117 (Atlantis), STS-119 (Discovery), Soyuz TMA-12M",,,USA,United States
John L. Swigert,1966.0,Deceased,8/30/1931,"Denver, CO",Male,University of Colorado; Rensselaer Polytechnic Institute; University of Hartford,,,1,142,0.0,0.0,Apollo 13,12/27/1982,,USA,United States
Daniel M. Tani,1996.0,Retired,2/1/1961,"Ridley Park, PA",Male,MIT,,,2,3162,6.0,39.0,"STS-108 (Endeavor), STS-120 (Discovery)",,,USA,United States
Joseph R. Tanner,1992.0,Retired,1/21/1950,"Danville, IL",Male,University of Illinois,,,4,1045,7.0,46.0,"STS-66 (Atlantis), STS-82 (Discovery), STS-97 (Endeavor), STS-115 (Discovery)",,,USA,United States
Norman E. Thagard,1978.0,Retired,7/3/1943,"Marianna, FL",Male,Florida State University; University of Texas,,,5,3373,0.0,0.0,"STS-7 (Challenger), STS-51-B (Challenger), STS-30 (Atlantis), STS-42 (Discovery), STS-71 (Atlantis)",,,USA,United States
Andrew S. W. Thomas,1992.0,Management,12/18/1951,"Adelaide, Australia",Male,University of Adelaide,,,4,4257,1.0,6.0,"STS-77 (Endeavor), STS-89 (Endeavor), STS-102 (Discovery), STS-114 (Discovery)",,,USA,United States
Donald A. Thomas,1990.0,Retired,5/6/1955,"Cleveland, OH",Male,Case Western Reserve University; Cornell University,,,4,1040,0.0,0.0,"STS-65 (Columbia), STS-70 (Discovery), STS-83 (Columbia), STS-94 (Columbia)",,,USA,United States
Stephen D. Thorne,1985.0,Deceased,2/11/1953,"Frankfurt, West Germany",Male,US Naval Academy,Lieutenant Commander,US Navy,0,0,0.0,0.0,,5/24/1986,,USA,United States
Kathryn C. Thornton,1984.0,Retired,8/17/1952,"Montgomery, AL",Female,Auburn University; University of Virginia,,,4,975,3.0,21.0,"STS-33 (Discovery), STS-49 (Endeavor), STS-61 (Endeavor), STS-73 (Columbia)",,,USA,United States
William E. Thornton,1967.0,Deceased,4/14/1929,"Faison, NC",Male,University of North Carolina,,,2,315,0.0,0.0,"STS-8 (Challenger), STS-51-B (Challenger)",2021-01-11,,USA,United States
Pierre J. Thuot,1985.0,Retired,5/19/1955,"Groton, CT",Male,US Naval Academy; University of Southern California,Commander,US Navy,3,654,3.0,17.0,"STS-36 (Atlantis), STS-49 (Endeavor), STS-62 (Columbia)",,,USA,United States
Scott D. Tingle,2009.0,Active,7/19/1965,"Attleboro, MA",Male,Southeastern Massachusetts University; Purdue University,Commander,US Navy,1,0,0.0,0.0,Soyuz MS-07,,,USA,United States
Richard H. Truly,1969.0,Deceased,11/12/1937,"Fayette, MS",Male,Georgia Institute of Technology,Vice Admiral,US Navy (Retired),2,199,0.0,0.0,"STS-2 (Columbia), STS-8 (Challenger)",2024-02-27,,USA,United States
Lodewijk van den Berg,,Deceased,3/24/1932,"Sluiskil, Netherlands",Male,Delft University of Technology; University of Delaware,,,1,168,0.0,0.0,STS-51-B (Challenger),2022-10-16,,USA,United States
James D.A. van Hoften,1978.0,Retired,6/11/1944,"Fresno, CA",Male,University of California-Berkeley; Colorado State University,,,2,338,4.0,22.0,"STS-41-C (Challenger), STS-51-I (Discovery)",,,USA,United States
Mark T. Vande Hei,2009.0,Active,11/10/1966,"Falls Church, VA",Male,Saint John’s University; Stanford University,Colonel,US Army,2,12561,0.0,0.0,"Soyuz MS-06, Soyuz MS-18",,,USA,United States
Charles L. Veach,1984.0,Deceased,9/18/1944,"Chicago, IL",Male,US Air Force Academy,,,2,436,0.0,0.0,"STS-39 (Discovery), STS-52 (Columbia)",10/3/1995,,USA,United States
Terry W. Virts,2000.0,Active,12/1/1967,"Baltimore, MD",Male,US Air Force Academy; Embry-Riddle Aeronautical University,Colonel,US Air Force,2,5122,3.0,18.0,"STS-130 (Endeavor), Soyuz TMA-15M",,,USA,United States
James S. Voss,1987.0,Retired,3/3/1949,"Cordova, AL",Male,Auburn University; University of Colorado,Colonel,US Army (Retired),5,4853,4.0,22.0,"STS-44 (Atlantis), STS-53 (Discovery), STS-69 (Endeavor), STS-101 (Atlantis), STS-102 (Discovery)",,,USA,United States
Janice E. Voss,1990.0,Deceased,10/8/1956,"South Bend, IN",Female,Purdue University; MIT,,,5,1179,0.0,0.0,"STS-57 (Endeavor), STS-63 (Discovery), STS-83 (Columbia), STS-94 (Columbia), STS-99 (Endeavor)",2/6/2012,,USA,United States
Rex J. Walheim,1996.0,Active,10/10/1962,"Redwood, CA",Male,University of California-Berkeley; University of Houston,Colonel,US Air Force (Retired),3,872,5.0,36.0,"STS-110 (Atlantis), STS-122 (Atlantis), STS-135 (Atlantis)",,,USA,United States
Charles D. Walker,,Retired,8/29/1948,"Bedford, IN",Male,Purdue University,,,3,477,0.0,0.0,"STS-41-D (Discovery), STS-51-D (Discovery), STS-61-B (Atlantis)",,,USA,United States
David M. Walker,1978.0,Deceased,5/20/1944,"Columbus, GA",Male,US Naval Academy,Captain,US Navy (Retired),4,724,0.0,0.0,"STS-51-A (Discovery), STS-30 (Atlantis), STS-53 (Discovery), STS-69 (Endeavor)",4/23/2001,,USA,United States
Shannon Walker,2004.0,Active,6/4/1965,"Houston, TX",Female,Rice University,,,1,3919,0.0,0.0,Soyuz TMA-19,,,USA,United States
Carl E. Walz,1990.0,Retired,9/6/1955,"Cleveland, OH",Male,Kent State University; John Carroll University,Colonel,US Air Force,4,5533,3.0,19.0,"STS-51 (Discovery), STS-65 (Columbia), STS-79 (Atlantis), STS-108/111 (Endeavor)",,,USA,United States
Taylor G. Wang,,Retired,6/16/1940,"Jiangxi, China",Male,University of California at Los Angeles,,,1,168,0.0,0.0,STS-51-B (Challenger),,,USA,United States
Mary E. Weber,1992.0,Retired,8/24/1962,"Cleveland, OH",Female,Purdue University; University of California-Berkeley,,,2,450,0.0,0.0,"STS-70 (Discovery), STS-101 (Atlantis)",,,USA,United States
Paul J. Weitz,1966.0,Deceased,6/25/1932,"Erie, PA",Male,Pennsylvania State University; US Naval Postgraduate School,Captain,US Navy (Retired),2,793,1.0,2.0,"Skylab 2, STS-6 (Challenger)",2017-10-22,,USA,United States
James D. Wetherbee,1984.0,Retired,11/27/1952,"Flushing, NY",Male,University of Notre Dame,Captain,US Navy (Retired),6,1594,0.0,0.0,"STS-32 (Columbia), STS-52 (Columbia), STS-63 (Discovery), STS-86 (Atlantis), STS-102 (Discovery), STS-113 (Endeavor)",,,USA,United States
Douglas H. Wheelock,1998.0,Active,5/5/1960,"Binghamton, NY",Male,US Military Academy; Georgia Institute of Technology,Colonel,US Army,2,4281,6.0,43.0,"STS-120 (Discovery), Soyuz TMA-19",,,USA,United States
Edward H. White,1962.0,Deceased,11/14/1930,"San Antonio, TX",Male,US Military Academy; University of Michigan,Lieutenant Colonel,US Air Force,2,97,1.0,0.5,"Gemini 4, Apollo 1",1/27/1967,Apollo 1,USA,United States
Peggy Whitson,1996.0,Active,2/9/1960,"Mt. Ayr, IA",Female,Iowa Wesleyan College; Rice University,,,5,16204,10.0,60.0,"STS-111 (Endeavor), Soyuz TMA-11, Soyuz MS-03, Axiom Mission 2, Axiom Mission 4",,,USA,United States
Terrence W. Wilcutt,1990.0,Management,10/31/1949,"Russellville, KY",Male,Western Kentucky University,,,4,1008,0.0,0.0,"STS-68 (Endeavor), STS-79 (Atlantis), STS-89 (Endeavor), STS-106 (Atlantis)",,,USA,United States
Clifton C. Williams,1963.0,Deceased,9/26/1932,"Mobile, AL",Male,Auburn University,Major,US Marine Corps,1,5785,0.0,0.0,Soyuz MS-28,10/5/1967,,USA,United States
Donald E. Williams,1978.0,Deceased,2/13/1958,"Lafayette, IN",Male,Purdue University,Captain,US Navy (Retired),2,287,0.0,0.0,"STS-51-D (Discovery), STS-34 (Atlantis)",2016-02-23,,USA,United States
Jeffrey Williams,1996.0,Active,1/18/1958,"Superior, WI",Male,US Military Academy; US Naval Postgraduate School; US Naval War College,Colonel,US Army (Retired),4,12818,5.0,32.0,"STS-101 (Atlantis), Soyuz TMA-8, Soyuz TMA-16, Soyuz TMA-20M",,,USA,United States
Sunita L. Williams,1998.0,Active,9/19/1965,"Euclid, OH",Female,US Naval Academy; Florida Institute of Technology,Captain,US Navy,3,14592,7.0,50.0,"STS-116 (Discovery), Soyuz TMA-05M, Boeing Crew Flight Test",,,USA,United States
Barry E. Wilmore,2000.0,Active,12/29/1962,"Murfreesboro, TN",Male,Tennessee Technological University; University of Tennessee,Captain,US Navy,3,11144,4.0,25.0,"STS-129 (Atlantis), Soyuz TMA-14M, Boeing Crew Flight Test",,,USA,United States
Stephanie D. Wilson,1996.0,Active,9/27/1966,"Boston, MA",Female,Harvard University; University of Texas,,,3,1031,0.0,0.0,"STS-121 (Discovery), STS-120 (Discovery), STS-131 (Discovery)",,,USA,United States
Gregory R. Wiseman,2009.0,Active,11/11/1975,"Baltimore, MD",Male,Rensselaer Polytechnic Institute; Johns Hopkins University,Commander,US Navy,1,3968,2.0,13.0,Soyuz TMA-13M,,,USA,United States
Peter J. Wisoff,1990.0,Retired,8/16/1958,"Norfolk, VA",Male,University of Virginia; Stanford University,,,4,1064,3.0,20.0,"STS-57 (Endeavor), STS-68 (Endeavor), STS-81 (Atlantis), STS-92 (Discovery)",,,USA,United States
David A. Wolf,1990.0,Retired,8/23/1956,"Indianapolis, IN",Male,Purdue University; Indiana University,,,3,4044,7.0,41.0,"STS-58 (Columbia). STS-86 (Atlantis), STS-112 (Atlantis), STS-127 (Endeavor)",,,USA,United States
Neil W. Woodward III,1998.0,Retired,7/26/1962,"Chicago, IL",Male,MIT; University of Texas-Austin; George Washington University,Commander,US Navy,0,0,0.0,0.0,,,,USA,United States
Alfred M. Worden,1966.0,Deceased,2/7/1932,"Jackson, MI",Male,US Military Academy; University of Michigan,Colonel,US Air Force (Retired),1,295,1.0,0.5,Apollo 15,2020-03-18,,USA,United States
John W. Young,1962.0,Deceased,9/24/1930,"San Francisco, CA",Male,Georgia Institute of Technology,Captain,US Navy (Retired),6,835,3.0,20.0,"Gemini 3, Gemini 10, Apollo 10, Apollo 16, STS-1 (Columbia), STS-9 (Columbia)",2018-01-05,,USA,United States
George D. Zamka,1998.0,Retired,6/29/1962,"Jersey City, NJ",Male,US Naval Academy; Florida Institute of Technology,Colonel,US Marine Corps (Retired),2,692,0.0,0.0,"STS-120 (Discovery), STS-130 (Endeavor)",,,USA,Colombia / United States
Sergey Avdeyev,1987.0,Retired,1956-01-01,"Chapayevsk, Samara Oblast",Male, Moscow Physics-Engineering Institute,,,3,17942,10.0,42.0,"Soyuz TM-15, Soyuz TM-22, Soyuz TM-28",,,USSR/Russia,Russia / USSR
Victor Afanasyev,1988.0,Retired,1948-12-31,Bryansk,Male,Ordzhonikidze Aviation Institute/Kachynskoye Military Pilot School,Colonel,Russian Air Force,4,13338,7.0,38.0,"Soyuz TM-11, Soyuz TM-18, Soyuz TM-29, Soyuz TM-33",,,USSR/Russia,Russia / USSR
Vladimir Aksyonov,1973.0,Deceased,1935-02-01,"Giblitsy, Kasimovsky District, Ryazan Oblast",Male,Institute of Engineering/Air Force Institute/Polytechnical Institute,Lieutenant colonel,Russian Air Force,2,284,,,"Soyuz 22, Soyuz T-2",2024-04-09,,USSR/Russia,Russia
Alexander Alexanderov,1978.0,Retired,1943-02-20,"Moscow, Russia",Male,Bauman Moscow State Technical University,,,2,7434,,,"Soyuz T-9, Soyuz TM-3",,,USSR/Russia,USSR / Russia
Anatoly Artsebarsky,1985.0,Retired,1956-09-09,"Prosyana, Ukrainian SSR, Soviet Union",Male,Kharkov Higher Military Aviation School of Pilots/The Russian Presidential Academy of National Economy and Public Administration,Сolonel,Russian Air Force,1,3471,6.0,33.0,Soyuz TM-12,,,USSR/Russia,Russia / USSR
Yury Artyukhin,1963.0,Deceased,1930-06-22,"Pershutino, Moscow Oblast, Russia",Male,Air Force Institute,Colonel,Russian Air Force,1,137,,,Soyuz 14,4/08/ 1998,,USSR/Russia,USSR
Oleg Atkov,1983.0,Retired,1949-05-09,"Khvorostyanka, USSR",Male,Russian Academy of Medical Science/Myasnikov Institute of Clinical Cardiology,,,1,5686,,,Soyuz T-10,,,USSR/Russia,Russia / USSR
Toktar Aubakirov,1991.0,Retired,1946-07-27,"Karaganda, Kazakh SSR, Soviet Union",Male,the Armavir Military Aviation Institute of the Anti-Air Defence Pilots,Major General,Russian Air Force,1,190,,,Soyuz TM-13,,,USSR/Russia,Kazakhstan / USSR
Oleg Artemyev,2003.0,Retired,1970-12-28,"Riga,Latvia",Male,Bauman Moscow State Technical University / the Russian Presidential Academy of National Economy and Public Administration,,,3,13458,2.0,12.0,"Soyuz ТМА-12М, Soyuz MS-08, Soyuz MS-21",,,USSR/Russia,Russia
Alexander Balandin,1978.0,Retired,1953-07-30,"Fryazino, Moscow Oblast",Male,Bauman Moscow State Technical University,,,1,4297,2.0,10.0,Soyuz TM-9,,,USSR/Russia,Russia / USSR
Yury Baturin,1997.0,Retired,1949-06-12," Moscow, Soviet Union",Male, Moscow Institute of Physics and Technology/ Moscow state university,,,2,473,,,"Soyuz TM-28, Soyuz TM-32",,,USSR/Russia,Russia / USSR
Pavel Belyayev,1960.0,Deceased,26/06/ 1925,"Chelishchevo,Northern Dvina ",Male,,Colonel,Russian Air Force,1,26,,,Voskhod 2,1970-01-10,,USSR/Russia,USSR
Georgy Beregovoy,1962.0,Deceased,1921-04-05,"Fedorivka, Poltava Oblast, Soviet Union",Male,Air Force Academy,Lieutenant General,Russian Air Force,1,94,,,Soyuz 3,1995-06-30,,USSR/Russia,Russia / USSR
Anatoly Berezovoy,1970.0,Deceased,11/04/ 1942," Enem, Adyghe Autonomous Oblast,",Male,Kachin Higher Military Aviation School of Pilots,Colonel,Russian Air Force,1,5073,1.0,2.0,Soyuz T-5,2014-09-20,,USSR/Russia,Russia / USSR
Andrey Borisenko,2003.0,Retired,1964-04-17,"Leningrad, Russia",Male,Leningrad Military Mechanical Institute,,,2,8097,,,"Soyuz TMA-21, Soyuz MS-02",,,USSR/Russia,Russia
Nikolay Budarin,1989.0,Retired,1953-04-29,"Kirya, Chuvashia",Male, Moscow Aviation Institute,Hero of the Russian Federation,,3,10657,8.0,44.0,"STS-71 (Atlantis), Soyuz TM-27, STS-113 (Endeavor)",,,USSR/Russia,Russia
Valery Bykovsky,1960.0,Deceased,1934-08-02,"Pavlovsky Posad, Soviet Union",Male,,Major General,Russian Air Force,3,497,,,"Vostok 5, Soyuz 22, Soyuz 31",2019-03-27,,USSR/Russia,Russia / USSR
Vladimir Vasyutin,1978.0,Deceased,1952-03-08,"Kharkiv, Ukrainian SSR",Male,,Lieutenant General,Russian Air Force,1,1557,,,Soyuz T-14,2002-07-19,,USSR/Russia,USSR
Alexander Victorenko,1978.0,Retired,1947-03-29,"Olginka, Kazakh SSR",Male,,,,4,13294,6.0,19.0,"Soyuz TM-3, Soyuz TM-8, Soyuz TM-14, Soyuz TM-20",,,USSR/Russia,USSR / Russia
Pavel Vinogradov,1953.0,Retired,1953-08-31,"Magadan, USSR",Male,Moscow Aviation Institute,Test Cosmonaut,Russian Air Force,3,13126,7.0,38.0,"Soyuz TM-26, Soyuz TMA-8, Soyuz TMA-08M",,,USSR/Russia,Russia
Igor Volk,1956.0,Retired,1937-04-12,"Zmiiv, Kharkiv Oblast",Male,Kirovohrad Military Aviation School of Pilots,Colonel,Russian Air Force,1,283,,,Soyuz T-12,2017-01-03,,USSR/Russia,Russia
Alexander Volkov,1978.0,Retired,1948-05-27,"Horlivka, Ukrainian SSR",Male,Kharkov Higher Military Aviation School of Pilots,Colonel,Russian Air Force,3,9395,2.0,10.0,"Soyuz T-14, Soyuz TM-7, Soyuz TM-13",,,USSR/Russia,Russia / USSR / Ukraine
Sergey Volkov,1997.0,Retired,1973-04-01," Chuhuiv, Ukrainian SSR",Male,Tambov Higher Military Aviation School for pilots named after MM Raskova,Colonel,Russian Air Force,3,13150,4.0,23.0,"Soyuz TMA-12, Soyuz TMA-02M, Soyuz TMA-18M",,,USSR/Russia,Russia
Vladislav Volkov,1966.0,Deceased,23/11/ 1935,"Moscow, Soviet Union",Male, Moscow Aviation Institute,Second lieutenant,Russian Air Force,2,689,,,"Soyuz 7, Soyuz 11",1971-06-30,Soyuz 11,USSR/Russia,USSR
Boris Volynov,1960.0,Retired,1934-12-18,"Irkutsk, Russian SFSR",Male, Zhukovsky Air Force Engineering Academy,Colonel,Russian Air Force,2,1255,,,"Soyuz 5, Soyuz 21",,,USSR/Russia,Russia
Yury Gagarin,1959.0,Deceased,1934-03-09,"Klushino, Russian SFSR",Male,Chkalov Air Force Pilot's School in Orenburg,Colonel,Russian Air Force,1,1,,,Vostok 1,1968-03-27,,USSR/Russia,USSR
Yury Gidzenko,1987.0,Retired,1962-03-26,"Elanets, Mykolaiv Oblast, Ukraine",Male, The Higher Military Pilot School/ Moscow State University of Geodesy and Cartography,,,3,7918,2.0,3.0,"Soyuz TM-22, Soyuz TM-31, Soyuz TM-34",,,USSR/Russia,USSR / Russia
Yury Glazkov,1965.0,Deceased,1939-10-02,"Moscow, USSR",Male,Kharkov Military Engineering High Schoo,Major General,Russian Air Force,1,425,,,Soyuz 24,2008-12-09,,USSR/Russia,Russia / USSR
Victor Gorbatko,1960.0,Deceased,1934-12-03,"Ventsy-Zarya, Krasnodarskii Krai",Male, Zhukovsky Air Force Engineering Academy,Major General,Russian Air Force,3,732,,,"Soyuz 7, Soyuz 24, Soyuz 37",2017-05-17,,USSR/Russia,Russia / USSR
Georgy Grechko,1966.0,Deceased,1931-05-25,"Moscow, Russia",Male, Leningrad Institute of Mechanics,,,3,3236,1.0,1.0,"Soyuz 17, Soyuz 26, Soyuz T-14",2017-04-08,,USSR/Russia,Russia / USSR
Alexey Gubarev,1963.0,Deceased,1931-03-29,"Gvardeitsi, Samara Oblast, USSR",Male, Soviet Naval Aviation School,Major General,Russian Naval Air Force,3,899,,,"Soyuz 17, Soyuz 28",2015-02-21,,USSR/Russia,Russia / USSR
Vladimir Dezhurov,1987.0,Retired,1962-07-30,"Yavas, Mordovia, Soviet Union",Male,S.I. Gritsevits Kharkov Higher Military Aviation School,Lieutenant Colonel,Russian Air Force,2,5861,9.0,37.0,"Soyuz TM-21, STS-105 (Discovery)",,,USSR/Russia,Russia
Georgy Dobrovolsky,1963.0,Deceased,1928-06-01,"Odessa, Ukrainian SSR, Soviet Union",Male,The Air Force Academy named after Yu. A. Gagarin,Lieutenant colonel,Russian Air Force,1,570,,,Soyuz 11,1971-06-30,,USSR/Russia,USSR
Lev Demin,1963.0,Deceased,1926-01-11,"Moscow, Russia",Male,Soviet Air Force Engineering Academy,Colonel,Russian Air Force,1,48,,,Soyuz 15,1998-12-18,,USSR/Russia,USSR / Russia
Vladimir Dzhanibekov,1970.0,Retired,1942-05-13,"Skandar, Tashkent Region, Uzbek SSR, Soviet Union",Male,Leningrad University,Major General,Russian Air Force,5,3495,2.0,9.0,"Soyuz 27, Soyuz 39, Soyuz T-6, Soyuz T-12, Soyuz T-13",,,USSR/Russia,Russia / USSR
Alexey Yeliseyev,1966.0,Retired,1934-07-13,"Zhizdra, Kaluga region",Male,Bauman Moscow State Technical University,,,3,216,,,"Soyuz 5, Soyuz 8, Soyuz 10",,,USSR/Russia,Russia / USSR
Boris Egorov,1964.0,Deceased,1937-11-26,"Moscow, Russia",Male,I. M. Sechenov Institute of Evolutionary Physiology and Biochemistry,,,1,24,,,Voskhod 1,1994-09-12,,USSR/Russia,USSR / Russia
Vitaly Zholobov,1963.0,Retired,1937-06-18,"Zburjevka, Ukrainian SSR, Soviet Union",Male,Azerbaijan Institute of Petroleum and Chemistry/,Colonel,Russian Air Force,1,1182,,,Soyuz 21,,,USSR/Russia,USSR / Ukraine
Sergey Zalyotin,1990.0,Retired,1962-04-21,"Shchyokino, Russia",Male,Borisoglebsk Higher Military School,Colonel,Russian Air Force,2,2008,,,"Soyuz TM-30, Soyuz TMA-1",,,USSR/Russia,Russia
Vyacheslav Zudov,1965.0,Deceased,1942-01-08,"Bor, Russia",Male,Balashov Higher Military Aviation School of Pilots,Colonel,Russian Air Force,1,48,,,Soyuz 23,2024-06-12,,USSR/Russia,Russia
Anatoly Ivanishin,2003.0,Retired,1969-01-15,"Irkutsk, Russian SFSR",Male,Chernigov High Aviation School / Irkutsk Polytechnic Institute/Moscow State University in Economics,Сolonel,Russian Air Force,3,11429,,,"Soyuz TMA-22, Soyuz MS-01, Soyuz MS-16",,,USSR/Russia,Russia
Alexander Ivanchenkov,1973.0,Retired,1940-09-28,"Ivanteyevka, USSR",Male,Moscow Aviation Institute,,,2,3528,,,"Soyuz 29/31, Soyuz-T-6",,,USSR/Russia,USSR
Alexander Kaleri,1984.0,Retired,1956-05-13,"Jūrmala, Latvian SSR, Soviet Union",Male,Moscow Institute of Physics and Technology,,,5,18456,5.0,23.0,"Soyuz TM-14, Soyuz TM-24, Soyuz TM-30, Soyuz TMA-3, Soyuz TMA-01M",,,USSR/Russia,Russia / USSR
Leonid Kizim,1965.0,Deceased,1941-08-05,"Lyman, Ukraine",Male,Chernigov High Aviation School,Colonel General,Russian Air Force,3,8976,,,"Soyuz T-3, Soyuz T-10, Soyuz T-15",2010-06-14,,USSR/Russia,Russia / Ukrainian Soviet Socialist Republic
Pyotr Klimuk,1964.0,Retired,1942-07-10,"Kamaroŭka, USSR",Male,Chernigov High Aviation School,Colonel General,Russian Air Force,3,1890,,,"Soyuz 13, Soyuz 18, Soyuz 30",,,USSR/Russia,Byelorussian Soviet Socialist Republic / Russia / USSR
Vladimir Kovalyonok,1967.0,Retired,1942-03-03,"Beloye, Minsk Oblast,

Byelorussian SSR",Male,Balashov Higher Military Aviation School of Pilots,Colonel General,Russian Air Force,3,5193,,,"Soyuz 25, Soyuz 29, Soyuz T-4",,,USSR/Russia,Russia / USSR
Konstantin Kozeyev,1996.0,Retired,1967-12-01,"Korolyov, Russia",Male,Moscow Aviation Technology Institute,,,1,236,,,Soyuz TM-33,,,USSR/Russia,Russia / USSR
Vladimir Komarov,1961.0,Deceased,1927-03-16,"Moscow, Russia",Male,Krasnodar Higher Military Aviation School of Pilots,Сolonel,Russian Air Force,2,51,,,"Voskhod 1, Soyuz 1",1967-04-24,,USSR/Russia,USSR
Yelena Kondakova,1989.0,Retired,1957-03-30,"Mytishchi, Russia",Female,,,,1,4272,,,"Soyuz TM-20, STS-84 (Atlantis)",,,USSR/Russia,Russia / USSR
Dmitri Kondratyev,1997.0,Retired,1969-05-25,"Irkutsk, Russian SFSR",Male, Moscow State University for Economy/Yury A. Gagarin Air Force Academy,Сolonel,Russian Air Force,1,3823,2.0,10.0,Soyuz TMA-20,,,USSR/Russia,Russia
Oleg Kononenko,1996.0,Active,1964-06-21,"Chardzhou, Turkmen SSR",Male,N. E. Zhukovskiy Aviation Institute,,,4,26655,3.0,18.0,"Soyuz TMA-12, Soyuz TMA-03M, Soyuz TMA-17M, Soyuz MS-11",,,USSR/Russia,Russia / Turkmenistan
Valery Korzun,1992.0,Retired,1953-03-05,"Krasny Sulin, Rostov Oblast",Male,Kachinsk higher military aviation pilot school/Gagarin Military Aviation Academy,Major General,Russian Air Force,2,9159,4.0,22.0,"Soyuz TM-24, STS-111 (Endeavor)",,,USSR/Russia,Russia
Mikhail Korniyenko,1998.0,Retired,1960-04-05,"Syzran, Kuibyshev (Samara) Region, Russia",Male,Moscow Aviation Institute,,,2,12394,2.0,12.0,"Soyuz TMA-18, Soyuz TMA-16M",,,USSR/Russia,Russia
Oleg Kotov,1996.0,Retired,1965-10-27,"Simferopol, Ukrainian SSR, Soviet Union",Male,Kirov Military Medical Academy,Lieutenant Colonel,Russian Air Force,3,12629,6.0,37.0,"Soyuz TMA-10, Soyuz TMA-17, Soyuz TMA-10M",,,USSR/Russia,Russia
Sergey Krikalev,1985.0,Retired,1958-08-27,"Leningrad, Soviet Union",Male,Baltic State Technical University,Major,Russian Air Force,6,19281,8.0,41.0,"Soyuz TM-7, Soyuz TM-12, STS-60, STS-88 (Endeavor), Soyuz TM-31, Soyuz TMA-6",,,USSR/Russia,Russia / USSR
Valery Kubasov,1966.0,Deceased,1935-01-07,"Vyazniki, Ivanovo Industrial Oblast, RSFSR, USSR",Male,Moscow Aviation Institute,,,3,449,,,"Soyuz 6, Soyuz 19, Soyuz 36",2014-02-19,,USSR/Russia,Russia / USSR
Alexander Laveykin,1978.0,Retired,1951-04-21,"Moscow, Soviet Union",Male,Bauman Moscow State Technical University,,,1,4179,3.0,8.0,Soyuz TM-2,,,USSR/Russia,USSR
Vasily Lazarev,1964.0,Deceased,1928-02-23,"Poroshino, Altai Krai, Soviet Union",Male,Saratov Medical Institute,Colonel,Russian Air Force,2,2,,,"Soyuz 12, Soyuz 18a",1990-12-31,,USSR/Russia,USSR
Alexander Lazutkin,1992.0,Retired,1957-10-30,"Moscow, Russia",Male,Moscow Aviation Institute,Lieutenant,Russian Air Force,1,4438,,,	Soyuz TM-25,,,USSR/Russia,Russia / USSR
Valentin Lebedev,1965.0,Retired,1942-04-14,"Moscow, Russia",Male,Moscow Aviation Institute,,,2,5261,,,"Soyuz 13, Soyuz T-5",,,USSR/Russia,Russia / USSR
Anatoly Levchenko,1988.0,Deceased,1941-05-05,"Krasnokutsk, Ukrainian SSR, Soviet Union",Male,Chernigov High Aviation School,Captain,Russian Air Force,1,192,,,Soyuz TM-4,1988-08-06,,USSR/Russia,USSR
Alexey Leonov,1960.0,Deceased,1934-05-30,"Listvyanka, West Siberian Krai, Russian SFSR, Soviet Union",Male,Chuguev Military Aviation School of Pilots,Major General,Russian Air Force,2,168,1.0,0.5,"Voskhod 2, Soyuz 19",2019-10-11,,USSR/Russia,Russia / USSR
Yury Lonchakov,1997.0,Retired,1965-03-04,"Balqash, Kazakh SSR",Male,Orenburg Air Force Pilot School/Zhukovski Air Force Academy,Colonel,Russian Air Force,3,4818,2.0,10.0,"STS-100, Soyuz TMA-1/TM-34, Soyuz TMA-13 (Expedition 18)",,,USSR/Russia,Russia
Vladimir Lyakhov,1985.0,Deceased,1941-07-20,"Antratsyt, Luhansk Oblast, Ukrainian SSR, USSR",Male,The Air Force Academy named after Yu. A. Gagarin,Lieutenant General,Russian Air Force,3,8000,,,"Soyuz 32, Soyuz T-9, Soyuz TM-6",2018-04-19,,USSR/Russia,USSR
Oleg Makarov,1966.0,Deceased,1933-01-06,"Udomlya, Russia",Male,Bauman Moscow Higher Technical School,,,4,497,,,"Soyuz 12, Soyuz 18a, Soyuz 27, Soyuz T-3",2003-05-28,,USSR/Russia,Russia / USSR
Yury Malenchenko,1987.0,Retired,1961-12-22,"Svitlovodsk, Ukraine",Male,Kharkov Higher Military Aviation School of Pilots named. S.I. Gritsevets,Colonel,Russian Air Force,6,19857,6.0,35.0,"Soyuz TM-19, STS-106 (Atlantis), Soyuz TMA-2, Soyuz TMA-11, Soyuz TMA-05M, Soyuz TMA-19M",,,USSR/Russia,Russia / USSR
Yury Malyshev,1967.0,Retired,1941-08-27,"Nikolayevsk, Volgograd Oblast, USSR",Male,Kharkov Higher Military Aviation School of Pilots,Colonel,Russian Air Force,2,288,,,"Soyuz T-2, Soyuz T-11",1999-11-08,,USSR/Russia,USSR
Gennady Manakov,1985.0,Deceased,1950-06-01,"Yefimovka, Russia",Male,Kuibyshev Aviation Institute,Colonel,Russian Air Force,2,7437,,,"Soyuz TM-10, Soyuz TM-16",2019-09-26,,USSR/Russia,Russia / USSR
Musa Manarov,1978.0,Retired,1951-03-22,"Baku, Azerbaijan SSR",Male,Moscow Aviation Institute,Colonel,Russian Air Force,2,12984,,,"Soyuz TM-4, Soyuz TM-11",,,USSR/Russia,Russia / USSR
Alexander Misurkin,2006.0,Retired,1977-09-23,"Yershichi, Smolensk Oblast, Russia",Male,Armavir Military Aviation Institute,Major,Russian Air Force,3,8311,3.0,20.0,"Soyuz TMA-08M, Soyuz MS-06, Soyuz MS-20",,,USSR/Russia,Russia
Boris Morukov,1989.0,Deceased,1950-10-01,"Moscow, Russia",Male,Sechenov University,,,1,283,,,STS-106 (Atlantis),2015-01-01,,USSR/Russia,Russia / USSR
Talgat Musabayev,1990.0,Deceased,1951-01-07,"Kargaly, Kazakhstan ",Male,Engineering Institute of Civil Aviation in Riga,Major General,Russian Air Force,3,8194,7.0,41.0,"Soyuz TM-19, Soyuz TM-27, Soyuz TM-32",2025-08-03,,USSR/Russia,Kazakhstan / Russia / USSR
Andriyan Nikolayev,1960.0,Deceased,1929-09-05,"Shorshely, Russian SFSR, Soviet Union",Male,Chernigov High Aviation School,Major General,Russian Air Force,2,519,,,"Vostok 3, Soyuz 9",2004-07-03,,USSR/Russia,Russia / USSR
Oleg Novitskiy,2006.0,Retired,1971-10-12,"Cherven, Minsk Voblast, Belarus",Male,Kachinskoye Military Pilot School named after A. Myasnikov/ Yury Gagarin Air Force Academy,Lieutenant Colonel,Russian Air Force,3,13082,,,"Soyuz TMA-06M, Soyuz MS-03, Soyuz MS-18",,,USSR/Russia,Russia / USSR
Alexey Ovchinin,2006.0,Active,1971-09-28,"Rybinsk, Yaroslavl Oblast, Russian SFSR",Male,Yeysk Military Aviation College,Lieutenant Colonel,Russian Air Force,4,14284,,,"Soyuz TMA-20M, Soyuz MS-10, Soyuz MS-12, Soyuz MS-26",,,USSR/Russia,Russia
Yury Onufriyenko,1989.0,Retired,1961-02-06,"Ryasne, Ukraine, Soviet Union",Male,Yeysk Military Aviation College/ Moscow State University,Colonel,Russian Air Force,2,9351,8.0,43.0,"Soyuz TM-23, STS-108 (Endeavor)",,,USSR/Russia,Russia / Ukraine
Gennady Padalka,1989.0,Retired,1958-06-21,"Krasnodar, Russia",Male,Yeysk Military Aviation College,Colonel,Russian Air Force,5,21083,10.0,39.0,"Soyuz TM-28, Soyuz TMA-4, Soyuz TMA-14, Soyuz TMA-04M, Soyuz TMA-16M",,,USSR/Russia,Russia / USSR
Victor Patsayev,1968.0,Deceased,1933-06-19,"Aktyubinsk, Kazakh SSR, Soviet Union",Male,Penza Industrial Institute,,,1,570,,,Soyuz 11,1971-06-30,Soyuz 11,USSR/Russia,USSR
Alexander Poleshchuk,1989.0,Retired,1953-10-30,"Cheremkhovo, Russia",Male,Moscow Aviation Institute,Captain,Russian Air Force,1,4297,2.0,10.0,Soyuz TM-16,,,USSR/Russia,Russia / USSR
Valery Polyakov,1972.0,Deceased,1942-04-27,"Tula, Tula Oblast, Russia",Male,Sechenov University,Lieutenant Colonel,Russian Air Force,2,16288,,,"Soyuz TM-6,Soyuz TM-18",2022-09-07,,USSR/Russia,Russia
Leonid Popov,1970.0,Retired,1945-08-31,"Oleksandriia, Ukraine",Male,Chernigov High Aviation School,Major General,Russian Air Force,3,4815,,,"Soyuz 35, Soyuz 40, Soyuz T-7",,,USSR/Russia,Russia / USSR / Ukraine
Pavel Popovich,1960.0,Retired,1930-10-05,"Uzyn, Ukraine)",Male,Air Force Engineering Academy named after Zhukovsky,Major General,Russian Air Force,2,448,,,"Vostok 4, Soyuz 14",2009-09-29,,USSR/Russia,Russia / USSR / Ukraine
Sergey Revin,1996.0,Retired,1966-12-12,"Moscow, Russia",Male,Moscow Institute of Electronic Technology,Lieutenant Colonel,Russian Air Force,1,3000,,,Soyuz TMA-04M,,,USSR/Russia,Russia
Valery Rozhdestvensky,1965.0,Deceased,1939-02-13,"St.Petersburg, Russia",Male,Higher Military Engineering School,,,1,48,,,Soyuz 23,2011-08-31,,USSR/Russia,USSR
Roman Romanenko,1997.0,Retired,1971-08-09,"Shchyolkovo, Russia",Male,Chernigov High Air Force School,Major,Russian Air Force,2,8003,1.0,7.0,"Soyuz TMA-15, Soyuz TMA-07M",,,USSR/Russia,Russia / USSR
Yury Romanenko,1970.0,Retired,1944-08-01,"Orenburg, Russia",Male,Chernigov High Air Force School,Colonel,Russian Air Force,3,10338,4.0,10.0,"Soyuz 26, Soyuz 38, Soyuz TM-2",,,USSR/Russia,Russia / USSR
Nikolay Rukavishnikov,1967.0,Deceased,1932-09-18,"Tomsk, Russia",Male,Moscow Engineering and Physics Institute,,,3,237,,,"Soyuz 10, Soyuz 16, Soyuz 33",2002-10-19,,USSR/Russia,Russia / USSR
Sergey Ryzhikov,2006.0,Active,1974-08-19,"Bugulma, Tatarstan",Male,Orenburg Higher Military Aviation Red Banner School of Pilots named after I.S. Polbina,Lieutenant Colonel,Russian Air Force,3,14474,,,"Soyuz MS-02, Soyuz MS-17, Soyuz MS-27",,,USSR/Russia,Russia
Valery Ryumin,1973.0,Deceased,1939-08-16,"Komsomolsk-on-Amur, Russia",Male, Moscow Forestry Engineering Institute,Lieutenant Colonel,Russian Air Force,4,9292,1.0,1.0,"Soyuz 25, Soyuz 32, Soyuz 35, STS-91 (Discovery)",2022-06-06,,USSR/Russia,Russia
Sergey Ryazansky,2003.0,Retired,1974-11-13,"Moscow, Russia",Male, Moscow State University,,,2,7318,4.0,28.0,"Soyuz TMA-10M, Soyuz MS-05",,,USSR/Russia,Russia / USSR
Victor Savinykh,1978.0,Retired,1940-03-07,"Berezkiny, Kirov Oblast, Russia",Male,"Moscow Institute of Engineers in Geodesy, Aerophotography and Cartography",,,3,6066,,,"Soyuz T-4, Soyuz T-13, Soyuz TM-5",,,USSR/Russia,Russia / USSR
Svetlana Savitskaya,1980.0,Retired,1948-08-08,"Moscow, Russia",Female,Moscow Aviation Institute,,,2,473,1.0,4.0,"Soyuz T-7, Soyuz T-12",,,USSR/Russia,Russia / USSR
Alexander Samokutyayev,2003.0,Deceased,1970-03-13,"Penza, Russia",Male,Penza politechnical institute/Chernigov High Air Force School,Colonel,Russian Air Force,2,7955,2.0,10.0,"Soyuz TMA-21, Soyuz TMA-14M",2026-06-17,,USSR/Russia,Russia
Gennady Sarafanov,1965.0,Deceased,1942-01-01,"Sinenkie, Saratov Oblast, Russia",Male, Soviet Air Force academy,Colonel,Russian Air Force,1,48,,,Soyuz 15,2005-09-29,,USSR/Russia,USSR
Vitaly Sevastyanov,1968.0,Deceased,1935-07-08,"Krasnouralsk,Russia",Male,Moscow Aviation Institute,Colonel,Russian Air Force,2,1936,,,"Soyuz 9, Soyuz 18",2010-04-05,,USSR/Russia,Russia / USSR
Alexander Serebrov,1978.0,Deceased,1944-02-15,"Moscow, Russia",Male,Moscow Institute of Physics and Technology,,,4,8951,10.0,32.0,"Soyuz T-7, Soyuz T-8, Soyuz TM-8, Soyuz TM-17",2013-11-12,,USSR/Russia,Russia / USSR
Yelena Serova,2006.0,Active,1976-04-22,"Vozdvizhenka, Primorsky Krai, Russia",Female, Moscow Aviation Institute,,,1,4008,,,Soyuz TMA-14M,,,USSR/Russia,Russia / USSR
Alexander Skvortsov,1997.0,Retired,1966-05-06,"Schelkovo, Moscow Oblast, Russia",Male,Stavropol Air Force Pilot and Navigator School,Colonel,Russian Air Force,3,8286,2.0,13.0,"Soyuz TMA-18, Soyuz TMA-12M, Soyuz MS-13",,,USSR/Russia,Russia / USSR
Oleg Skripochka,1997.0,Retired,1969-12-24,"Nevinnomyssk, Stavropol Krai, Russia",Male,Bauman Moscow State Technical University,,,3,12868,3.0,17.0,"Soyuz TMA-01M, Soyuz TMA-20M, Soyuz MS-15",,,USSR/Russia,Russia / USSR
Anatoly Solovyev,1976.0,Retired,1948-01-16,"Riga, Latvia",Male,Chernigov High Air Force School,Colonel,Russian Air Force,5,15624,16.0,82.0,"Soyuz TM-5, Soyuz TM-9, Soyuz TM-15, STS-71 (Atlantis), Soyuz TM-26",,,USSR/Russia,Russia / USSR
Vladimir Solovyov,1978.0,Retired,1946-11-11,"Moscow, Russia",Male,Bauman Moscow State Technical University,,,2,8687,8.0,31.0,"Soyuz T-10, Soyuz T-15",,,USSR/Russia,Russia / USSR
Gennady Strekalov,1973.0,Deceased,1940-10-26,"Mytishchi, Russia",Male,Bauman Moscow State Technical University,,,5,6454,3.0,13.0,"Soyuz T-3, Soyuz T-8, Soyuz T-10-1, Soyuz T-11, Soyuz TM-10, Soyuz TM-21",2004-12-25,,USSR/Russia,Russia / USSR
Maksim Surayev,1997.0,Retired,1972-05-24,"Chelyabinsk, Russia",Male,Kacha Air Force Pilot School/Russian Academy of Civil Service,Colonel,Russian Air Force,2,8028,2.0,9.0,"Soyuz TMA-16, Soyuz TMA-13M",,,USSR/Russia,Russia / USSR
Evgeny Tarelkin,2003.0,Retired,1974-12-29,"Chita Oblast, Russia",Male,Yeysk Air Force School/Gagarin Air Force Academy,Capitan,Russian Air Force,1,3448,,,Soyuz TMA-06M,,,USSR/Russia,Russia
Valentina Tereshkova,1962.0,Retired,1937-03-06,"Bolshoye Maslennikovo, Yaroslavl Oblast, Russia",Female,Yaroslavl technical college of light industry,Major General,Russian Air Force,1,72,,,Vostok 6,,,USSR/Russia,Russia / USSR
Gherman Titov,1960.0,Deceased,1935-09-11,"Verkhneye Zhilino, West Siberian Krai, Russia",Male,Stalingrad Military Aviation School,General Colonel,Russian Air Force,1,25,,,Vostok 2,2000-09-20,,USSR/Russia,Russia / USSR
Vladimir Titov,1976.0,Retired,1947-01-01,"Sretensk, Chita Oblast, Russia",Male,Gagarin Air Force Academy,Colonel,Russian Air Force,4,9072,4.0,19.0,"Soyuz T-8, Soyuz T-10-1, Soyuz TM-4, STS-86 (Atlantis)",,,USSR/Russia,Russia / USSR
Valery Tokarev,1989.0,Retired,1952-10-29,"Kapustin Yar, Astrakhan Oblast, Russia",Male, Stavropol Higher Military Aviation School for Pilots and Navigators,Colonel,Russian Air Force,2,4791,2.0,11.0,"STS-96 (Discovery), Soyuz TMA-7",,,USSR/Russia,Russia
Sergey Treshchev,1992.0,Retired,1958-08-18,"Krasnuy Kustar, Lipetsk Oblast, Russia",Male,Moscow Power Institute,,,1,4438,1.0,5.0,STS-111 (Endeavor),,,USSR/Russia,USSR / Russia
Mikhail TYuryn,1994.0,Retired,1960-03-02,"Kolomna, Russia",Male,Moscow Aviation Institute,,,3,12771,4.0,17.0,"STS-105 (Discovery), Soyuz TMA-9, Soyuz TMA-11M",,,USSR/Russia,USSR / Russia
Yury Usachyev,1989.0,Retired,1957-10-09,"Donetsk, Rostov Oblast, Russia",Male,Moscow Aviation Institute,Lieutenant,Russian Air Force,4,13270,7.0,29.0,"Soyuz TM-18, Soyuz TM-23, STS-101 (Atlantis), STS-102 (Discovery)",,,USSR/Russia,USSR / Russia
Konstantin Feoktistov,1964.0,Deceased,1926-02-07,"Voronezh, Russia",Male,Bauman Moscow State Technical University,,,1,24,,,Voskhod 1,2009-11-21,,USSR/Russia,Russia / USSR
Anatoly Filipchenko,1963.0,Deceased,1928-02-26,"Davydovka, Russia",Male,Chuguev Military Aviation School of Pilots,Major General,Russian Air Force,2,261,,,Soyuz 7 Soyuz 16,2022-08-07,,USSR/Russia,Russia / USSR
Yevgeny Khrunov,1960.0,Deceased,1933-09-10,"Tula, Russia",Male,Serov Higher Air Force School,Colonel,Russian Air Force,1,48,,,Soyuz 5,2000-05-20,,USSR/Russia,USSR
Vasily Tsiblyev,1987.0,Retired,1954-02-20,"Orekhovka, Crimea, Ukraine",Male,Kharkov Higher Military Aviation School of Pilots,Lieutenant General,Russian Air Force,2,9160,,,"Soyuz TM-17, Soyuz TM-25",,,USSR/Russia,USSR / Russia
Yury Shargin,1996.0,Retired,1960-03-20,"Engels, Russia",Male,Military Engineering Academy for Aeronautics and Astronautics,Lieutenant Colonel,Russian Air Force,1,237,,,Soyuz TMA-5,,,USSR/Russia,Russia
Salizhan Sharipov,1990.0,Retired,1964-08-24,"Uzgen, Osh oblast, Kyrgyztan",Male,Moscow State University,Colonel,Russian Air Force,2,4839,2.0,11.0,"STS-89 (Endeavor), Soyuz TMA-5",,,USSR/Russia,Russia / USSR
Vladimir Shatalov,1963.0,Deceased,1927-12-08,"Petropavlovsk, Kazakhstan",Male,Kacha Air Force Pilot School,Lieutenant General,Russian Air Force,3,238,,,"Soyuz 4, Soyuz 8, Soyuz 10",2021-06-15,,USSR/Russia,Russia
Anton Shkaplerov,2003.0,Retired,1972-02-20,"Sevastopol, Ukraine",Male,N. E. Zhukovskiy Aviation Institute,Colonel,Russian Air Force,4,17024,1.0,6.0,"Soyuz TMA-22, Soyuz TMA-15M, Soyuz MS-07, Soyuz MS-19",,,USSR/Russia,Russia
Georgy Shonin,1960.0,Deceased,1935-08-03,"Rovenky, Ukraine",Male,N. E. Zhukovskiy Aviation Institute,Lieutenant General,Russian Air Force,1,119,,,Soyuz 6,1997-04-07,,USSR/Russia,Russia / USSR
Fyodor Yurchikhin,1997.0,Retired,1959-01-03,"Batumi, Adjar ASSR, Georgia",Male,Moscow Aviation Institute,,,5,16149,9.0,59.0,"STS-112 (Atlantis), Soyuz TMA-10, Soyuz TMA-19, Soyuz TMA-09M, Soyuz MS-04",,,USSR/Russia,Russia
Abdul Ahad Mohmand,,Deceased,1959-01-01,"Sardeh Band, Andar District, Ghazni Province, Afghanistan",Male,Gagarin Air Force Academy; Krasnodar Higher Military Aviation School of Pilots named after Hero of the Soviet Union A.K. Serov; Military Academy of the General Staff of the Armed Forces of Russia,colonel,Afghan Air Force,1,212,0,0.0,Soyuz TM-6,2026-06-21,,Other,Democratic Republic of Afghanistan / Germany
Aidyn Aimbetov,,Retired,1972-07-27,"Zarya Kommunizma, Taldykorgan District, Kazakh SSR, Soviet Union",Male,Star City,major general,air force,1,236,0,0.0,Soyuz TMA-18M,,,Other,Kazakhstan
Akihiko Hoshide,1999,Active,1968-12-28,"Setagaya, Tokyo, Japan",Male,Keio University; Meikei Gakuen Junior and Senior High School; United World College of South East Asia,,,3,8171,0,0.0,"STS-124 (Discovery), Soyuz TMA-05M, SpaceX Crew-2",,,Other,Japan
Albert Sacco,,Retired,1949-05-03,"Boston, Massachusetts, United States",Male,Massachusetts Institute of Technology; Northeastern University,,,1,382,0,0.0,STS-73 (Columbia),,,USA,United States
Aleksandr Gorbunov,2018,Active,1990-05-24,"Zheleznogorsk, Russian SFSR, Soviet Union",Male,Moscow Aviation Institute,"Lieutenant, Russian Air Force (reserve)",,1,4109,0,0.0,SpaceX Crew-9,,,USSR/Russia,Russia
Alexander Gerst,2009,Active,1976-05-03,"Künzelsau, Baden-Württemberg, West Germany",Male,University of Hamburg; University of Karlsruhe; Victoria University of Wellington,,,1,8690,0,0.0,Soyuz MS-09,,,Other,Germany
Alexander Grebenkin,2018,Active,1982-07-15,"Myski, USSR",Male,,"Captain, Russian Air Force",,1,5644,0,0.0,SpaceX Crew-8,,,USSR/Russia,Russia
Alexey Zubritsky,2018,Active,1992-08-22,"Volodymyrivske, Zaporizhzhia, Ukraine",Male,Ivan Kozhedub National University of the Air Force,"Senior lieutenant, Russian Air Force",,1,5879,0,0.0,Soyuz MS-27,,,USSR/Russia,Russia / Ukraine
Ali AlQarni,2023,Active,1992-03-01,"Sabt Al-Alaya, Balqarn, 'Asir Province, Saudi Arabia",Male,King Faisal Air Academy,captain,,1,221,0,0.0,Axiom Mission 2,,,Other,Saudi Arabia
Alper Gezeravcı,,Active,1979-12-02,"Silifke, Mersin, Turkey",Male,,25px|bağlantı=Tuğgeneral Brigadier General,,1,520,0,0.0,Axiom Mission 3,,,Other,Turkey
Andreas Mogensen,2009,Active,1976-11-02,"Copenhagen, Denmark",Male,Imperial College London; University of Texas at Austin,,,2,5015,0,0.0,"Soyuz TMA-18M, SpaceX Crew-7",,,Other,Kingdom of Denmark
Andrew S.W. Thomas,1992,Retired,1951-12-18,"Adelaide, South Australia",Male,University of Adelaide,,,2,4257,0,0.0,"STS-77 (Endeavor), STS-89 (Endeavor)",,,USA,Australia / United States
Andrey Fedyayev,2012,Active,1981-02-26,"Serov, Sverdlovsk Oblast, Russian SFSR, USSR",Male,,"Major, Russian Air Force",,2,4463,0,0.0,"SpaceX Crew-6, SpaceX Crew-12",,,USSR/Russia,Russia
André Kuipers,1998,Retired,1958-10-05,"Amsterdam, Netherlands",Male,University of Amsterdam,,,2,4627,0,0.0,"Soyuz TMA-4, Soyuz TMA-03M",,,Other,Netherlands
Anil Menon,,Active,1976-10-15,"Minneapolis, Minnesota, U.S.",Male,Harvard University; St. Paul Academy and Summit School; Stanford University,,,1,0.0,0,0.0,Soyuz MS-29,,,USA,United States
Anna Kikina,2012,Active,1984-08-27,"Novosibirsk, Russian SFSR, Soviet Union",Female,Siberian State University of Water Transport,,,2,3778,0,0.0,"SpaceX Crew-5, Soyuz MS-29",,,USSR/Russia,Russia / USSR
Anna Menon,2025,Active,1985-12-24,"Houston, Texas, U.S.",Female,Duke University; Texas Christian University,,,1,120,0,0.0,Polaris Dawn,,,USA,United States
Anne McClain,2013,Active,1979-06-07,Spokane,Female,Gonzaga Preparatory School; United States Military Academy; United States Naval Test Pilot School,"Colonel, US Army",,2,8432,0,0.0,"Soyuz MS-11, SpaceX Crew-10",,,USA,United States
Anousheh Ansari,,Retired,1966-09-12,"Mashhad, Iran",Female,George Mason University; George Washington University,,,1,261,0,0.0,Soyuz TMA-9,,,USA,Iran / United States
Arnaldo Tamayo-Mendez,1978,Retired,1942-01-29,"Baracoa, Cuba",Male,,Brigadier General,,1,189,0,0.0,Soyuz 38,,,Other,Cuba
Arnaud Prost,,Active,1992-11-06,Marseille,Male,,,,1,0.0,0,0.0,Vast-1,,,Other,France
Bertalan Farkas,1978,Retired,1949-08-02,"Gyulaháza, Hungary",Male,Kilián György College for Aviation Technology; Krasnodar Higher Military Aviation School of Pilots named after Hero of the Soviet Union A.K. Serov,"Brigadier General, Hungarian Air Force",Hungarian Air Force,1,189,0,0.0,Soyuz 36,,,Other,Hungary
Bjarni V. Tryggvason,1983,Deceased,1945-09-21,"Reykjavík, Iceland",Male,Richmond Secondary School; University of British Columbia; University of Western Ontario,,,1,308,0,0.0,STS-85 (Discovery),2022-04-05,,Other,Canada
Cai Xuzhe,2010,Active,1976-05-01,"Shenzhou, Hebei, China",Male,,"Senior Colonel, People's Liberation Army Ground Force",,2,8760,0,0.0,"Shenzhou 14, Shenzhou 19",,,China,China
Charles Simonyi,,Retired,1948-09-10,"Budapest, Hungary",Male,"Stanford University; University of California, Berkeley",,,2,638,0,0.0,"Soyuz TMA-10, Soyuz TMA-14",,,USA,Hungary / United States
Chen Dong,2010,Active,1978-12-12,"Luoyang, Henan, China",Male,PLA Air Force Aviation University; Xi'an Jiaotong University,"Major general, People's Liberation Army Aerospace Force",People's Liberation Army Air Force,3,774,0,0.0,"Shenzhou 11, Shenzhou 14, Shenzhou 20",,,China,China
Chen Zhongrui,2020,Active,1984-10-01,"Puyang, Henan, China",Male,,"Lieutenant colonel, People's Liberation Army Ground Force",,1,6480,0,0.0,Shenzhou 20,,,China,China
Chiaki Naito-Mukai,1985,Retired,1952-05-06,"Tatebayashi, Gunma Prefecture, Japan",Female,Keio University,,,1,568,0,0.0,STS-65 (Columbia),,,Other,Japan
Chris A. Hadfield,1992,Retired,1959-08-29,"Sarnia, Ontario, Canada",Male,Milton District High School; Royal Military College of Canada; Royal Roads University,,,3,3984,0,0.0,"STS-74 (Atlantis), STS-100 (Endeavor), Soyuz TMA-07M",,,Other,Canada
Christer Fuglesang,1992,Retired,1957-03-18,"Stockholm, Sweden",Male,Royal Institute of Technology; Stockholm University,,,2,642,0,0.0,"STS-116 (Discovery), STS-128 (Discovery)",,,Other,Sweden
Christopher Sembroski,,Active,1979-08-28,Kannapolis,Male,"Embry–Riddle Aeronautical University, Daytona Beach",senior airman,,1,71,0,0.0,Inspiration4,,,USA,United States
Chun Wang,,Active,1982-01-01,"Tianjin, China",Male,,,,1,72,0,0.0,Fram2,,,China,Malta / China
Claude Nicollier,1978,Retired,1944-09-02,"Vevey, Switzerland",Male,University of Geneva; University of Lausanne,"x25px Captain, Swiss Air Force",,4,1020,0,0.0,"STS-46 (Atlantis), STS-61 (Endeavor), STS-75 (Columbia), STS-103 (Discovery)",,,Other,Switzerland
Claudie Haigneré,1985,Retired,1957-05-13,"Le Creusot, France",Female,Paris Diderot University,,,2,614,0,0.0,"Soyuz TM-24, Soyuz TM-33",,,Other,France
Dafydd R. Williams,1992,Retired,1954-05-16,"Saskatoon, Saskatchewan, Canada",Male,McGill University; University of Ottawa Faculty of Medicine; University of Toronto,,,2,688,0,0.0,"STS-90 (Columbia), STS-118 (Endeavor)",,,Other,Canada
David Saint-Jacques,2009,Retired,1970-01-06,"Quebec City, Quebec, Canada",Male,Collège de Montréal; Laval University; University of Cambridge,,,1,4887,0,0.0,Soyuz MS-11,,,Other,Canada
Deng Qingming,1998,Active,1966-03-16,"Yihuang County, Jiangxi, China",Male,,Da Xiao,,1,4471,0,0.0,Shenzhou 15,,,China,China
Denis Matveev,2010,Retired,1983-04-25,"Leningrad, Russian SFSR, Soviet Union",Male,,Senior lieutenant (reserve),,1,4675,0,0.0,Soyuz MS-21,,,USSR/Russia,Russia
Dennis A. Tito,2000,Retired,1940-08-08,"Queens, New York City, U.S.",Male,New York University; New York University Tandon School of Engineering; Rensselaer Polytechnic Institute,,,1,190,0,0.0,Soyuz TM-32,,,USA,United States
Dirk Frimout,,Retired,1941-03-21,"Poperinge, Belgium",Male,Ghent University; University of Colorado,,,1,214,0,0.0,STS-45 (Atlantis),,,Other,Belgium
Dmitrij Petelin,2012,Active,1983-07-10,"Kustanai, Kazakh SSR, USSR",Male,South Ural State University,,,2,8901,0,0.0,"Soyuz MS-22, Soyuz MS-23",,,USSR/Russia,Russia
Dumitru Prunariu,1978,Retired,1952-09-27,"Brașov, Romanian People's Republic",Male,Grigore Moisil National College of Computer Science; Politehnica University of Bucharest,major general,,1,189,0,0.0,Soyuz 40,,,Other,Romania
Eric Philips,,Active,1962-04-30,"Melbourne, Australia",Male,,,,1,72,0,0.0,Fram2,,,Other,Australia
Ernst Messerschmid,1982,Retired,1945-05-21,"Reutlingen, Allied-occupied Germany",Male,University of Bonn; University of Tübingen,,,1,169,0,0.0,STS-61-A (Challenger),,,Other,Germany
Eugene H. Trinh,,Retired,1950-09-14,"Saigon, South Vietnam",Male,"Fu Foundation School of Engineering and Applied Science; Lycée Michelet, Vanves; Yale University",,,1,332,0,0.0,STS-50 (Columbia),,,USA,United States / Vietnam
Eytan Stibbe,,Active,1958-01-12,"Haifa, Israel",Male,,aluf mishne,,1,410,0,0.0,Axiom Mission 1,,,Other,Israel
Fei Junlong,1998,Active,1965-05-05,"Suzhou, Jiangsu",Male,PLA Air Force Aviation University,"Major general, PLASSF",,2,4587,0,0.0,"Shenzhou 6, Shenzhou 15",,,China,China
Francisco Rubio,2017,Active,1975-01-25,"Los Angeles, California, U.S.",Male,Miami Sunset Senior High School; SaludCoop EPS; Uniformed Services University of the Health Sciences,"Colonel, United States Army",United States Army,2,8901,0,0.0,"Soyuz MS-22, Soyuz MS-23",,,USA,United States
Frank De Winne,1998,Retired,1961-04-25,"Ghent, Belgium",Male,Royal Military Academy,"Brigadier General, Belgian Air Force",,2,4770,0,0.0,"Soyuz TMA-1, Soyuz TMA-15",,,Other,Belgium
Franz Viehböck,1989,Retired,1960-08-24,"Vienna, Austria",Male,,,,1,190,0,0.0,Soyuz TM-13,,,Other,Austria
Georgy Ivanov,1978,Retired,1940-07-02,"Lovech, Kingdom of Bulgaria",Male,,Major General,,1,47,0,0.0,Soyuz 33,,,Other,Bulgaria
Gerhard Thiele,1987,Retired,1953-09-02,"Heidenheim, West Germany",Male,Heidelberg University; Ludwig-Maximilians-Universität München,,,1,270,0,0.0,STS-99 (Endeavor),,,Other,Germany
Gregory H. Olsen,,Retired,1945-04-20,"Brooklyn, New York, U.S.",Male,Fairleigh Dickinson University; Ridgefield Park High School; University of Virginia,,,1,237,0,0.0,Soyuz TMA-7,,,USA,United States
Gui Haichao,2020,Active,1986-11-01,"Yaoguan Town, Shidian County, Baoshan, Yunnan, China",Male,,N/A,,1,3695,0,0.0,Shenzhou 16,,,China,China
Guy Laliberté,,Retired,1959-09-02,"Quebec City, Quebec, Canada",Male,,,,1,261,0,0.0,Soyuz TMA-16,,,Other,Canada
Hans Schlegel,1987,Retired,1951-08-03,"Überlingen, West Germany",Male,Albertus Magnus Gymnasium; Hansagymnasium Köln; Lewis Central High School,Oberleutnant,Fallschirmjäger (Bundeswehr),2,546,0,0.0,"STS-55 (Columbia), STS-122 (Atlantis)",,,Other,Germany
Hayley Arceneaux,,Active,1991-12-04,"Baton Rouge, Louisiana",Female,,,,1,71,0,0.0,Inspiration4,,,USA,United States
Helen Sharman,1989,Retired,1963-05-30,"Sheffield, West Riding of Yorkshire, England",Female,"Birkbeck, University of London; University of London; University of Sheffield",,,1,189,0,0.0,Soyuz TM-12,,,Other,United Kingdom
Ilan Ramon,1996,Deceased,1954-06-20,"Ramat Gan, Israel",Male,Israeli Air Force Flight Academy; Tel Aviv University,"Colonel, Israeli Air Force",Israeli Air Force,1,382,0,0.0,STS-107 (Columbia),2003-02-01,,Other,Israel
Ivan Bella,1998,Retired,1964-05-21,"Brezno, Czechoslovakia (present Slovakia)",Male,,Brigadier general,Slovak Air Force,1,190,0,0.0,Soyuz TM-29,,,Other,Czechoslovakia / Slovakia
Ivan Vagner,2010,Active,1985-07-10,"Severoonezhsk, Soviet Union",Male,Baltic State Technical University,lieutenant,,2,9988,0,0.0,"Soyuz MS-16, Soyuz MS-26",,,USSR/Russia,Russia
Jack Hathaway,2021,Active,1982-10-05,"South Windsor, Connecticut, U.S.",Male,Cranfield University; Empire Test Pilots' School; Naval War College,,United States Navy,1,5688,0,0.0,SpaceX Crew-12,,,USA,United States
Jannicke Mikkelsen,,Active,1986-06-08,"Edinburgh, Scotland",Female,National Film and Television School,,,1,72,0,0.0,Fram2,,,Other,Norway / United Kingdom
Jasmin Moghbeli,2017,Active,1983-06-24,"Bad Nauheim, West Germany",Female,Baldwin Senior High School; Massachusetts Institute of Technology; Naval Postgraduate School,"Lieutenant Colonel, USMC",United States Marine Corps,1,4778,0,0.0,SpaceX Crew-7,,,USA,Iran / United States
Jean-François Clervoy,1985,Retired,1958-11-19,"Longeville-lès-Metz, France",Male,Institut Supérieur de l'Aéronautique et de l'Espace; Prytanée National Militaire; École polytechnique,"Ingénieur Général de 2e classe (Brigadier General, Corps of Ordnance Engineers)",corps of armament,3,675,0,0.0,"STS-66 (Atlantis), STS-84 (Atlantis), STS-103 (Discovery)",,,Other,France
Jean-Jacques Favier,1985,Deceased,1949-04-13,"Kehl, Baden, Germany",Male,Grenoble Alpes University; Grenoble Institute of Technology; Mines ParisTech,,,1,406,0,0.0,STS-78 (Columbia),2023-03-19,,Other,France
Jean-Loup Chrétien,1980,Retired,1938-08-20,"La Rochelle, France",Male,,"Général de Brigade, Armée de l'Air",,3,1043,0,0.0,"Soyuz T-6, Soyuz TM-7, STS-86 (Atlantis)",,,USA,France / United States
Jean-Pierre Haigneré,1985,Retired,1948-05-19,"Paris, France",Male,School of the Air and Space,"Brigadier General, French Air Force",,2,5028,0,0.0,"Soyuz TM-17, Soyuz TM-29",,,Other,France
Jeremy Hansen,,Active,1976-01-27,"London, Ontario, Canada",Male,Ingersoll District Collegiate Institute; Royal Military College of Canada,lieutenant-colonel,Royal Canadian Air Force,1,240,0,0.0,Artemis II,,,Other,Canada
Jessica Meir,2013,Active,1977-07-01,"Caribou, Maine, US",Female,Brown University; International Space University; Scripps Institution of Oceanography,,,2,4911,0,0.0,"Soyuz MS-15, SpaceX Crew-12",,,USA,Sweden / United States
Jessica Watkins,2017,Active,1988-05-14,"Gaithersburg, Maryland, U.S.",Female,"Fairview High School; Stanford University; University of California, Los Angeles",,,2,4093,0,0.0,"SpaceX Crew-4, SpaceX Crew-13",,,USA,United States
Jiang Xinlin,2020,Active,1988-02-01,"Qi County, Kaifeng, Henan Province, China",Male,,"Lieutenant colonel, People's Liberation Army Air Force",,1,4488,0,0.0,Shenzhou 17,,,China,China
Jing Haipeng,1998,Active,1966-10-24,"Yuncheng, Shanxi, China",Male,PLA Air Force Aviation University; Tsinghua University,Major General,,4,4841,0,0.0,"Shenzhou 7, Shenzhou 9, Shenzhou 11, Shenzhou 16",,,China,China
John Shoffner,2023,Active,1955-07-25,"Fairbanks, Alaska, U.S.",Male,,,,1,221,0,0.0,Axiom Mission 2,,,USA,United States
Jonny Kim,,Active,1984-02-05,"Los Angeles, California, U.S.",Male,Harvard Medical School; Santa Monica High School; University of San Diego,lieutenant,United States Navy,1,5879,0,0.0,Soyuz MS-27,,,USA,United States
Josh A. Cassada,2013,Active,1973-07-18,"San Diego, California, U.S.",Male,Albion College; University of Rochester,"Captain, US Navy",,1,3778,0,0.0,SpaceX Crew-5,,,USA,United States
Joshua Kutryk,2017,Active,1982-03-21,"Fort Saskatchewan, Alberta, Canada",Male,Air University; Embry–Riddle Aeronautical University; Royal Military College of Canada,,,1,0.0,0,0.0,SpaceX Crew-13,,,Other,Canada
Julie Payette,,Retired,1963-10-20,"Montreal, Quebec, Canada",Female,Collège Regina Assumpta; McGill University; UWC Atlantic College,,,2,612,0,0.0,"STS-96 (Discovery), STS-127 (Endeavor)",,,Other,Canada
Jügderdemidiin Gürragchaa,,Retired,1947-12-05,"Gurvanbulag, Bulgan, Mongolia",Male,Supreme Military Institute of the Armed Forces of the Kyrgyz Republic; Zhukovsky Air Force Engineering Academy,30px Major General,,1,189,0,0.0,Soyuz 39,,,Other,Mongolia
Kayla Barron,2017,Active,1987-09-19,"Pocatello, Idaho, U.S.",Female,Peterhouse; Richland High School; United States Naval Academy,"Commander, U.S. Navy",United States Navy,1,4227,0,0.0,SpaceX Crew-3,,,USA,United States
Kimiya Yui,,Active,1970-01-30,"Kawakami, Nagano, Japan",Male,National Defense Academy of Japan,Lieutenant Colonel,,2,7401,0,0.0,"Soyuz TMA-17M, SpaceX Crew-11",,,Other,Japan
Kirill Peskov,2018,Active,1990-05-01,"Kyzyl, Tuva ASSR, Soviet Union",Male,,"Lieutenant, Russian Air Force (reserve)",,1,3544,0,0.0,SpaceX Crew-10,,,USSR/Russia,Russia
Klaus-Dietrich Flade,1990,Retired,1952-08-23,"Büdesheim, West Germany",Male,University of the Bundeswehr Munich,"Lieutenant colonel, German Air Force",,1,190,0,0.0,Soyuz TM-14,,,Other,Germany
Klim Shipenko,,Active,1983-06-16,"Moscow, Russian SFSR, Soviet Union",Male,,,,1,280,0,0.0,Soyuz MS-18,,,USSR/Russia,Russia / USSR
Koichi Wakata,1992,Active,1963-08-01,"Ōmiya, Saitama, Japan",Male,Kyushu University,,,5,12115,0,0.0,"STS-72 (Endeavor), STS-92 (Discovery), STS-119 (Discovery), Soyuz TMA-11M, SpaceX Crew-5",,,Other,Japan
Konstantin Borisov,2018,Active,1984-08-14,"Smolensk, Russian SFSR, Soviet Union",Male,,,,1,4778,0,0.0,SpaceX Crew-7,,,USSR/Russia,Russia
Lai Ka-ying,2022,Active,1982-11-01,Hong Kong,Female,Tsuen Wan Public Ho Chuen Yiu Memorial College; University of Hong Kong,N/A,,1,0.0,0,0.0,Shenzhou 23,,,China,China
Larry Connor,,Active,1950-01-07,"Albany, New York, U.S.",Male,Ohio University,,,1,410,0,0.0,Axiom Mission 1,,,USA,United States
Leonid Kadeniuk,1976,Deceased,1951-01-28,"Klishkivtsi, Chernivtsi Oblast, Ukrainian SSR, Soviet Union",Male,Moscow Aviation Institute; Yuri Gagarin Cosmonaut Training Center,"Major general, UAF",,1,377,0,0.0,STS-87 (Columbia),2018-01-31,,USSR/Russia,USSR / Ukraine
Li Cong,2020,Active,1989-10-01,"Handan, Hebei, China",Male,,"Lieutenant colonel, PLAAF",,1,4608,0,0.0,Shenzhou 18,,,China,China
Li Guangsu,2020,Active,1987-07-01,"Pei County, Jiangsu",Male,,"Lieutenant colonel, PLAAF",,1,4608,0,0.0,Shenzhou 18,,,China,China
Liu Boming,1998,Active,1966-10-29,"Nenjiang, Heilongjiang, China",Male,PLA Air Force Aviation University,"Major general, People's Liberation Army Strategic Support Force",,2,2280,0,0.0,"Shenzhou 7, Shenzhou 12",,,China,China
Liu Wang,1998,Retired,1969-03-01,"Pingyao County, Shanxi, People's Republic of China",Male,Beihang University,"Major General, PLASSF",,1,312,0,0.0,Shenzhou 9,,,China,China
Liu Yang,2010,Active,1978-10-06,"Zhengzhou, Henan, China",Female,PLA Air Force Aviation University; Tsinghua University,"Senior Colonel, People's Liberation Army Strategic Support Force",People's Liberation Army Air Force,2,312,0,0.0,"Shenzhou 9, Shenzhou 14",,,China,China
Loral O'Hara,2017,Active,1983-05-03,"Houston, Texas, U.S.",Female,Clements High School; Purdue University; University of Kansas,,,1,4888,0,0.0,Soyuz MS-24,,,USA,United States
Luca Parmitano,2009,Active,1976-09-27,"Paternò, Italy",Male,University of Naples Federico II,"Colonel, Italian Air Force",Italian Air Force,2,3984,0,0.0,"Soyuz TMA-09M, Soyuz MS-13",,,Other,Italy
Luke Delaney,2021,Active,1979-08-25,"Miami, Florida, U.S.",Male,Deltona High School; Marine Corps University; Naval Postgraduate School,,,1,0.0,0,0.0,SpaceX Crew-13,,,USA,United States
Léopold Eyharts,1990,Retired,1957-04-28,"Biarritz, Pyrénées-Atlantiques, France",Male,Lycée Louis-Barthou; School of the Air and Space,"Brigadier General, French Air Force",,2,1654,0,0.0,"Soyuz TM-27, STS-122 (Atlantis)",,,Other,France
Mamoru Mohri,1985,Retired,1948-01-29,"Yoichi, Hokkaidō, Japan",Male,Flinders University,,,2,460,0,0.0,"STS-47 (Endeavor), STS-99 (Endeavor)",,,Other,Japan
Marc Garneau,,Deceased,1949-02-23,"Quebec City, Quebec, Canada",Male,Imperial College London; Royal Military College of Canada,Naval captain,,1,698,0,0.0,STS-41-G (Challenger),2025-06-04,,Other,Canada
Marcos Pontes,,Retired,1963-03-11,"Bauru, São Paulo, Brazil",Male,Aeronautics Institute of Technology; Naval Postgraduate School,Lieutenant colonel,Brazilian Air Force,1,237,0,0.0,Soyuz TMA-8,,,Other,Brazil
Marcus Wandt,2022,Active,1980-09-22,"Mora, Sweden",Male,Chalmers University of Technology; Military Academy Karlberg; Sundsta-Älvkullegymnasiet,Lt. Colonel,Swedish Air Force,1,520,0,0.0,Axiom Mission 3,,,Other,Norway / Sweden
Mark Pathy,,Active,1969-07-01,,Male,INSEAD,,,1,410,0,0.0,Axiom Mission 1,,,Other,Canada
Mark Shuttleworth,,Retired,1973-09-18,"Welkom, Orange Free State",Male,Brooks School; Diocesan College; Rondebosch Boys' High School,,,1,237,0,0.0,Soyuz TM-34,,,Other,South Africa / United Kingdom
Matthew Dominick,2017,Active,1981-12-07,"Wheat Ridge, Colorado, U.S.",Male,D'Evelyn Junior/Senior High School; Naval Postgraduate School; Reserve Officers' Training Corps,"Commander, US Navy",United States Navy,1,5644,0,0.0,SpaceX Crew-8,,,USA,United States
Matthias Maurer,,Active,1970-03-18,"St. Wendel, Saarland, West Germany",Male,Ecole européenne d’ingénieurs en génie des matériaux; FernUniversität in Hagen; Polytechnic University of Catalonia,,,1,4227,0,0.0,SpaceX Crew-3,,,Other,Germany
Maurizio Cheli,1992,Retired,1959-05-04,"Zocca, Italy",Male,Sapienza University of Rome; University of Houston,"Lieutenant colonel, Italian Air Force",Italian Air Force,1,378,0,0.0,STS-75 (Columbia),,,Other,Italy
Michel Tognini,1985,Retired,1949-09-30,"Vincennes, France",Male,,"Brigadier General, French Air Force",,2,450,0,0.0,"Soyuz TM-15, STS-93 (Columbia)",,,Other,France
Mirosław Hermaszewski,1976,Deceased,1941-09-15,"Lipniki, Reichskommissariat Ukraine",Male,General Staff Academy; Military Academy of the General Staff of the Armed Forces of Russia; Polish Air Force University,x15px Brigadier general of Polish Air Force,,1,190,0,0.0,Soyuz 30,2022-12-12,,Other,Poland
Mohammed Faris,1985,Deceased,1951-05-26,"Aleppo, Syria",Male,,"General, Syrian Air Force",,1,191,0,0.0,Soyuz TM-3,2024-04-19,,Other,First Syrian Republic / Syria / United Arab Republic
Naoko Yamazaki,1999,Retired,1970-12-27,"Matsudo, Chiba, Japan",Female,Ochanomizu Women's University High School; University of Maryland; University of Tokyo,,,1,363,0,0.0,STS-131 (Discovery),,,Other,Japan
Nichole Ayers,,Active,1988-12-14,"San Diego, California, U.S.",Female,Rice University; United States Air Force Academy; Woodland Park High School,,,1,3544,0,0.0,SpaceX Crew-10,,,USA,United States
Nick Hague,2013,Active,1975-09-24,"Belleville, Kansas, U.S.",Male,MIT College of Engineering; Peabody-Burns Junior/Senior High School; U.S. Air Force Test Pilot School,"Brigadier General, US Space Force",United States Space Force,3,8972,0,0.0,"Soyuz MS-10, Soyuz MS-12, SpaceX Crew-9",,,USA,United States
Nicole Mann,2013,Active,1977-06-27,"Petaluma, California, U.S.",Female,Rancho Cotate High School; Stanford University; United States Naval Academy,"Colonel, U.S. Marine Corps",United States Marine Corps,1,3778,0,0.0,SpaceX Crew-5,,,USA,United States
Nie Haisheng,1998,Active,1964-10-13,"Zaoyang, Hubei, China",Male,PLA Air Force Aviation University,"Major general, PLASSF",,3,2678,0,0.0,"Shenzhou 6, Shenzhou 10, Shenzhou 12",,,China,China
Norishige Kanai,2009,Active,1976-12-05,"Tokyo, Japan",Male,,"Lieutenant, JMSDF",,1,4037,0,0.0,Soyuz MS-07,,,Other,Japan
Oleg Platonov,2018,Active,1986-06-27,"Chelyabinsk, Russian SFSR, Soviet Union",Male,,"Lieutenant colonel, Russian Air Force",,1,4001,0,0.0,SpaceX Crew-11,,,USSR/Russia,Russia
Paolo Nespoli,1998,Retired,1957-04-06,"Milan, Italy",Male,New York University; New York University Tandon School of Engineering; University of Florence,Major,Italian Army,3,7515,0,0.0,"STS-120 (Discovery), Soyuz TMA-20, Soyuz MS-05",,,Other,Italy
Patrick Baudry,1980,Retired,1946-03-06,"Douala, Cameroon",Male,Lycée Chaptal; Prytanée National Militaire; School of the Air and Space,"Colonel, French Air Force",,1,170,0,0.0,STS-51-G (Discovery),,,Other,France
Pedro Duque,,Retired,1963-03-14,"Madrid, Spain",Male,Technical University of Madrid,,,2,451,0,0.0,"STS-95 (Discovery), Soyuz TMA-3",,,Other,Spain
Pham Tuân,1979,Retired,1947-02-14,"Kiến Xương, Thái Bình province, North Vietnam",Male,Krasnodar Higher Military Aviation School of Pilots named after Hero of the Soviet Union A.K. Serov,lieutenant general,,1,189,0,0.0,Soyuz 37,,,Other,Vietnam
Philippe Perrin,1990,Retired,1963-01-06,"Meknes, Morocco",Male,École polytechnique,"Colonel, French Air Force",,1,333,0,0.0,STS-111 (Endeavor),,,Other,France
Pyotr Dubrov,2012,Active,1978-01-30,"Khabarovsk, Russian SFSR, USSR",Male,,,,2,8524,0,0.0,"Soyuz MS-18, Soyuz MS-29",,,USSR/Russia,Russia
Rabea Rogge,,Active,1996-01-28,"Berlin, Germany",Female,ETH Zurich,,,1,72,0,0.0,Fram2,,,Other,Germany
Raja Chari,2017,Active,1977-06-24,"Milwaukee, Wisconsin, U.S.",Male,Columbus High School; Massachusetts Institute of Technology; United States Air Force Academy,"Brigadier General, USAF",United States Air Force,1,4227,0,0.0,SpaceX Crew-3,,,USA,United States
Rakesh Sharma,1982,Retired,1949-01-13,"Patiala, PEPSU, India(now in Punjab, India)",Male,Nizam College; North-Eastern Hill University; Osmania University,squadron leader,Indian Air Force,1,190,0,0.0,Soyuz T-11,,,Other,India
Rayyanah Barnawi,2023,Active,1988-09-01,"Jeddah, Saudi Arabia",Female,Alfaisal University; University of Otago,,,1,221,0,0.0,Axiom Mission 2,,,Other,Saudi Arabia
Reid Wiseman,2009,Active,1975-11-11,"Baltimore, Maryland, US",Male,Dulaney High School; Johns Hopkins University; Rensselaer Polytechnic Institute,"Captain, United States Navy",United States Navy,1,3968,0,0.0,Artemis II,,,USA,United States
Reinhard Furrer,1982,Deceased,1940-11-25,"Wörgl, Nazi Germany (now Austria)",Male,Freie Universität Berlin,,,1,169,0,0.0,STS-61-A (Challenger),1995-09-09,,Other,Germany
Reinhold Ewald,1990,Retired,1956-12-18,"Mönchengladbach, West Germany",Male,University of Cologne,,,1,473,0,0.0,Soyuz TM-25,,,Other,Germany
Robert Hines,,Active,1975-01-11,"Fayetteville, North Carolina, U.S.",Male,Air Force Officer Training School; Boston University; U.S. Air Force Test Pilot School,Lieutenant Colonel,United States Air Force,1,4093,0,0.0,SpaceX Crew-4,,,USA,United States
Robert Thirsk,1983,Retired,1953-08-17,"New Westminster, British Columbia, Canada",Male,John Taylor Collegiate; Lord Beaverbrook High School; MIT Sloan School of Management,,,2,4914,0,0.0,"STS-78 (Columbia), Soyuz TMA-15",,,Other,Canada
Roberta L. Bondar,1983,Retired,1945-12-04,"Sault Ste. Marie, Ontario, Canada",Female,Brooks Institute; McMaster University; University of Guelph,,,1,194,0,0.0,STS-42 (Discovery),,,Other,Canada
Roberto Vittori,1998,Retired,1964-10-15,"Viterbo, Lazio, Italy",Male,,"12px Generale di Brigata Aerea (Air commodore), Aeronautica Militare (Italian Ai",Italian Air Force,3,852,0,0.0,"Soyuz TM-34, Soyuz TMA-6, STS-134 (Endeavor)",,,Other,Italy
Rodolfo Neri Vela,1985,Retired,1952-02-19,"Chilpancingo, Guerrero, Mexico",Male,National Autonomous University of Mexico; University of Birmingham; University of Essex,,,1,165,0,0.0,STS-61-B (Atlantis),,,Other,Mexico
Samantha Cristoforetti,2009,Active,1977-04-26,"Milan, Italy",Female,Accademia Aeronautica; St. Paul Central High School; Technical University of Munich,captain,Italian Air Force,2,4793,0,0.0,"Soyuz TMA-15M, SpaceX Crew-4",,,Other,France / Italy
Sarah Gillis,,Active,1994-01-01,"Palo Alto, California, U.S.",Female,University of Colorado Boulder,,,1,120,0,0.0,Polaris Dawn,,,USA,United States
Satoshi Furukawa,1999,Active,1964-04-04,"Yokohama, Japan",Male,University of Tokyo,,,2,8793,0,0.0,"Soyuz TMA-02M, SpaceX Crew-7",,,Other,Japan
Scott Poteet,,Active,1973-12-07,"Chattanooga, Tennessee, U.S.",Male,Air Command and Staff College; Air Force Weapons School; Oyster River High School,,,1,120,0,0.0,Polaris Dawn,,,USA,United States
Serena M. Auñón-Chancellor,2009,Retired,1976-04-09,"Indianapolis, Indiana, U.S.",Female,George Washington University; Poudre High School; University of Texas Medical Branch,,,1,4722,0,0.0,Soyuz MS-09,,,USA,United States
Sergei Mikayev,2018,Active,1986-08-15,"Irkutsk, Russian SFSR, Soviet Union",Male,Krasnodar Higher Military School named after General of the Army S. Shtemenko,"Major, Russian Air Force",,1,5785,0,0.0,Soyuz MS-28,,,USSR/Russia,Russia
Sergey Korsakov,2012,Retired,1984-09-01,"Frunze, Kirghiz SSR, USSR",Male,,,,1,4675,0,0.0,Soyuz MS-21,,,USSR/Russia,Russia
Sergey Kud-Sverchkov,2010,Active,1983-08-23,"Baikonur, Kazakh SSR, Soviet Union",Male,Bauman Moscow State Technical University,,,2,10224,0,0.0,"Soyuz MS-17, Soyuz MS-28",,,USSR/Russia,Russia / USSR
Sergey Prokopyev,2010,Active,1975-02-19,"Sverdlovsk, Russian SFSR, Soviet Union",Male,Michurinsk State Agrarian University,Commander,,3,13623,0,0.0,"Soyuz MS-09, Soyuz MS-22, Soyuz MS-23",,,USSR/Russia,Russia
Sergey Teteryatnikov,2021,Active,1988-12-19,"Uspenovka, Stavropol Krai, Russian SFSR, Soviet Union",Male,,"Captain, 3rd rank, Russian Navy",,1,0.0,0,0.0,SpaceX Crew-13,,,USSR/Russia,Russia
Sheikh Muszaphar Shukor,,Retired,1972-07-27,"Kuala Lumpur, Malaysia",Male,"MARA Junior Science College, Terendak; Manipal Academy of Higher Education",,,1,261,0,0.0,Soyuz TMA-11,,,Other,Malaysia
Shubhanshu Shukla,2019,Active,1985-10-10,"Lucknow, Uttar Pradesh, India",Male,National Defence Academy,,,1,483,0,0.0,Axiom Mission 4,,,Other,India
Sian Proctor,,Active,1970-03-28,"Hagåtña, Guam",Female,Arizona State University; PennWest Edinboro,,,1,71,0,0.0,Inspiration4,,,USA,United States
Sigmund Jähn,1976,Deceased,1937-02-13,"Morgenröthe-Rautenkranz, Saxony, Third Reich",Male,Central Institute for Earth Physics; Franz Mehring Military Academy; Gagarin Air Force Academy,"10px Generalmajor, Air Forces of the National People's Army",8th Fighter Wing,1,189,0,0.0,Soyuz 31,2019-09-21,,Other,East Germany / Germany
Soichi Noguchi,1996,Retired,1965-04-15,"Yokohama, Japan",Male,University of Tokyo,,,2,8266,0,0.0,"STS-114 (Discovery), Soyuz TMA-17",,,Other,Japan
Song Lingdong,2020,Active,1990-08-01,"Heze, Shandong, China",Male,,"Lieutenant colonel, People's Liberation Army Ground Force",,1,4392,0,0.0,Shenzhou 19,,,China,China
Sophie Adenot,,Active,1982-07-05,"Cosne-Cours-sur-Loire, France",Female,Empire Test Pilots' School; Institut Supérieur de l'Aéronautique et de l'Espace; Maison d'éducation de la Légion d'honneur Saint-Denis,colonel,French Air Force,1,5688,0,0.0,SpaceX Crew-12,,,Other,France
Steven G. MacLean,1983,Retired,1954-12-14,"Ottawa, Ontario, Canada",Male,Merivale High School; York University,,,2,520,0,0.0,"STS-52 (Columbia), STS-115 (Atlantis)",,,Other,Canada
Sultan Al Niadi,,Active,1981-05-23,"Al Ain, United Arab Emirates",Male,Griffith University; University of Brighton,,,1,4463,0,0.0,SpaceX Crew-6,,,Other,United Arab Emirates
Sultan Salman Al Saud,,Retired,1956-06-27,"Riyadh, Saudi Arabia",Male,Syracuse University; University of Denver,colonel,,1,170,0,0.0,STS-51-G (Discovery),,,Other,Saudi Arabia
Sławosz Uznański-Wiśniewski,2022,Active,1984-04-12,"Łódź, Polish People's Republic",Male,University of the Mediterranean - Aix Marseille II; École polytechnique de l'université de Nantes; Łódź University of Technology,,,1,483,0,0.0,Axiom Mission 4,,,Other,Poland
Takao Doi,1985,Retired,1954-09-18,"Tokyo, Japan",Male,Rice University; University of Colorado; University of Tokyo,,,2,764,0,0.0,"STS-87 (Columbia), STS-123 (Endeavor)",,,Other,Japan
Takuya Onishi,2009,Active,1975-12-22,"Nerima, Tokyo, Japan",Male,University of Tokyo,,,2,6307,0,0.0,"Soyuz MS-01, SpaceX Crew-10",,,Other,Japan
Tang Hongbo,2010,Active,1975-10-01,"Xiangtan County, Hunan, China",Male,PLA Air Force Aviation University,"Senior colonel, People's Liberation Army Strategic Support Force",People's Liberation Army Air Force,2,2212,0,0.0,"Shenzhou 12, Shenzhou 17",,,China,China
Tang Shengjie,2020,Active,1989-12-01,"Dingxi, Gansu, China",Male,,Lieutenant Colonel,,1,4488,0,0.0,Shenzhou 17,,,China,China
Thomas Pesquet,2009,Active,1978-02-27,"Rouen, Normandy, France",Male,Institut Supérieur de l'Aéronautique et de l'Espace; Lycée Pierre-Corneille; Polytechnic School of Montreal,,,2,9516,0,0.0,"Soyuz MS-03, SpaceX Crew-2",,,Other,France
Thomas Reiter,1992,Retired,1958-05-23,"Frankfurt, West Germany",Male,University of the Bundeswehr Munich,"Brigadier General, Luftwaffe (Bundeswehr)",,2,8406,0,0.0,"Soyuz TM-22, STS-121 (Discovery)",,,Other,Germany
Tibor Kapu,2024,Active,1991-11-05,"Vásárosnamény, Hungary",Male,Budapest University of Technology and Economics; Krúdy Gyula Gimnázium,,,1,483,0,0.0,Axiom Mission 4,,,Other,Hungary
Toyohiro Akiyama,,Deceased,1942-07-22,"Tokyo, Japan",Male,International Christian University,,,1,190,0,0.0,Soyuz TM-11,2026-08-26,,Other,Japan
Ulf Merbold,1978,Retired,1941-06-20,"Greiz, Thuringia, Germany",Male,University of Stuttgart,,,3,1198,0,0.0,"STS-9 (Columbia), STS-42 (Discovery), Soyuz TM-20",,,Other,East Germany / Germany / Nazi Germany
Ulrich Walter,1987,Retired,1954-02-09,"Iserlohn, West Germany",Male,Märkisches Gymnasium; University of Cologne,lieutenant,,1,240,0,0.0,STS-55 (Columbia),,,Other,Germany
Umberto Guidoni,,Retired,1954-08-18,"Rome, Italy",Male,Sapienza University of Rome,,,2,663,0,0.0,"STS-75 (Columbia), STS-100 (Endeavor)",,,Other,Italy
Victor Glover,2013,Active,1976-04-30,"Pomona, California, US",Male,Air University; California Polytechnic State University; Naval Postgraduate School,"Captain, United States Navy",,1,4014,0,0.0,Artemis II,,,USA,United States
Vladimír Remek,,Retired,1948-09-26,"České Budějovice, Czechoslovakia",Male,Gagarin Air Force Academy,colonel,,1,190,0,0.0,Soyuz 28,,,Other,Czech Republic
Walter Villadei,,Active,1974-04-29,"Rome, Italy",Male,,,,1,520,0,0.0,Axiom Mission 3,,,Other,Italy
Wang Haoze,2020,Active,1990-03-01,"Luanping, Hebei Province, China",Female,Southeast University,Lieutenant Colonel,,1,4392,0,0.0,Shenzhou 19,,,China,China
Wang Jie,2020,Active,1989-09-01,"Bayannur, Inner Mongolia, China",Male,,"Lieutenant colonel, People's Liberation Army Air Force",,1,6480,0,0.0,Shenzhou 20,,,China,China
Wang Yaping,2010,Active,1980-01-27,"Yantai, Shandong, China",Female,PLA Air Force Aviation University,"Senior colonel, People's Liberation Army Strategic Support Force",,2,4728,0,0.0,"Shenzhou 10, Shenzhou 13",,,China,China
Warren Hoburg,2017,Active,1985-09-16,"Pittsburgh, Pennsylvania, U.S.",Male,"Massachusetts Institute of Technology; North Allegheny Senior High School; University of California, Berkeley",,,1,4463,0,0.0,SpaceX Crew-6,,,USA,United States
Wu Fei,2020,Active,1993-01-01,"Baotou, Inner Mongolia, China",Male,,Major,,1,336,0,0.0,Shenzhou 21,,,China,China
Wubbo J. Ockels,1978,Deceased,1946-03-28,"Almelo, Netherlands",Male,University of Groningen,,,1,169,0,0.0,STS-61-A (Challenger),2014-05-18,,Other,Netherlands
Yang Liwei,1998,Retired,1965-06-21,"Suizhong, Huludao, Liaoning, China",Male,PLA Air Force Aviation University; Tsinghua University,Major general,,1,21,0,0.0,Shenzhou 5,,,China,China
Ye Guangfu,2010,Active,1980-09-01,"Chengdu, Sichuan, China",Male,,"Senior colonel, People's Liberation Army Strategic Support Force",,2,4378,0,0.0,"Shenzhou 13, Shenzhou 18",,,China,China
Yi So-yeon,2006,Retired,1978-06-02,"Gwangju, South Korea",Female,Gwangju Science High School; Haas School of Business; KAIST,,,1,261,0,0.0,Soyuz TMA-12,,,Other,South Korea
Yozo Hirano,,Active,1985-10-12,"Imabari, Ehime Prefecture, Japan",Male,,,,1,284,0,0.0,Soyuz MS-20,,,Other,Japan
Yulia Peresild,,Active,1984-09-05,"Pskov, Russian SFSR, Soviet Union",Female,Russian Institute of Theatre Arts,,,1,280,0,0.0,Soyuz MS-18,,,USSR/Russia,Russia
Yusaku Maezawa,,Active,1975-11-22,"Kamagaya, Japan",Male,Waseda Jitsugyo; Waseda University Junior and Senior High School,,,1,284,0,0.0,Soyuz MS-20,,,Other,Japan
Zena Cardman,2017,Active,1987-10-26,"Urbana, Illinois, U.S.",Female,Bruton High School; Lyndon B. Johnson Space Center; Pennsylvania State University,,,1,4001,0,0.0,SpaceX Crew-11,,,USA,United States
Zhai Zhigang,1998,Active,1966-10-10,"Longjiang County, Heilongjiang, China",Male,PLA Air Force Aviation University,"Major General, People's Liberation Army Strategic Support Force",,2,4446,0,0.0,"Shenzhou 7, Shenzhou 13",,,China,China
Zhang Hongzhang,2020,Active,1986-04-01,"Zouping, Shandong, China",Male,Dalian Institute of Chemical Physics,,,1,336,0,0.0,Shenzhou 21,,,China,China
Zhang Lu,2010,Active,1976-11-01,"Hanshou County, Hunan, China",Male,,"Senior colonel, People's Liberation Army Strategic Support Force",,2,4471,0,0.0,"Shenzhou 15, Shenzhou 21",,,China,China
Zhang Xiaoguang,1998,Retired,1966-05-01,"Jinzhou, Liaoning",Male,,,,1,350,0,0.0,Shenzhou 10,,,China,China
Zhang Zhiyuan,2020,Active,1986-06-01,"Baiyin, Gansu, China",Male,,"Colonel, People's Liberation Army Air Force",,1,0.0,0,0.0,Shenzhou 23,,,China,China
Zhu Yangzhu,2020,Active,1986-09-01,"Pei County, Jiangsu, China",Male,National University of Defense Technology,Shang Xiao,,2,3695,0,0.0,"Shenzhou 16, Shenzhou 23",,,China,China
