Crew,Country,Habitation,Brief Mission Summary,Fatality,Moon,Sub Orbital,Prolongation,Launch Data,Launch Mission,Return Data,Return Mission,Year,Rocket,Spacecraft,Launch Site,Landing Site,Callsign,Operator,Flight Time,Wikipedia,Description,Photo URL,Photo Credit,Photo Page,Patch URL,Patch Credit,Patch Page
Yury Gagarin,USSR/Russia,,First manned spaceflight. Completed one Earth orbit.,N,N,N,0.0,1961-04-12,Vostok 1,1961-04-12,Vostok 1,1961,Vostok-K 8K72K,Vostok-3KA No.3,"Baikonur, Site 1/5",,,Soviet space program,1 h 48 min,https://en.wikipedia.org/wiki/Vostok_1,"Vostok 1 was the first spaceflight of the Vostok programme and the first human orbital spaceflight in history. The Vostok 3KA space capsule was launched from Baikonur Cosmodrome on 12 April 1961, with Soviet cosmonaut Yuri Gagarin aboard, making him the first human to reach orbital velocity around the Earth and to complete a full orbit around the Earth. The orbital spaceflight consisted of a single orbit around the Earth that reached a maximum altitude of 327 kilometers and a minimum of 181 kilometers.",,,,,,
Gherman Titov,USSR/Russia,,Day-long flight. Completed 17 Earth orbits. Brief manual control by pilot.,N,N,N,1.0,1961-08-06,Vostok 2,1961-08-07,Vostok 2,1961,Vostok-K 8K72K,Vostok-3KA No.4,Baikonur 1/5,Krasny Kut,Eagle,Soviet space program,1 d 1 h 18 min,https://en.wikipedia.org/wiki/Vostok_2,"Vostok 2 was a Soviet space mission which carried cosmonaut Gherman Titov into orbit for a full day on August 6, 1961, to study the effects of a more prolonged period of weightlessness on the human body. Titov orbited the Earth over 17 times, exceeding the single orbit of Yuri Gagarin on Vostok 1 – as well as the suborbital spaceflights of American astronauts Alan Shepard and Gus Grissom aboard their respective Mercury-Redstone 3 and 4 missions. Titov's number of orbits and flight time would not be surpassed by an American astronaut until Gordon Cooper's Mercury-Atlas 9 spaceflight in May 1963.",,,,,,
John H. Glenn,USA,,First American manned orbital flight. Completed three orbits.,N,N,N,0.0,1962-02-20,Mercury-Atlas 6 (Friendship 7),1962-02-20,Mercury-Atlas 6 (Friendship 7),1962,Atlas LV-3B 109-D,Mercury No.13,Cape Canaveral LC-14,North Atlantic Ocean,Friendship 7,NASA,4 h 55 min,https://en.wikipedia.org/wiki/Mercury-Atlas_6,"Mercury-Atlas 6 was the first crewed American orbital spaceflight, which took place on February 20, 1962. Piloted by astronaut John Glenn and operated by NASA as part of Project Mercury, it was the fifth human spaceflight, preceded by Soviet orbital flights Vostok 1 and 2 and American sub-orbital flights Mercury-Redstone 3 and 4. The Mercury spacecraft, named Friendship 7, was carried to orbit by an Atlas LV-3B launch vehicle lifting off from Launch Complex 14 at Cape Canaveral, Florida.",,,,,,
M. Scott Carpenter,USA,,First manual retrofire. Earth photography and study of liquids in weightless conditions.,N,N,N,0.0,1962-05-24,Mercury-Atlas 7 (Aurora 7),1962-05-24,Mercury-Atlas 7 (Aurora 7),1962,Atlas LV-3B 107-D,Mercury No.18,Cape Canaveral LC-14,"North-east of Puerto Rico, Caribbean Sea",Aurora 7,NASA,4 h 56 min,https://en.wikipedia.org/wiki/Mercury-Atlas_7,"Mercury-Atlas 7, launched May 24, 1962, was the fourth crewed flight of Project Mercury. The spacecraft, named Aurora 7, was piloted by astronaut Scott Carpenter. He was the sixth human to fly in space.",,,,,,
Andriyan Nikolayev,USSR/Russia,,First instance of two manned spacecraft in orbit simultaneously.,N,N,N,4.0,1962-08-11,Vostok 3,1962-08-15,Vostok 3,1962,Vostok-K,,,,,Soviet space program,,https://en.wikipedia.org/wiki/Vostok_3,,,,,,,
Pavel Popovich,USSR/Russia,,First instance of two manned spacecraft in orbit simultaneously.,N,N,N,3.0,1962-08-12,Vostok 4,1962-08-15,Vostok 4,1962,Vostok-K 8K72K,,Baikonur 1/5,,,Soviet space program,,https://en.wikipedia.org/wiki/Vostok_4,"Vostok 3 and Vostok 4 were Soviet space program flights in August 1962, intended to determine the ability of the human body to function in conditions of weightlessness, test the ground control capability to launch and manage two separate, concurrent flights, and test the endurance of the Vostok 3KA spacecraft over longer flights. Cosmonaut Andriyan Nikolayev orbited the Earth 64 times in Vostok 3 over nearly four days in space, August 11–15, 1962, a feat which would not be matched by NASA until the Gemini program. Pavel Popovich was launched on Vostok 4 on August 12, and made 48 Earth orbits.",,,,,,
Walter M. Schirra,USA,,First flawless Mercury mission.,N,N,N,0.0,1962-10-03,Mercury-Atlas 8 (Sigma 7),1962-10-03,Mercury-Atlas 8 (Sigma 7),1962,Atlas LV-3B 113-D,Mercury No.16,Cape Canaveral LC-14,Central Pacific Ocean,Sigma 7,NASA,9 h 13 min,https://en.wikipedia.org/wiki/Mercury-Atlas_8,"Mercury-Atlas 8 was the fifth United States crewed space mission, part of NASA's Mercury program. Astronaut Walter M. Schirra Jr., orbited the Earth six times in the Sigma 7 spacecraft on October 3, 1962, in a nine-hour flight focused mainly on technical evaluation rather than on scientific experimentation. This was the longest U.S. crewed orbital flight yet achieved in the Space Race, though well behind the several-day record set by the Soviet Vostok 3 earlier in the year.",,,,,,
L. Gordon Cooper,USA,,First live TV from U.S. astronaut.,N,N,N,1.0,1963-05-15,Mercury-Atlas 9 (Faith 7),1963-05-16,Mercury-Atlas 9 (Faith 7),1963,Atlas LV-3B 130-D,Mercury No.20,Cape Canaveral LC-14,"South-east of Midway Island, Pacific Ocean",Faith 7,NASA,34 h 19 min,https://en.wikipedia.org/wiki/Mercury-Atlas_9,"Mercury-Atlas 9 was the final crewed space mission of the U.S. Mercury program, launched on May 15, 1963, from Launch Complex 14 at Cape Canaveral, Florida. The spacecraft, named Faith 7, completed 22 Earth orbits before splashing down in the Pacific Ocean, piloted by astronaut Gordon Cooper, then a United States Air Force major. The Atlas rocket was No.",,,,,,
Valery Bykovsky,USSR/Russia,,Longest solo spaceflight.,N,N,N,5.0,1963-06-14,Vostok 5,1963-06-19,Vostok 5,1963,Vostok-K 8K72K,Vostok-3KA No.7,Baikonur 1/5,,Hawk,Soviet space program,4 d 23 h 7 min,https://en.wikipedia.org/wiki/Vostok_5,"Vostok 5 was a joint mission of the Soviet space program together with Vostok 6; as with the previous pair of Vostok 3 and Vostok 4 the two Vostok spacecraft came close to one another in orbit and established a radio link. Vostok 5 launched on 14 June 1963, and returned to Earth on 19 June, and was piloted by Valery Bykovsky.",,,,,,
Valentina Tereshkova,USSR/Russia,,First woman in space.,N,N,N,3.0,1963-06-16,Vostok 6,1963-06-19,Vostok 6,1963,Vostok-K 8K72K,Vostok-3KA No.8,Baikonur 1/5,,Seagull,Soviet space program,2 d 22 h 50 min,https://en.wikipedia.org/wiki/Vostok_6,"Vostok 6 was the first human spaceflight to carry a woman, cosmonaut Valentina Tereshkova, into space.",,,,,,
"Vladimir Komarov, Konstantin Feoktistov, Boris Egorov",USSR/Russia,,First multiple person spaceflight. Biomedical research.,N,N,N,1.0,1964-10-12,Voskhod 1,1964-10-13,Voskhod 1,1964,Voskhod 11A57,Voskhod-3KV No.3,Baikonur 1/5,,Ruby,Soviet space program,1 d 17 min,https://en.wikipedia.org/wiki/Voskhod_1,"Voskhod 1 was the seventh crewed Soviet space flight. Flown by cosmonauts Vladimir Komarov, Konstantin Feoktistov, and Boris Yegorov, it launched 12 October 1964, and returned on the 13th. Voskhod 1 was the first human spaceflight to carry more than one crewman into orbit, the first flight without the use of spacesuits, and the first to carry either an engineer or a physician into outer space.",,,,,,
"Alexey Leonov, Pavel Belyayev",USSR/Russia,,First EVA.,N,N,N,1.0,1965-03-18,Voskhod 2,1965-03-19,Voskhod 2,1965,Voskhod 11A57,Voskhod-3KD No.4,Baikonur 1/5,,Diamond,OKB-1,1 d 2 h 2 min,https://en.wikipedia.org/wiki/Voskhod_2,"Voskhod 2 was a Soviet crewed space mission in March 1965. The Vostok-based Voskhod 3KD spacecraft with two crew members on board, Pavel Belyayev and Alexei Leonov, was equipped with an inflatable airlock. It established another milestone in space exploration when Alexei Leonov became the first person to leave the spacecraft in a specialised spacesuit to conduct a 12-minute spacewalk.",,,,,,
"Virgil I. Grissom, John W. Young",USA,,First to perform orbital maneuvers.,N,N,N,0.0,1965-03-23,Gemini 3,1965-03-23,Gemini 3,1965,Titan II GLV,Gemini SC3,Cape Kennedy LC-19,,Molly Brown,NASA,4 h 52 min,https://en.wikipedia.org/wiki/Gemini_3,"Gemini 3 was the first crewed mission in NASA's Project Gemini and was the first time two American astronauts flew together into space. On March 23, 1965, astronauts Gus Grissom and John Young flew three low Earth orbits in their spacecraft, which they nicknamed Molly Brown. It was the first U.S. mission in which the crew fired thrusters to change the size and shape of their orbit, a key test of spacecraft maneuverability vital for planned flights to the Moon.",,,,,,
"James A. McDivitt, Edward H. White",USA,,First American EVA.,N,N,N,4.0,1965-06-03,Gemini 4,1965-06-07,Gemini 4,1965,Titan II GLV,Gemini SC4,Cape Kennedy LC-19,North Atlantic Ocean,,NASA,4 d 1 h 56 min,https://en.wikipedia.org/wiki/Gemini_4,"Gemini 4 was the second crewed spaceflight in NASA's Project Gemini, occurring in June 1965. It was the tenth crewed American spaceflight (including two X-15 flights at altitudes exceeding 100 kilometers). Astronauts James McDivitt and Ed White orbited the Earth 66 times in four days, making it the first US flight to approach the five-day flight of the Soviet Vostok 5.",,,,,,
"L. Gordon Cooper, Charles P. Conrad",USA,,First one week spaceflight. Cooper becomes the first person to orbit the Earth on two different missions.,N,N,N,8.0,1965-08-21,Gemini 5,1965-08-29,Gemini 5,1965,Titan II GLV,Gemini SC5,Cape Kennedy LC-19,,,NASA,7 d 22 h 55 min,https://en.wikipedia.org/wiki/Gemini_5,"Gemini 5 was a 1965 crewed spaceflight in NASA's Project Gemini. It was the third crewed Gemini flight, the eleventh crewed American spaceflight (including two X-15 flights above 100 kilometers), and the nineteenth human spaceflight. It was also the first time an American crewed space mission held the world record for duration, set on August 26, 1965, by breaking the Soviet Union's previous record set by Vostok 5 in 1963.",,,,,,
"Frank F. Borman, James A. Lovell",USA,,First two-week spaceflight. First space rendezvous in history with Gemini 6A.,N,N,N,14.0,1965-12-04,Gemini 7,1965-12-18,Gemini 7,1965,Titan II GLV,Gemini SC7,"Cape Kennedy, LC-19",Atlantic Ocean southwest of Bermuda,,NASA,13 d 18 h 35 min,https://en.wikipedia.org/wiki/Gemini_7,"Gemini 7 was a 1965 human spaceflight in NASA's Gemini program. It was the fourth crewed Gemini flight, the twelfth crewed American spaceflight, and the twentieth crewed spaceflight including Soviet flights and X-15 flights above the Kármán line. The crew of Frank Borman and Jim Lovell spent nearly 14 days in space, making a total of 206 orbits.",,,,,,
"Walter M. Schirra, Thomas P. Stafford",USA,,First space rendezvous in history with Gemini 7.,N,N,N,1.0,1965-12-15,Gemini 6A,1965-12-16,Gemini 6A,1965,Titan II GLV,Gemini SC6,Cape Kennedy LC-19,North Atlantic Ocean,,NASA,1 d 1 h 51 min,https://en.wikipedia.org/wiki/Gemini_6A,"Gemini 6A was a 1965 crewed United States spaceflight in NASA's Gemini program. The mission, flown by Wally Schirra and Thomas P. Stafford, achieved the first crewed rendezvous with another spacecraft, its sister Gemini 7. Although the Soviet Union had twice previously launched simultaneous pairs of Vostok spacecraft, these established radio contact with each other, but they had no ability to adjust their orbits in order to rendezvous and came no closer than several kilometers of each other, while the Gemini 6 and 7 spacecraft came as close as one foot and could have docked had they been so equipped.",,,,,,
"Neil A. Armstrong, David R. Scott",USA,,First docking in space in history with Agena Target Vehicle Planned EVA canceled due to early re-entry necessitated by stuck thruster.,N,N,N,1.0,1966-03-16,Gemini 8,1966-03-17,Gemini 8,1966,Titan II GLV,Gemini SC8,Cape Kennedy LC-19,,,NASA,10 h 41 min,https://en.wikipedia.org/wiki/Gemini_8,"Gemini 8 was the sixth crewed spaceflight in NASA's Gemini program. It was launched on March 16, 1966, and was the 14th crewed American flight and the 22nd crewed spaceflight overall. The mission conducted the first U.S. docking of two spacecraft in orbit, but also suffered the first critical in-space system failure of a U.S. spacecraft.",,,,,,
"Thomas P. Stafford, Eugene A. Cernan",USA,,First backup crew to fly space mission.,N,N,N,3.0,1966-06-03,Gemini 9A,1966-06-06,Gemini 9A,1966,Titan II GLV,Gemini SC9,Cape Kennedy LC-19,,,NASA,3 d 20 min,https://en.wikipedia.org/wiki/Gemini_9A,"Gemini 9A was a 1966 crewed spaceflight in NASA's Gemini program. It was the seventh crewed Gemini flight, the 15th crewed American flight and the 23rd spaceflight of all time (includes X-15 flights over 100 kilometers). The original crew for Gemini 9, command pilot Elliot See and pilot Charles Bassett, were killed in a crash on February 28, 1966, while flying a T-38 jet trainer to the McDonnell Aircraft plant in St.",,,,,,
"John W. Young, Michael Collins",USA,,First rendezvous with two different objects.,N,N,N,3.0,1966-07-18,Gemini 10,1966-07-21,Gemini 10,1966,Titan II GLV,Gemini SC10,Cape Kennedy LC-19,,,NASA,2 d 22 h 46 min,https://en.wikipedia.org/wiki/Gemini_10,"Gemini 10 was a 1966 crewed spaceflight in NASA's Gemini program. It was the 8th crewed Gemini flight, the 16th crewed American flight, and the 24th spaceflight of all time (includes X-15 flights over 100 kilometers). During the mission, flown by command pilot John Young and pilot Michael Collins, Collins became the first person to perform two extravehicular activities.",,,,,,
"Charles P. Conrad, Richard F. Gordon",USA,,Held altitude record prior to lunar missions (1374 km).,N,N,N,3.0,1966-09-12,Gemini 11,1966-09-15,Gemini 11,1966,Titan II GLV,Gemini SC11,"Cape Kennedy, LC-19",Atlantic Ocean,,NASA,2 d 23 h,https://en.wikipedia.org/wiki/Gemini_11,"Gemini 11 was the ninth crewed spaceflight mission of NASA's Project Gemini, which flew from September 12 to 15, 1966. It was the 17th crewed American flight and the 25th spaceflight to that time (includes X-15 flights over 100 kilometers). Astronauts Pete Conrad and Dick Gordon performed the first direct-ascent rendezvous with an Agena Target Vehicle, docking with it 1 hour 34 minutes after launch; used the Agena rocket engine to achieve a record high-apogee Earth orbit; and created a small amount of artificial gravity by spinning the two spacecraft connected by a tether.",,,,,,
"James A. Lovell, Edwin E. Aldrin",USA,,First manual rendezvous. Miscellaneous scientific experiments.,N,N,N,4.0,1966-11-11,Gemini 12,1966-11-15,Gemini 12,1966,Titan II GLV,Gemini SC12,Cape Kennedy LC-19,,,NASA,3 d 22 h 34 min,https://en.wikipedia.org/wiki/Gemini_12,"Gemini 12 was a 1966 crewed spaceflight in NASA's Project Gemini. It was the 10th and final crewed Gemini flight, the 18th crewed American spaceflight, and the 26th spaceflight of all time, including X-15 flights over 100 kilometers. Commanded by Gemini VII veteran James A. Lovell, the flight featured three periods of extravehicular activity by rookie Edwin ""Buzz"" Aldrin, lasting a total of 5 hours and 30 minutes.",,,,,,
Vladimir Komarov,USSR/Russia,,Crashed on re-entry. First fatality during spaceflight.,Y,N,N,1.0,1967-04-23,Soyuz 1,1967-04-24,Soyuz 1,1967,Soyuz 11A511 s/n U15000-04,Soyuz 7K-OK No.1,"Baikonur, Site 1/5","3 km west of Karabutak, Orenburg Oblast, Russian SFSR, Soviet Union",Ruby,Experimental Design Bureau (OKB-1),1 d 2 h 47 min,https://en.wikipedia.org/wiki/Soyuz_1,"Soyuz 1 was a crewed spaceflight of the Soviet space program. Launched into orbit on 23 April 1967 carrying cosmonaut colonel Vladimir Komarov, Soyuz 1 was the first crewed flight of the Soyuz spacecraft. The flight was plagued with technical issues, and Komarov was killed when the descent module crashed into the ground due to a parachute failure.",,,,,,
"Walter M. Schirra, Donn F. Eisele, R. Walter Cunningham",USA,,First three person U.S. crew. Launched over 20 months after Apollo 1 fatalities.,N,N,N,11.0,1968-10-11,Apollo 7,1968-10-22,Apollo 7,1968,Saturn IB SA-205,Apollo CSM-101,Cape Kennedy LC-34,North Atlantic Ocean,Apollo 7,NASA,10 d 20 h,https://en.wikipedia.org/wiki/Apollo_7,"Apollo 7 was the first crewed flight in NASA's Apollo program, and saw the resumption of human spaceflight by the agency after the fire that killed the three Apollo 1 astronauts during a launch rehearsal test on January 27, 1967. The Apollo 7 crew was commanded by Walter M. Schirra, with Command Module Pilot Donn F. Eisele and Lunar Module pilot R. Walter Cunningham. The three astronauts were originally designated for the second crewed Apollo flight, and then as backups for Apollo 1.",,,,,,
Georgy Beregovoy,USSR/Russia,,Failed to dock with unmanned Soyuz 2.,N,N,N,4.0,1968-10-26,Soyuz 3,1968-10-30,Soyuz 3,1968,Soyuz,Soyuz 7K-OK No.10,"Baikonur, Site 31/6","Karaganda, Kazakhstan",Argon,Soviet space program,3 d 22 h 50 min,https://en.wikipedia.org/wiki/Soyuz_3,"Soyuz 3 was a spaceflight mission launched by the Soviet Union on 26 October 1968. Flown by Georgy Beregovoy, the Soyuz 7K-OK spacecraft completed 81 orbits over four days. The 47-year-old Beregovoy was a decorated World War II flying ace and the oldest person to go into orbit up to that time.",,,,,,
"Frank F. Borman, James A. Lovell, William A. Anders",USA,,First manned lunar orbit.,N,Y,N,6.0,1968-12-21,Apollo 8,1968-12-27,Apollo 8,1968,Saturn V SA-503,,"Kennedy, LC-39A","North Pacific Ocean, southwest of Hawaii",Apollo 8,NASA,6 d 3 h,https://en.wikipedia.org/wiki/Apollo_8,"Apollo 8 was the first crewed spacecraft to leave Earth's gravitational sphere of influence, and the first human spaceflight to reach the Moon. The crew orbited the Moon ten times without landing and then returned to Earth. The three astronauts—Frank Borman, Jim Lovell, and William Anders—were the first humans to see and photograph the far side of the Moon and an Earthrise.",,,,,,
Vladimir Shatalov,USSR/Russia,,First crew transfer between space vehicles. First docking of two manned spacecraft.,N,N,N,3.0,1969-01-14,Soyuz 4,1969-01-17,Soyuz 4,1969,Soyuz,Soyuz 7K-OK No.12,"Baikonur, Site 31/6","100 km at the southwest of Karaganda, Kazakhstan",Amur River,Soviet space program,2 d 23 h 20 min,https://en.wikipedia.org/wiki/Soyuz_4,"Soyuz 4 was launched on 14 January 1969, carrying cosmonaut Vladimir Shatalov on his first flight. The mission successfully docked with Soyuz 5, marking the first docking of two crewed spacecraft. The craft received two crew members from Soyuz 5 via spacewalk, and returned to Earth.",,,,,,
Boris Volynov,USSR/Russia,,First crew transfer between space vehicles. First docking of two manned spacecraft.,N,N,N,3.0,1969-01-15,Soyuz 5,1969-01-18,Soyuz 5,1969,Soyuz,Soyuz 7K-OK No.13,"Baikonur, Site 1/5","Ural Mountains at 200 km of the southeast of Kostanay, near Orenburg",Lake Baikal,Experimental Design Bureau (OKB-1),3 d 54 min,https://en.wikipedia.org/wiki/Soyuz_5,"Soyuz 5 was a Soyuz mission using the Soyuz 7K-OK spacecraft launched by the Soviet Union on 15 January 1969, which docked with Soyuz 4 in orbit. It was the first docking of two crewed spacecraft of any nation, and the first transfer of crew from one space vehicle to another of any nation, the only time a transfer was accomplished with a space walk – two months before the United States Apollo 9 mission performed the first internal crew transfer. The mission, flown by cosmonauts Boris Volynov, Aleksei Yeliseyev, and Yevgeny Khrunov, was also memorable for its dramatic re-entry.",,,,,,
"Alexey Yeliseyev, Yevgeny Khrunov",USSR/Russia,,First crew transfer between space vehicles. First docking of two manned spacecraft.,N,N,N,2.0,1969-01-15,Soyuz 5,1969-01-17,Soyuz 4,1969,Soyuz,Soyuz 7K-OK No.13,"Baikonur, Site 1/5","Ural Mountains at 200 km of the southeast of Kostanay, near Orenburg",Lake Baikal,Experimental Design Bureau (OKB-1),3 d 54 min,https://en.wikipedia.org/wiki/Soyuz_5,"Soyuz 5 was a Soyuz mission using the Soyuz 7K-OK spacecraft launched by the Soviet Union on 15 January 1969, which docked with Soyuz 4 in orbit. It was the first docking of two crewed spacecraft of any nation, and the first transfer of crew from one space vehicle to another of any nation, the only time a transfer was accomplished with a space walk – two months before the United States Apollo 9 mission performed the first internal crew transfer. The mission, flown by cosmonauts Boris Volynov, Aleksei Yeliseyev, and Yevgeny Khrunov, was also memorable for its dramatic re-entry.",,,,,,
"James A. McDivitt, David R. Scott, Russell L. Schweickart",USA,,Tested Lunar Module in low Earth orbit.,N,N,N,10.0,1969-03-03,Apollo 9,1969-03-13,Apollo 9,1969,Saturn V SA-504,,"Kennedy, LC-39A",North Atlantic Ocean,,NASA,10 d 1 h,https://en.wikipedia.org/wiki/Apollo_9,"Apollo 9 was the third human spaceflight in NASA's Apollo program, which successfully tested systems and procedures critical to landing on the Moon. The three-man crew consisted of Commander James McDivitt, Command Module Pilot David Scott, and Lunar Module Pilot Rusty Schweickart. Flown in low Earth orbit, it was the second crewed Apollo mission that the United States launched via a Saturn V rocket, and was the first flight of the full Apollo spacecraft: the command and service module with the Lunar Module.",,,,,,
"Thomas P. Stafford, John W. Young, Eugene A. Cernan",USA,,Tested Lunar Module in low lunar orbit.,N,Y,N,8.0,1969-05-18,Apollo 10,1969-05-26,Apollo 10,1969,Saturn V SA-505,,"Kennedy, LC-39B",Pacific Ocean near American Samoa,,NASA,8 d 3 min,https://en.wikipedia.org/wiki/Apollo_10,"Apollo 10 was the fourth human spaceflight in the United States' Apollo program and the second to orbit the Moon. NASA, the mission's operator, described it as a ""dress rehearsal"" for the first Moon landing. It was designated an ""F"" mission, intended to test all spacecraft components and procedures short of actual descent and landing.",,,,,,
"Neil A. Armstrong, Michael Collins, Edwin E. Aldrin",USA,Moon,First lunar landing.,N,Y,N,8.0,1969-07-16,Apollo 11,1969-07-24,Apollo 11,1969,Saturn V SA-506,,"Kennedy, LC39A",,,NASA,8 d 3 h 18 min,https://en.wikipedia.org/wiki/Apollo_11,"Apollo 11 was the American spaceflight that first landed humans on the Moon, and the fifth crewed mission of NASA's Apollo program. The mission was crewed by Commander Neil Armstrong, Command Module Pilot Michael Collins, and Lunar Module Pilot Edwin ""Buzz"" Aldrin, all of whom were on their second and final spaceflight. Launched atop a Saturn V rocket from Kennedy Space Center in Florida on July 16 at 13:32 UTC, the Apollo spacecraft consisted of three parts: the command module, which housed the three astronauts and was the only part to return to Earth; the service module, which provided propulsion, electrical power, oxygen, and water to the command module; and the Lunar Module, which had tw",,,,,,
"Georgy Shonin, Valery Kubasov",USSR/Russia,,First three-craft spaceflight.,N,N,N,5.0,1969-10-11,Soyuz 6,1969-10-16,Soyuz 6,1969,Soyuz,Soyuz 7K-OK No.14,"Baikonur, Site 31/6","180 km at northwest of Karaganda, Kazakhstan",Antaeus,Soviet space program,4 d 22 h 42 min,https://en.wikipedia.org/wiki/Soyuz_6,"Soyuz 6 was part of a joint October, 1969, mission with Soyuz 7 and Soyuz 8 that saw the three Soyuz spacecraft in orbit together at the same time, carrying a total of seven cosmonauts. The crew of Georgy Shonin and Valeri Kubasov were meant to take high-quality movie photography of the Soyuz 7 and Soyuz 8 docking, but the rendezvous systems on all three spacecraft failed. It is still not known exactly what the actual problem was, but it is often quoted as being a helium pressurisation integrity test.",,,,,,
"Anatoly Filipchenko, Vladislav Volkov, Victor Gorbatko",USSR/Russia,,First three-craft spaceflight.,N,N,N,5.0,1969-10-12,Soyuz 7,1969-10-17,Soyuz 7,1969,Soyuz,Soyuz 7K-OK No.15,"Baikonur, Site 1/5","155 km at the northwest of Karaganda, Kazakhstan",Blizzard,Soviet space program,4 d 22 h 40 min,https://en.wikipedia.org/wiki/Soyuz_7,"Soyuz 7 was part of an October, 1969, joint mission with Soyuz 6 and Soyuz 8 that saw three Soyuz spacecraft in orbit together at the same time, carrying a total of seven cosmonauts. The crew consisted of commander Anatoly Filipchenko, flight engineer Vladislav Volkov and research-cosmonaut Viktor Gorbatko, whose mission was to dock with Soyuz 8 and transfer crew, as the Soyuz 4 and Soyuz 5 missions did. Soyuz 6 was to film the operation from nearby.",,,,,,
"Vladimir Shatalov, Alexey Yeliseyev",USSR/Russia,,First three-craft spaceflight.,N,N,N,5.0,1969-10-13,Soyuz 8,1969-10-18,Soyuz 8,1969,Soyuz,Soyuz 7K-OK No.16,"Baikonur, Site 31/6","Kazakh Steppe, Kazakhstan",Granite,Soviet space program,4 d 22 h 50 min,https://en.wikipedia.org/wiki/Soyuz_8,"Soyuz 8 was part of an October, 1969, joint mission with Soyuz 6 and Soyuz 7 that saw three Soyuz spacecraft in orbit together at the same time, carrying a total of seven cosmonauts. The crew consisted of commander Vladimir Shatalov and flight engineer Aleksei Yeliseyev, whose mission was to dock with Soyuz 7 and transfer crew, as the Soyuz 4 and Soyuz 5 missions did. Soyuz 6 was to film the operation from nearby.",,,,,,
"Charles P. Conrad, Richard F. Gordon, Alan L. Bean",USA,Moon,Second lunar landing. Precision landing near Surveyor 3.,N,Y,N,10.0,1969-11-14,Apollo 12,1969-11-24,Apollo 12,1969,Saturn V SA-507,,"Kennedy, LC-39A",South Pacific Ocean,,NASA,10 d 4 h 36 min,https://en.wikipedia.org/wiki/Apollo_12,"Apollo 12 was the sixth crewed flight in the United States Apollo program and the second to land on the Moon. It was launched on November 14, 1969, by NASA from the Kennedy Space Center in Florida, landing on the part of the Moon called the Ocean of Storms on November 19, 1969. Commander Charles ""Pete"" Conrad and Lunar Module Pilot Alan L. Bean completed just over one day and seven hours of lunar surface activity while Command Module Pilot Richard F. Gordon remained in lunar orbit.",,,,,,
"James A. Lovell, John L. Swigert, Fred W. Haise",USA,Moon,Lunar landing aborted following explosion en route.,N,Y,N,6.0,1970-04-11,Apollo 13,1970-04-17,Apollo 13,1970,Saturn V SA-508,,Kennedy LC-39A,South Pacific Ocean,,NASA,5 d 22 h 54 min,https://en.wikipedia.org/wiki/Apollo_13,"Apollo 13 was the seventh crewed mission in the Apollo space program and would have been the third Moon landing. The craft was launched from Kennedy Space Center on April 11, 1970, but the landing was aborted after an oxygen tank in the service module exploded two days into the mission, disabling its electrical and life-support system. The crew, supported by backup systems on the Apollo Lunar Module, instead looped around the Moon in a circumlunar trajectory and returned safely to Earth on April 17.",,,,,,
"Andriyan Nikolayev, Vitaly Sevastyanov",USSR/Russia,,Investigations into effects of prolonged spaceflight. Record duration mission for single spacecraft.,N,N,N,18.0,1970-06-01,Soyuz 9,1970-06-19,Soyuz 9,1970,Soyuz,Soyuz 7K-OK No.17,"Baikonur, Site 31/6",Steppes in Kazakhstan,Falcon,Soviet space program,17 d 16 h 58 min,https://en.wikipedia.org/wiki/Soyuz_9,"Soyuz 9 was a Soviet crewed space flight launched in June 1970. The two-man crew of Andriyan Nikolayev and Vitaly Sevastyanov broke the five-year-old space endurance record held by Gemini 7, with their nearly 18-day flight. The mission enabled the Salyut space station missions, investigating the effects of long-term weightlessness on crew, and evaluating the work that the cosmonauts could do in orbit, individually and as a team.",,,,,,
"Alan B. Shepard, Stuart A. Roosa, Edgar D. Mitchell",USA,Moon,Third lunar landing. Shepard becomes only Mercury astronaut to walk on moon and hits golf ball on moon's surface.,N,Y,N,9.0,1971-01-31,Apollo 14,1971-02-09,Apollo 14,1971,Saturn V SA-509,,Kennedy LC-39A,South Pacific Ocean,,NASA,9 d 1 min,https://en.wikipedia.org/wiki/Apollo_14,"Apollo 14 was the eighth crewed mission in the United States Apollo program operated by NASA, the third to land on the Moon, and the first to land in the lunar highlands. It was the last of the ""H missions"", landings at specific sites of scientific interest on the Moon for two-day stays with two lunar extravehicular activities. The mission was originally scheduled for 1970, but was postponed because of the investigation following the failure of Apollo 13 to reach the Moon's surface, and the need for modifications to the spacecraft as a result.",,,,,,
"Vladimir Shatalov, Alexey Yeliseyev, Nikolay Rukavishnikov",USSR/Russia,,Unsuccessful attempt to board Salyut 1 space station.,N,N,N,2.0,1971-04-23,Soyuz 10,1971-04-25,Soyuz 10,1971,Soyuz 11A511,Soyuz 7K-T No. 31,Baikonur 1/5,"120 km northeast of Karaganda, Kazakhstan",Granite,Soviet space program,1 d 23 h,https://en.wikipedia.org/wiki/Soyuz_10,"Soyuz 10 was launched on 22 April 1971 as the world's first mission to the world's first space station, the Soviet Salyut 1. The docking was not successful and the crew, Vladimir Shatalov, Aleksei Yeliseyev, and Nikolai Rukavishnikov, returned to Earth without having entered the station. Following difficulties in docking pairs of Soyuz capsules, this would be the first of numerous docking failures in the Soviet space station program.",,,,,,
"Georgy Dobrovolsky, Victor Patsayev, Vladislav Volkov",USSR/Russia,Salyut 1,Successful boarding of Salyut 1 (first manned space station). All crew died on re-entry due to air leak.,Y,N,N,23.0,1971-06-06,Soyuz 11,1971-06-29,Soyuz 11,1971,Soyuz,"Soyuz, 7K-T No. 32","Baikonur, Site 1/5","southwest of Karazhal, Karaganda Oblast, Kazakh SSR, Soviet Union",Amber,Soviet space program,23 d 18 h 21 min,https://en.wikipedia.org/wiki/Soyuz_11,"Soyuz 11 was the only crewed mission to board the world's first space station, Salyut 1. The crew – Georgy Dobrovolsky, Vladislav Volkov, and Viktor Patsayev – arrived at the space station on 7 June 1971, and departed on 29 June 1971. The mission ended in disaster when the crew capsule depressurised during preparations for re-entry, killing the three-person crew.",,,,,,
"David R. Scott, Alfred M. Worden, James B. Irwin",USA,Moon,Fourth lunar landing. First Lunar Rover.,N,Y,N,12.0,1971-07-26,Apollo 15,1971-08-07,Apollo 15,1971,Saturn V SA-510,,"Kennedy, LC-39A",North Pacific Ocean,,NASA,12 d 7 h 11 min,https://en.wikipedia.org/wiki/Apollo_15,"Apollo 15 was the ninth crewed mission in the Apollo program and the fourth Moon landing. It was the first J mission, with a longer stay on the Moon and a greater focus on science than earlier landings. Apollo 15 saw the first use of the Lunar Roving Vehicle.",,,,,,
"John W. Young, Thomas K. Mattingly, Charles M. Duke",USA,Moon,Fifth lunar landing.,N,Y,N,11.0,1972-04-16,Apollo 16,1972-04-27,Apollo 16,1972,Saturn V SA-511,,Kennedy LC-39A,South Pacific Ocean,,NASA,11 d 1 h 51 min,https://en.wikipedia.org/wiki/Apollo_16,"Apollo 16 was the tenth crewed mission in the United States Apollo space program, administered by NASA, and the fifth and penultimate to land on the Moon. It was the second of Apollo's ""J missions"", with an extended stay on the lunar surface, a focus on science, and the use of the Lunar Roving Vehicle. The landing and exploration were in the Descartes Highlands, a site chosen because some scientists expected it to be an area formed by volcanic action, though this proved not to be the case.",,,,,,
"Eugene A. Cernan, Ronald E. Evans, Harrison H. Schmitt",USA,Moon,Sixth and last lunar landing.,N,Y,N,12.0,1972-12-07,Apollo 17,1972-12-19,Apollo 17,1972,Saturn V SA-512,,"Kennedy, LC-39A",South Pacific Ocean,,NASA,12 d 13 h 51 min,https://en.wikipedia.org/wiki/Apollo_17,"Apollo 17 was the eleventh and final crewed mission of NASA's Apollo program, the sixth and most recent time humans have set foot on the Moon. Commander Gene Cernan and Lunar Module Pilot Harrison Schmitt walked on the Moon, while Command Module Pilot Ronald Evans orbited above. Schmitt was the only professional geologist to land on the Moon; he was selected in place of Joe Engle, as NASA had been under pressure to send a scientist to the Moon.",,,,,,
"Charles P. Conrad, Paul J. Weitz, Joseph P. Kerwin",USA,Skylab,First manned mission to Skylab space station. Spent almost one month in space.,N,N,N,28.0,1973-05-25,Skylab 2,1973-06-22,Skylab 2,1973,Saturn IB SA-206,Apollo CSM-116,"Kennedy, LC-39B",,,NASA,28 d 49 min,https://en.wikipedia.org/wiki/Skylab_2,"Skylab 2 was the first crewed mission to Skylab, the first American orbital space station. The mission was launched on an Apollo command and service module by a Saturn IB rocket on May 25, 1973, and carried NASA astronauts Pete Conrad, Joseph P. Kerwin, Paul J. Weitz to the station. The name Skylab 2 also refers to the vehicle used for that mission.",,,,,,
"Alan L. Bean, Jack R. Lousma, Owen K. Garriott",USA,Skylab,Spent almost two months in space. Miscellaneous scientific experiments.,N,N,N,59.0,1973-07-28,Skylab 3,1973-09-25,Skylab 3,1973,Saturn IB SA-207,Apollo CSM-117,Kennedy LC-39B,,,NASA,59 d 11 h 09 min,https://en.wikipedia.org/wiki/Skylab_3,"Skylab 3 was the second crewed mission to the first American space station, Skylab. The mission began on July 28, 1973, with the launch of NASA astronauts Alan Bean, Owen Garriott, and Jack Lousma in the Apollo command and service module on the Saturn IB rocket, and lasted 59 days, 11 hours and 9 minutes. A total of 1,084.7 astronaut-utilization hours were tallied by the Skylab 3 crew performing scientific experiments in the areas of medical activities, solar observations, Earth resources, and other experiments.",,,,,,
"Vasily Lazarev, Oleg Makarov",USSR/Russia,,Test flight of new Soyuz design following Soyuz 11 disaster.,N,N,N,2.0,1973-09-27,Soyuz 12,1973-09-29,Soyuz 12,1973,Soyuz,Soyuz 7K-T No.1,"Baikonur, Site 1/5","400 km at the southwest of Karaganda, Kazakhstan",Ural,Soviet space program,1 d 23 h 15 min,https://en.wikipedia.org/wiki/Soyuz_12,"Soyuz 12 was a September, 1973, crewed test flight by the Soviet Union of the newly redesigned Soyuz 7K-T spacecraft that was intended to provide greater crew safety in the wake of the Soyuz 11 tragedy. The flight marked the return of the Soviets to crewed space operations after the 1971 accident. The crew capacity of the capsule had been decreased from three to two cosmonauts to allow for pressure suits to be worn during launch, re-entry and docking.",,,,,,
"Gerald P. Carr, William R. Pogue, Edward G. Gibson",USA,Skylab,Spent almost three months in space. Miscellaneous scientific experiments conducted.,N,N,N,85.0,1973-11-16,Skylab 4,1974-02-08,Skylab 4,1973,Saturn IB SA-208,Apollo CSM-118,Kennedy LC-39B,,,NASA,84 d 1 h 15 min,https://en.wikipedia.org/wiki/Skylab_4,"Skylab 4 was the third crewed Skylab mission and placed the third and final crew aboard the first American space station. The mission began on November 16, 1973, with the launch of Gerald P. Carr, Edward Gibson, and William R. Pogue in an Apollo command and service module on a Saturn IB rocket from the Kennedy Space Center, Florida, and lasted 84 days, one hour and 16 minutes. A total of 6,051 astronaut-utilization hours were tallied by the Skylab 4 astronauts performing scientific experiments in the areas of medical activities, solar observations, Earth resources, observation of the Comet Kohoutek and other experiments.",,,,,,
"Valentin Lebedev, Pyotr Klimuk",USSR/Russia,,"Second test of redesigned Soyuz capsule.
 Astrophysical observations.",N,N,N,8.0,1973-12-18,Soyuz 13,1973-12-26,Soyuz 13,1973,Soyuz,Soyuz 7K-T No.2,"Baikonur, Site 1/5","200 km at the southwest of Karaganda, Kazakhstan",Caucasus,Soviet space program,7 d 20 h 55 min,https://en.wikipedia.org/wiki/Soyuz_13,"Soyuz 13 was a December, 1973, Soviet crewed space flight, the second test flight of the redesigned Soyuz 7K-T spacecraft that first flew as Soyuz 12. The spacecraft was specially modified to carry the Orion 2 Space Observatory. The flight, crewed by Pyotr Klimuk and Valentin Lebedev, was the Soviet Union's first dedicated science mission, and was the first mission controlled by the new Kaliningrad Mission Control Center.",,,,,,
"Yury Artyukhin, Pavel Popovich",USSR/Russia,Salyut 3,Military mission. Evaluation of military applications of human spaceflight.,N,N,N,16.0,1974-07-03,Soyuz 14,1974-07-19,Soyuz 14,1974,Soyuz 11A511,Soyuz 7K-T No.3,Baikonur 1/5,"at the southeast of Dzhezkazgan, Kazakhstan",Golden Eagle,Soviet space program,15 d 17 h,https://en.wikipedia.org/wiki/Soyuz_14,"Soyuz 14 was a July, 1974, crewed spaceflight to the Salyut 3 space station. Soyuz 14 is also the name given to the Soyuz spacecraft which was used to bring the cosmonauts to and from the station. The mission was part of the Soviet Union's Almaz program to evaluate the military applications of crew spaceflight.",,,,,,
"Lev Demin, Gennady Sarafanov",USSR/Russia,,Failed to board Salyut 3 space station.,N,N,N,2.0,1974-08-26,Soyuz 15,1974-08-28,Soyuz 15,1974,Soyuz 11A511,Soyuz 7K-T No.4,Baikonur 1/5,at the southwest of Tselinograd,Danube,Soviet space program,2 d,https://en.wikipedia.org/wiki/Soyuz_15,"Soyuz 15 was an August 1974 crewed space flight which was to have been the second mission to the Soviet Union's Salyut 3 space station with presumably military objectives. Launched 26 August 1974, the Soyuz spacecraft arrived at the station, but cosmonauts Gennady Sarafanov and Lev Dyomin were unable to dock because the electronics in the Igla docking system malfunctioned. Without sufficient fuel for prolonged attempts at manual docking, the mission had to be abandoned.",,,,,,
"Anatoly Filipchenko, Nikolay Rukavishnikov",USSR/Russia,,Systems testing in preparation for joint Soviet-US space flight.,N,N,N,6.0,1974-12-02,Soyuz 16,1974-12-08,Soyuz 16,1974,Soyuz-U,Soyuz 7K-TM No.4,Baikonur 1/5,"of the northeast of Arkalyk, Kazakhstan",Blizzard,Soviet space program,5 d 22 h,https://en.wikipedia.org/wiki/Soyuz_16,"Soyuz 16 was a December, 1974, crewed test flight for a joint Soviet-United States space flight which culminated in the Apollo–Soyuz mission in July 1975. The two-man Soviet crew, Anatoly Filipchenko and Nikolai Rukavishnikov, tested a docking ring and other systems to be used in the joint flight.",,,,,,
"Georgy Grechko, Alexey Gubarev",USSR/Russia,Salyut 4,Astronomical observations.,N,N,N,30.0,1975-01-11,Soyuz 17,1975-02-10,Soyuz 17,1975,Soyuz,Soyuz 7K-T No.5,"Baikonur, Site 1/5","110 km at the northeast of Tselinograd, Kazakhstan",Zenith,Soviet space program,29 d 13 h 19 min,https://en.wikipedia.org/wiki/Soyuz_17,"Soyuz 17 was the first of two long-duration missions to the Soviet Union's Salyut 4 space station in 1975. The flight by cosmonauts Aleksei Gubarev and Georgy Grechko set a Soviet mission-duration record of 29 days, surpassing the 23-day record set by the ill-fated Soyuz 11 crew aboard Salyut 1 in 1971.",,,,,,
"Vasily Lazarev, Oleg Makarov",USSR/Russia,,Failed to reach orbit due to malfunction.,N,N,Y,0.0,1975-04-05,Soyuz 18a,1975-04-05,Soyuz 18a,1975,Soyuz,Soyuz 7K-T No.6,"Baikonur, Site 1/5","Altai Mountains, Kazakhstan (official)",Ural,Soviet space program,60 d 21 min,https://en.wikipedia.org/wiki/Soyuz_7K-T_No.39,"Soyuz 7K-T No.39 was an unsuccessful launch of a crewed Soyuz spacecraft by the Soviet Union in 1975. The mission was expected to dock with the orbiting Salyut 4 space station, but due to a failure of the Soyuz launch vehicle the crew failed to make orbit. The crew consisted of commander Vasily Lazarev, and flight engineer Oleg Makarov, a civilian.",,,,,,
"Pyotr Klimuk, Vitaly Sevastyanov",USSR/Russia,Salyut 4,Research into long-term stays in space.,N,N,N,64.0,1975-05-24,Soyuz 18,1975-07-26,Soyuz 18,1975,Soyuz-U,Soyuz 7K-T No. 7,"Baikonur, Site 1/5","east of Arkalyk, Kazakhstan",Caucasus,Soviet space program,62 d 23 h 20 min,https://en.wikipedia.org/wiki/Soyuz_18,"Soyuz 18 was a 1975 Soviet crewed mission to Salyut 4, the second and final crew to man the space station. Pyotr Klimuk and Vitaly Sevastyanov set a new Soviet space endurance record of 63 days and the mark for most people in space simultaneously was tied during the mission.",,,,,,
"Alexey Leonov, Valery Kubasov",USSR/Russia,,"Apollo-Soyuz Test Project (ASTP); first joint Soviet–US spaceflight. The two craft dock in space with exchange of flags and gifts.
 Last manned US mission until STS-1 in 1981.",N,N,N,6.0,1975-07-15,Soyuz 19,1975-07-21,Soyuz 19,1975,Soyuz-U,,,,,Soviet space program,,,,,,,,,
"Thomas P. Stafford, Vance D. Brand, Donald K. Slayton",USA,,First joint US-Soviet spaceflight: Apollo docked with Soyuz 19 in orbit.,N,N,N,9.0,1975-07-15,Apollo-Soyuz,1975-07-24,Apollo-Soyuz,1975,,,,,,,,,,,,,,,
"Boris Volynov, Vitaly Zholobov",USSR/Russia,Salyut 5,Assessment of Salyut 5 station's military surveillance capabilities.,N,N,N,49.0,1976-07-06,Soyuz 21,1976-08-24,Soyuz 21,1976,Soyuz 11A511,Soyuz 7K-T No.9,Baikonur 1/5,"200 km at the southwest of Kokshetau, Kazakhstan",Lake Baikal,Soviet space program,49 d 6 h,https://en.wikipedia.org/wiki/Soyuz_21,"Soyuz 21 was a 1976 Soviet crewed mission to the Salyut 5 space station, the first of three flights to the station. The mission's objectives were mainly military in scope, but included other scientific work. The mission ended abruptly with cosmonauts Boris Volynov and Vitaly Zholobov returning to Earth after 49 days in orbit.",,,,,,
"Valery Bykovsky, Vladimir Aksyonov",USSR/Russia,,Earth photography.,N,N,N,8.0,1976-09-15,Soyuz 22,1976-09-23,Soyuz 22,1976,Soyuz-U,Soyuz 7K,"Baikonur, Site 1/5","150 km at the northwest of Tselinograd, Kazakhstan",Hawk,Soviet space program,7 d 21 h 52 min,https://en.wikipedia.org/wiki/Soyuz_22,"Soyuz 22 was a September 1976, Soviet crewed spaceflight. It was an Earth sciences mission using a modified Soyuz spacecraft, and was also, some observers speculated, a mission to observe NATO exercises near Norway. The spacecraft was a refurbished Soyuz that had served as a backup for the Apollo-Soyuz Test Project mission the previous year.",,,,,,
"Vyacheslav Zudov, Valery Rozhdestvensky",USSR/Russia,,Failed to board Salyut 5 space station.,N,N,N,2.0,1976-10-14,Soyuz 23,1976-10-16,Soyuz 23,1976,Soyuz,Soyuz 7K-T No.10,"Baikonur, Site 1/5","Lake Tengiz, Kazakhstan",Radon,Soviet space program,2 d 6 min,https://en.wikipedia.org/wiki/Soyuz_23,"Soyuz 23 was an October 1976, Soviet crewed space flight, the second to the Salyut 5 space station. Cosmonauts Vyacheslav Zudov and Valery Rozhdestvensky arrived at the station, but an equipment malfunction did not allow docking and the mission had to be aborted. The crew returned to Earth, but landed on partially frozen Lake Tengiz, the first crewed splashdown in the Soviet space program.",,,,,,
"Victor Gorbatko, Yury Glazkov",USSR/Russia,Salyut 5,Investigation of air quality on board Salyut 5.,N,N,N,18.0,1977-02-07,Soyuz 24,1977-02-25,Soyuz 24,1977,Soyuz-U,Soyuz 7K-T No.11,"Baikonur, Site 1/5","37 km at the northeast of Arkalyk, Kazakhstan",Terek River,Soviet space program,17 d 17 h 26 min,https://en.wikipedia.org/wiki/Soyuz_24,"Soyuz 24 was a February, 1977, Soviet mission to the Salyut 5 space station, the third and final mission to the station, the last purely military crew for the Soviets and the final mission to a military Salyut. The cosmonauts Viktor Gorbatko and Yuri Glazkov re-activated the station after toxic fumes had apparently terminated the mission of Soyuz 21, the previous crew. They performed biological and materials experiments while on board.",,,,,,
"Vladimir Kovalyonok, Valery Ryumin",USSR/Russia,,Failed to board Salyut 6 space station.,N,N,N,2.0,1977-10-09,Soyuz 25,1977-10-11,Soyuz 25,1977,Soyuz-U,Soyuz 7K-T,Baikonur 1/5,NW of Tselinograd,Photon,Soviet space program,2 d 44 min,https://en.wikipedia.org/wiki/Soyuz_25,"Soyuz 25 was an October 1977 Soviet crewed space flight, the first to the new Salyut 6 space station, which had been launched 10 days earlier. However, the mission was aborted when cosmonauts Vladimir Kovalyonok and Valery Ryumin failed to engage the docking latches of the station despite five attempts. Lacking sufficient fuel to attempt a dock at the other end of the station and with battery power for only two days, they returned to Earth.",,,,,,
"Georgy Grechko, Yury Romanenko",USSR/Russia,Salyut 6,First successful docking with Salyut 6.,N,N,N,97.0,1977-12-10,Soyuz 26,1978-03-16,Soyuz 27,1977,Soyuz-U,Soyuz 7K-T,Baikonur 1/5,W of Tselinograd,Taymyr Peninsula,Soviet space program,37 d 10 h 6 min,https://en.wikipedia.org/wiki/Soyuz_26,"Soyuz 26 was a Soviet space mission which launched the crew of Salyut 6 EO-1, the first long duration crew on the space station Salyut 6. The Soyuz spacecraft was launched on 10 December 1977, and docked with the space station the next day. Soyuz 27 arrived at the station in January 1978, and its two-person crew transferred into the Soyuz 26 spacecraft to undock and land a few days later.",,,,,,
"Vladimir Dzhanibekov, Oleg Makarov",USSR/Russia,Salyut 6,"Soyuz 27 (Russian: Союз 27, Union 27) was a 1978 Soviet crewed spacecraft which flew to the orbiting Salyut 6 space station, during the mission EP-1. It was the third crewed flight to the station, the second successful docking and the first visitation mission.",N,N,N,6.0,1978-01-10,Soyuz 27,1978-01-16,Soyuz 26,1978,Soyuz-U s/n D15000-106,Soyuz s/n 44,"Baikonur, Site 1/5",310 km at west of Tselinograd,Pamir Mountains,OKB-1,65 d,https://en.wikipedia.org/wiki/Soyuz_27,"Soyuz 27 was a 1978 Soviet crewed spacecraft which flew to the orbiting Salyut 6 space station, during the mission EP-1. It was the third crewed flight to the station, the second successful docking and the first visitation mission. Once docked, it marked the first time that three spacecraft were docked together.",,,,,,
"Alexey Gubarev, Vladimír Remek",USSR/Russia,Salyut 6,First Czech astronaut and first astronaut not from USA or USSR (Remek).,N,N,N,8.0,1978-03-02,Soyuz 28,1978-03-10,Soyuz 28,1978,Soyuz-U,Soyuz 7K-T,Baikonur 1/5,,Zenith,Soviet space program,7 d 22 h,https://en.wikipedia.org/wiki/Soyuz_28,"Soyuz 28 was a March 1978 Soviet crewed mission to the orbiting Salyut 6 space station. It was the fourth mission to the station, the third successful docking, and the second visit to the resident crew launched in Soyuz 26. Cosmonaut Vladimír Remek from Czechoslovakia became the first person launched into space who was not a citizen of the United States or the Soviet Union.",,,,,,
"Vladimir Kovalyonok, Alexander Ivanchenkov",USSR/Russia,Salyut 6,Salyut 6 crew rotation.,N,N,N,141.0,1978-06-15,Soyuz 29,1978-11-02,Soyuz 31,1978,Soyuz-U,Soyuz 7K-T,Baikonur 1/5,,Photon,Soviet space program,79 d 15 h,https://en.wikipedia.org/wiki/Soyuz_29,"Soyuz 29 was a 1978 crewed Soviet space mission to the Salyut 6 space station. It was the fifth mission, the fourth successful docking, and the second long-duration crew for the orbiting station. Commander Vladimir Kovalyonok and flight engineer Aleksandr Ivanchenkov established a new space-endurance record of 139 days.",,,,,,
"Pyotr Klimuk, Mirosław Hermaszewski",USSR/Russia,Salyut 6,Life sciences experiments. Earth observations and study of aurora borealis. First Pole in space (Hermaszewski).,N,N,N,8.0,1978-06-27,Soyuz 30,1978-07-05,Soyuz 30,1978,Soyuz-U,Soyuz 7K-T/A9,Baikonur 1/5,W of Tselinograd,Caucasus,Soviet space program,7 d 22 h,https://en.wikipedia.org/wiki/Soyuz_30,Soyuz 30 was a 1978 crewed Soviet space flight to the Salyut 6 space station. It was the sixth mission to and fifth successful docking at the orbiting facility. The Soyuz 30 crew were the first to visit the long-duration Soyuz 29 resident crew.,,,,,,
"Valery Bykovsky, Sigmund Jähn",USSR/Russia,Salyut 6,First East German in space (Jähn).,N,N,N,8.0,1978-08-26,Soyuz 31,1978-09-03,Soyuz 29,1978,Soyuz-U,Soyuz 7K-T,Baikonur 1/5,SE of Dzhezkazgan,Hawk,Soviet space program,67 d 20 h,https://en.wikipedia.org/wiki/Soyuz_31,Soyuz 31 was a 1978 Soviet crewed space flight to the Salyut 6 space station. It was the seventh mission to and sixth successful docking at the orbiting facility. The Soyuz 31 crew were the second to visit the long-duration Soyuz 29 resident crew.,,,,,,
"Vladimir Lyakhov, Valery Ryumin",USSR/Russia,Salyut 6,Salyut 6 crew rotation.,N,N,N,176.0,1979-02-25,Soyuz 32,1979-08-19,Soyuz 34,1979,Soyuz-U,Soyuz 7K-T,Baikonur 1/5,SE of Dzhezkazgan,Proton,Soviet space program,108 d 4 h,https://en.wikipedia.org/wiki/Soyuz_32,Soyuz 32 was a 1979 Soviet crewed space flight to the Salyut 6 space station. It was the eighth mission to and seventh successful docking at the orbiting facility. The Soyuz 32 crew was the third long-duration crew to man the space station.,,,,,,
"Nikolay Rukavishnikov, Georgy Ivanov",USSR/Russia,,Failed to board Salyut 6 space station. First Bulgarian in space (Ivanov).,N,N,N,2.0,1979-04-10,Soyuz 33,1979-04-12,Soyuz 33,1979,Soyuz-U,Soyuz 7K-T,Baikonur 1/5,SE of Dzhezkazgan,Saturn,Soviet space program,1 d 23 h,https://en.wikipedia.org/wiki/Soyuz_33,"Soyuz 33 was an April, 1979, Soviet crewed space flight to the Salyut 6 space station. It was the ninth mission to the orbiting facility, but an engine failure forced the mission to be aborted, and the crew had to return to Earth before docking with the station. It was the first failure of a Soyuz engine during orbital operations.",,,,,,
"Leonid Popov, Valery Ryumin",USSR/Russia,Salyut 6,Salyut 6 crew rotation.,N,N,N,186.0,1980-04-09,Soyuz 35,1980-10-11,Soyuz 37,1980,Soyuz-U,Soyuz 7K-T,Baikonur 31/6,SE of Dzhezkazgan,Dnieper,Soviet space program,55 d 1 h,https://en.wikipedia.org/wiki/Soyuz_35,Soyuz 35 was a 1980 Soviet crewed space flight to the Salyut 6 space station. It was the 10th mission to and eighth successful docking at the orbiting facility. The Soyuz 35 crew were the fourth long-duration crew to man the space station.,,,,,,
"Valery Kubasov, Bertalan Farkas",USSR/Russia,Salyut 6,"Materials processing, Earth observation and life sciences experiments. First Hungarian in space (Farkas).",N,N,N,8.0,1980-05-26,Soyuz 36,1980-06-03,Soyuz 35,1980,Soyuz-U,Soyuz 7K-T,Baikonur 31/6,SE of Dzhezkazgan,Orion,Soviet space program,65 d 20 h 54 min,https://en.wikipedia.org/wiki/Soyuz_36,Soyuz 36 was a 1980 Soviet crewed space flight to the Salyut 6 space station. It was the 11th mission to and ninth successful docking at the orbiting facility. The Soyuz 36 crew were the first to visit the long-duration Soyuz 35 resident crew.,,,,,,
"Yury Malyshev, Vladimir Aksyonov",USSR/Russia,Salyut 6,First manned flight of the Soyuz T.,N,N,N,4.0,1980-06-05,Soyuz T-2,1980-06-09,Soyuz T-2,1980,Soyuz-U,Soyuz-T,Baikonur 1/5,SE of Dzhezkazgan,Jupiter,Soviet space program,3 d 22 h 19 min,https://en.wikipedia.org/wiki/Soyuz_T-2,Soyuz T-2 was a 1980 Soviet crewed space flight to the Salyut 6 space station. It was the 12th mission to and 10th successful docking at the orbiting facility. The Soyuz T-2 crew were the second to visit the long-duration Soyuz 35 resident crew.,,,,,,
"Victor Gorbatko, Pham Tuân",USSR/Russia,Salyut 6,Miscellaneous scientific experiments. First Vietnamese and first Asian outside USSR in space (Tuan).,N,N,N,8.0,1980-07-23,Soyuz 37,1980-07-31,Soyuz 36,1980,Soyuz-U,Soyuz 7K-T,Baikonur 1/5,SE of Dzhezkazgan,Terek River,Soviet space program,79 d 15 h 16 min,https://en.wikipedia.org/wiki/Soyuz_37,Soyuz 37 was a 1980 Soviet crewed space flight to the Salyut 6 space station. It was the 13th mission to and 11th successful docking at the orbiting facility. The Soyuz 37 crew were the third to visit the long-duration Soyuz 35 resident crew.,,,,,,
"Yury Romanenko, Arnaldo Tamayo-Mendez",USSR/Russia,Salyut 6,First Cuban and first black person in space (Tamayo-Mendez).,N,N,N,8.0,1980-09-18,Soyuz 38,1980-09-26,Soyuz 38,1980,Soyuz-U,Soyuz 7K-T,Baikonur 1/5,175 km SE of Dzhezkazgan,Taimyr,Soviet space program,7 d 20 h 43 min,https://en.wikipedia.org/wiki/Soyuz_38,"Soyuz 38 was a human spaceflight mission conducted by the Soviet Union during September 1980. The Soyuz spacecraft brought two visiting crew members to the Salyut 6 space station, one of whom was an Intercosmos cosmonaut from Cuba.",,,,,,
"Leonid Kizim, Oleg Makarov, Gennady Strekalov",USSR/Russia,Salyut 6,Salyut 6 refurbishment.,N,N,N,13.0,1980-11-27,Soyuz T-3,1980-12-10,Soyuz T-3,1980,Soyuz-U,Soyuz-T,Baikonur 1/5,from Dzhezkazgan,Mayak (Beacon,Soviet space program,12 d 19 h 7 min,https://en.wikipedia.org/wiki/Soyuz_T-3,"Soyuz T-3 was a Soviet spaceflight, launched on 27 November 1980 to the Salyut 6 space station. It was the first Soyuz spacecraft to carry three cosmonauts following the fatal Soyuz 11 disaster in 1971. The mission was both an early flight of the new Soyuz-T variant craft, as well as one of the later flights to the Salyut 6 station, which had successfully received several crews and visiting craft in recent years.",,,,,,
"Vladimir Kovalyonok, Victor Savinykh",USSR/Russia,Salyut 6,"Soyuz T-4 was a Soviet space mission which launched the crew of Salyut 6 EO-6, the sixth and final long-duration crew of the Salyut 6 space station. It was launched on 12 March 1981 and docked with the station the next day.",N,N,N,75.0,1981-03-13,Soyuz T-4,1981-05-26,Soyuz T-4,1981,Soyuz-U,Soyuz-T,Baikonur 1/5,E Dzhezkazgan,Photon,Soviet space program,74 d 17 h 37 min,https://en.wikipedia.org/wiki/Soyuz_T-4,"Soyuz T-4 was a Soviet space mission which launched the crew of Salyut 6 EO-6, the sixth and final long-duration crew of the Salyut 6 space station. It was launched on 12 March 1981 and docked with the station the next day. During their stay, the EO-6 crew was visited by Soyuz 39 and Soyuz 40.",,,,,,
"Vladimir Dzhanibekov, Jügderdemidiin Gürragchaa",USSR/Russia,Salyut 6,First Mongolian in space (Gürragchaa).,N,N,N,7.0,1981-03-22,Soyuz 39,1981-03-29,Soyuz 39,1981,Soyuz-U,Soyuz 7K-T,Baikonur 1/5,175 km SE of Dzhezkazgan,Pamir (Pamirs,Soviet space program,7 d 20 h 42 min,https://en.wikipedia.org/wiki/Soyuz_39,"Soyuz 39 was a 1981 Soviet crewed space flight to the Salyut 6 space station. It was the fifteenth expedition, and carried the eighth international crew to the orbiting facility. The crew visited Vladimir Kovalyonok and Viktor Savinykh, who had reached Salyut-6 ten days prior.",,,,,,
"John W. Young, Robert L. Crippen",USA,,First space shuttle flight. Systems test.,N,N,N,2.0,1981-04-12,STS-1 (Columbia),1981-04-14,STS-1 (Columbia),1981,,,"Kennedy, LC-39A","Edwards, Runway23",,NASA,2 d 6 h,https://en.wikipedia.org/wiki/STS-1,"STS-1 was the first orbital spaceflight of NASA's Space Shuttle program. The first orbiter, Columbia, launched on April 12, 1981, and returned on April 14, 1981, 54.5 hours later, having orbited the Earth 37 times. Columbia carried a crew of two—commander John W. Young and pilot Robert L. Crippen.",,,,,,
"Leonid Popov, Dumitru Prunariu",USSR/Russia,Salyut 6,First Romanian in space (Prunariu). Magnetic field observations. Final Soyuz flight.,N,N,N,8.0,1981-05-14,Soyuz 40,1981-05-22,Soyuz 40,1981,Soyuz-U,Soyuz 7K-T,Baikonur 1/5,225 km SE of Dzhezkazgan,Dnieper,Soviet space program,7 d 20 h,https://en.wikipedia.org/wiki/Soyuz_40,The Soyuz 40 mission was a 1981 Soviet crewed spaceflight and the final flight of the Soyuz 7K-T spacecraft. It was a collaboration between the Soviet Union and Romania.,,,,,,
"Joseph H. Engle, Richard H. Truly",USA,,First re-use of a manned spacecraft. Systems test. Earth science observations.,N,N,N,2.0,1981-11-12,STS-2 (Columbia),1981-11-14,STS-2 (Columbia),1981,Space Shuttle,,"Kennedy, LC-39A","Edwards, Runway23",,NASA,2 d 6 h,https://en.wikipedia.org/wiki/STS-2,"STS-2 was the second Space Shuttle mission conducted by NASA, and the second flight of the orbiter Columbia. The mission, crewed by Joe H. Engle and Richard H. Truly, launched on November 12, 1981, and landed two days later on November 14, 1981. STS-2 marked the first time that a crewed, reusable orbital vehicle returned to space.",,,,,,
"Jack R. Lousma, C. Gordon Fullerton",USA,,Further system testing. Miscellaneous scientific experiments and Earth science observations.,N,N,N,8.0,1982-03-22,STS-3 (Columbia),1982-03-30,STS-3 (Columbia),1982,,,"Kennedy, LC-39A","White Sands, Northrop Strip Runway17",,NASA,8 d,https://en.wikipedia.org/wiki/STS-3,"STS-3 was NASA's third Space Shuttle mission and the third mission for the Space Shuttle Columbia. It launched on March 22, 1982 and landed eight days later on March 30, 1982. The mission, crewed by Jack R. Lousma and C. Gordon Fullerton, involved extensive orbital endurance testing of Columbia itself, as well as numerous scientific experiments.",,,,,,
"Anatoly Berezovoy, Valentin Lebedev",USSR/Russia,Salyut 7,First mission to Salyut 7. Deployment of radio communications satellite.,N,N,N,213.0,1982-05-12,Soyuz T-5,1982-12-10,Soyuz T-7,1982,Soyuz-U,Soyuz-T,Baikonur 1/5,E of Dzhezkazgan,Эльбру́с (Elbrus,Soviet space program,106 d 5 h 6 min,https://en.wikipedia.org/wiki/Soyuz_T-5,"Soyuz T-5 was a human spaceflight into Earth orbit to the then new Salyut 7 space station in 1982. While the Soyuz-T was docked it received visits from the uncrewed Progress 13 resupply spacecraft, and the crewed Soyuz T-6 and Soyuz T-7. The first crew hand launched an amateur radio satellite, the T-6 mission included a visiting Frenchman, and T-7 included the first woman in space in 20 years.",,,,,,
"Vladimir Dzhanibekov, Alexander Ivanchenkov, Jean-Loup Chrétien",USSR/Russia,Salyut 7,First French citizen in space (Chrétien).,N,N,N,8.0,1982-06-24,Soyuz T-6,1982-07-02,Soyuz T-6,1982,Soyuz-U,Soyuz-T,Baikonur 1/5,NE of Arkalyk,Pamir (Pamirs,Soviet space program,7 d 21 h 50 min,https://en.wikipedia.org/wiki/Soyuz_T-6,"Soyuz T-6 was a human spaceflight to Earth orbit to the Salyut 7 space station in 1982. Along with two Soviet cosmonauts, the crew included a Frenchman, Jean-Loup Chrétien. The Soyuz-T spacecraft arrived at Salyut 7 following launch on 24 June 1982 and one day of solo operations.",,,,,,
"Thomas K. Mattingly, Henry W. Hartsfield",USA,,Final space shuttle R&D flight. Miscellaneous scientific experiments plus classified US Air Force payload.,N,N,N,7.0,1982-06-27,STS-4 (Columbia),1982-07-04,STS-4 (Columbia),1982,,,"Kennedy, LC-39A","Edwards, Runway22",,NASA,7 d 1 h,https://en.wikipedia.org/wiki/STS-4,"STS-4 was the fourth NASA Space Shuttle mission, and also the fourth for Space Shuttle Columbia. Crewed by Ken Mattingly and Henry Hartsfield, the mission launched on June 27, 1982, and landed a week later on July 4, 1982. Due to parachute malfunctions, the SRBs were not recovered.",,,,,,
"Leonid Popov, Alexander Serebrov, Svetlana Savitskaya",USSR/Russia,Salyut 7,Second woman in space (Savitskaya).,N,N,N,8.0,1982-08-19,Soyuz T-7,1982-08-27,Soyuz T-5,1982,Soyuz-U,Soyuz-T,Baikonur 1/5,NE of Arkalyk?),Днепр (Dnieper,Soviet space program,113 d 1 h 50 min,https://en.wikipedia.org/wiki/Soyuz_T-7,"Soyuz T-7 was the third Soviet space mission to the Salyut 7 space station. Crew member Svetlana Savitskaya was the first woman in space in almost twenty years, since Valentina Tereshkova who flew in 1963 on Vostok 6. Savitskaya was given the orbital module of Soyuz T-7 for privacy.",,,,,,
"Vance D. Brand, Robert F. Overmyer, Joseph P. Allen, William B. Lenoir",USA,,Launched commercial ANIK C-3 and SBS-C communications satellites. Planned EVA cancelled due to space suit malfunction.,N,N,N,5.0,1982-11-11,STS-5 (Columbia),1982-11-16,STS-5 (Columbia),1982,,,"Kennedy, LC-39A","Edwards, Runway22",,NASA,5 d 2 h,https://en.wikipedia.org/wiki/STS-5,"STS-5 was the fifth NASA Space Shuttle mission and the fifth flight of the Space Shuttle Columbia. It launched on November 11, 1982, and landed five days later on November 16, 1982. STS-5 was the first Space Shuttle mission to deploy communications satellites into orbit, and the first officially ""operational"" Space Shuttle mission.",,,,,,
"Paul J. Weitz, Karol J. Bobko, Donald H. Peterson, F. Story Musgrave",USA,,First Space Shuttle EVA (Peterson and Musgrave). Deployment of first Tracking and Data Relay Satellite (TDRS-1). Miscellaneous science experiments.,N,N,N,5.0,1983-04-04,STS-6 (Challenger),1983-04-09,"STS-6, Challenger",1983,,,"Kennedy, LC-39A","Edwards, Runway22",,NASA,5 d,https://en.wikipedia.org/wiki/STS-6,"STS-6 was the sixth NASA Space Shuttle mission and the maiden flight of the Space Shuttle Challenger. Launched from Kennedy Space Center on April 4, 1983, the mission deployed the first Tracking and Data Relay Satellite, TDRS-1, into orbit, before landing at Edwards Air Force Base on April 9, 1983. STS-6 was the first Space Shuttle mission during which a Extravehicular activity was conducted, and hence was the first in which the Extravehicular Mobility Unit was used.",,,,,,
"Vladimir Titov, Gennady Strekalov, Alexander Serebrov",USSR/Russia,,Failed to dock with Salyut 7.,N,N,N,2.0,1983-04-20,Soyuz T-8,1983-04-22,Soyuz T-8,1983,Soyuz-U,Soyuz-T,Baikonur 1/5,NE of Arkalyk,Okean (Ocean,Soviet space program,2 d 17 min,https://en.wikipedia.org/wiki/Soyuz_T-8,"Soyuz T-8 was a crewed mission to the Salyut 7 Soviet space station in 1983. Shortly into the mission, the spacecraft failed to dock with the space station due to an incident involving an antenna being torn off the craft by the protective launch shroud. After a fuel-consuming attempt made in darkness for an optical rendezvous with Salyut 7 resulted in an abort in order to avoid collision, it was decided to de-orbit T-8 two days into the mission in order to ensure that the spacecraft had a sufficient amount of propellant for the de-orbit maneuver.",,,,,,
"Robert L. Crippen, Frederick H. Hauck, John M. Fabian, Sally K. Ride, Norman E. Thagard",USA,,Two communications satellites launched. First American woman in space (Ride). Investigation into behavior of ant colony in zero gravity. Various microgravity experiments.,N,N,N,6.0,1983-06-18,STS-7 (Challenger),1983-06-24,"STS-7, Challenger",1983,Space Shuttle,,"Kennedy, LC-39A","Edwards, Runway15",,NASA,6 d 2 h,https://en.wikipedia.org/wiki/STS-7,"STS-7 was NASA's seventh Space Shuttle mission, and the second mission for the Space Shuttle Challenger. During the mission, Challenger deployed several satellites into orbit. The shuttle launched from Kennedy Space Center on June 18, 1983, and landed at Edwards Air Force Base on June 24, 1983.",,,,,,
"Vladimir Lyakhov, Alexander Alexanderov",USSR/Russia,Salyut 7,"Soyuz T-9 (Russian: Союз Т-9, Union T-9) was the 4th expedition to Salyut 7 following the failed docking of Soyuz T-8. It returned lab experiments to Earth.",N,N,N,151.0,1983-06-26,Soyuz T-9,1983-11-23,Soyuz T-9,1983,Soyuz-U,Soyuz 7K-ST No.16L,"Baikonur, 1/5","160 km at the east of Dzhezkazgan, Kazakhstan",Proton,NPO Energia,149 d 10 h 45 min,https://en.wikipedia.org/wiki/Soyuz_T-9,"Soyuz T-9 was the 4th expedition to Salyut 7 following the failed docking of Soyuz T-8. It returned lab experiments to Earth. The next mission, Soyuz 7K-ST No.16L, had exploded and thus failed to launch.",,,,,,
"Richard H. Truly, Daniel C. Brandenstein, Dale A. Gardner, Guion S. Bluford, William E. Thornton",USA,,First African-American in space (Bluford). First night launch and landing. Deployed INSAT-1B satellite for India. Observation of behavior of rats in space.,N,N,N,6.0,1983-08-30,STS-8 (Challenger),1983-09-05,"STS-8, Challenger",1983,,,"Kennedy, LC-39A","Edwards, Runway22",,NASA,6 d 1 h,https://en.wikipedia.org/wiki/STS-8,"STS-8 was the eighth NASA Space Shuttle mission and the third flight of the Space Shuttle Challenger. It launched on August 30, 1983, and landed on September 5, 1983, conducting the first night launch and night landing of the Space Shuttle program. It also carried the first African-American astronaut to go into space, Guion Bluford.",,,,,,
"Vladimir Titov, Gennady Strekalov",USSR/Russia,,Launch failed due to fire. Crew ejected.,N,N,Y,0.0,1983-09-26,Soyuz T-10-1,1983-09-26,Soyuz T-10-1,1983,Soyuz-U s/n Yu15000-363,Soyuz 7K-ST No.16L,"Baikonur, Site 1/5",Baikonur ( away from the launch site),Okean (Ocean,OKB-1,5 min,https://en.wikipedia.org/wiki/Soyuz_7K-ST_No.16L,"Soyuz 7K-ST No.16L, sometimes known as Soyuz T-10a or Soyuz T-10-1, was an unsuccessful Soyuz mission intended to visit the Salyut 7 space station, which was occupied by the Soyuz T-9 crew. However, it never finished its launch countdown; the launch vehicle was destroyed on the launch pad by fire on 26 September 1983. The launch escape system of the Soyuz spacecraft fired six seconds before the launch vehicle exploded, saving the crew.",,,,,,
"John W. Young, Brewster H. Shaw, Owen K. Garriott, Robert A. Parker, Byron K. Lichtenberg, Ulf Merbold",USA,,"First Spacelab (orbital laboratory) mission. First ESA astronaut, first West German astronaut and first non-American on US flight (Merbold).",N,N,N,10.0,1983-11-28,STS-9 (Columbia),1983-12-08,STS-9 (Columbia),1983,,,"Kennedy, LC-39A","Edwards, Runway17",,NASA,10 d 7 h,https://en.wikipedia.org/wiki/STS-9,"STS-9 was the ninth NASA Space Shuttle mission and the sixth mission of the Space Shuttle Columbia. Launched on November 28, 1983, the ten-day mission carried the first Spacelab laboratory module into orbit. STS-9 was also the last time the original STS numbering system was used until STS-26, which was designated in the aftermath of the 1986 Challenger disaster of STS-51-L. Under the new system, STS-9 would have been designated as STS-41-A. STS-9's originally planned successor, STS-10, was canceled due to payload issues; it was instead followed by STS-41-B. After this mission, Columbia was taken out of service for renovations and did not fly again until STS-61-C in early January 1986.",,,,,,
"Vance D. Brand, Robert L. Gibson, Bruce McCandless II, Ronald E. McNair, Robert L. Stewart",USA,,First untethered spacewalk (McCandless and Stewart). WESTAR-VI and PALAPA-B2 satellites deployed but failed to attain correct orbits.,N,N,N,8.0,1984-02-03,STS-41-B (Challenger),1984-02-11,STS-41-B (Challenger),1984,Space Shuttle,,"Kennedy, LC-39A","Kennedy, SLF Runway 15",,NASA,7 d 23 h,https://en.wikipedia.org/wiki/STS-41-B,"STS-41-B was NASA's tenth Space Shuttle mission and the fourth flight of the Space Shuttle Challenger. It launched on February 3, 1984, and landed on February 11, 1984, after deploying two communications satellites. It included the first untethered spacewalk.",,,,,,
"Leonid Kizim, Vladimir Solovyov, Oleg Atkov",USSR/Russia,Salyut 7,Soyuz T-10 was the fifth expedition to the Salyut 7 space station. It entered a darkened and empty station because of the loss of Soyuz T-10a.,N,N,N,242.0,1984-02-04,Soyuz T-10,1984-10-02,Soyuz T-11,1984,Soyuz-U s/n Yu15000-357,Soyuz 7K-ST No.15L,"Baikonur, Site 31/6","160 km at the east of Dzhezkazgan, Kazakhstan",Mayak (Beacon,Experimental Design Bureau (OKB-1),62 d 22 h 41 min,https://en.wikipedia.org/wiki/Soyuz_T-10,Soyuz T-10 was the fifth expedition to the Salyut 7 space station. It entered a darkened and empty station because of the loss of Soyuz T-10a. It was visited by the sixth and seventh expeditions.,,,,,,
"Yury Malyshev, Gennady Strekalov, Rakesh Sharma",USSR/Russia,Salyut 7,First Indian in space (Sharma). Earth observation program. Life sciences and materials processing experiments.,N,N,N,8.0,1984-04-03,Soyuz T-11,1984-04-11,Soyuz T-10,1984,Soyuz-U,Soyuz-T,Baikonur 31/6,E of Arkalyk,Jupiter,Soviet space program,181 d 21 h 48 min,https://en.wikipedia.org/wiki/Soyuz_T-11,"Soyuz T-11 was the sixth expedition to the Soviet Salyut 7 space station, which in 1984 carried the first Indian cosmonaut, Rakesh Sharma along with Soviet crew members. Salyut 7 was uncrewed after the undocking of Soyuz T-11 in October 1984 until Soyuz T-13 docked with the station in June 1985. Salyut 7 developed problems during the time it was uncrewed, which meant that the crew of Soyuz T-13 had to perform a manual docking and do repairs to the station.",,,,,,
"Robert L. Crippen, Francis R. Scobee, George D. Nelson, James D.A. van Hoften, Terry J. Hart",USA,,"LDEF deployed for later retrieval. Capture, repair and redeployment of malfunctioning Solar Maximum Mission satellite.",N,N,N,7.0,1984-04-06,STS-41-C (Challenger),1984-04-13,STS-41-C (Challenger),1984,,,"Kennedy, LC-39A","Edwards, Runway17",,NASA,6 d 23 h,https://en.wikipedia.org/wiki/STS-41-C,"STS-41-C was NASA's eleventh Space Shuttle mission, and the fifth mission of Space Shuttle Challenger. The launch, which took place on April 6, 1984, marked the first direct ascent trajectory for a Space Shuttle mission. During the mission, Challenger's crew captured and repaired the malfunctioning Solar Maximum Mission satellite, and deployed the Long Duration Exposure Facility experimental apparatus.",,,,,,
"Vladimir Dzhanibekov, Igor Volk, Svetlana Savitskaya",USSR/Russia,Salyut 7,First EVA by a female astronaut (Savitskaya).,N,N,N,12.0,1984-07-17,Soyuz T-12,1984-07-29,Soyuz T-12,1984,Soyuz-U2,Soyuz-T,Baikonur 31/6,SE of Dzhezkazgan,Pamir (Pamir Mountains,Soviet space program,11 d 19 h 14 min,https://en.wikipedia.org/wiki/Soyuz_T-12,"Soyuz T-12 was the seventh crewed spaceflight to the Soviet space station Salyut 7. The name ""Soyuz T-12"" is also the name of the spacecraft used to launch and land the mission's three-person crew. The mission occurred in July 1984, during the long-duration expedition Salyut 7 EO-3.",,,,,,
"Henry W. Hartsfield, Michael L. Coats, Judith A. Resnik, Steven A. Hawley, Richard M. Mullane, Charles D. Walker",USA,,Testing of experimental solar arrays. Three satellites deployed.,N,N,N,6.0,1984-08-30,STS-41-D (Discovery),1984-09-05,STS-41-D (Discovery),1984,,,"Kennedy, LC-39A","Edwards, Runway17",,NASA,6 d,https://en.wikipedia.org/wiki/STS-41-D,"STS-41-D was the 12th flight of NASA's Space Shuttle program, and the maiden flight of Space Shuttle Discovery. It was launched from Kennedy Space Center, Florida, on August 30, 1984, and landed at Edwards Air Force Base, California, on September 5, 1984. Three commercial communications satellites were deployed into orbit during the six-day mission, and a number of scientific experiments were conducted, including a prototype extendable solar array that would eventually form the basis of the main solar arrays on the International Space Station.",,,,,,
"Robert L. Crippen, Jon A. McBride, Kathryn D. Sullivan, Sally K. Ride, David C. Leestma, Marc Garneau, Paul D. Scully-Power",USA,,ERBS satellite deployed. Radar imaging. First EVA by an American woman (Sullivan). First Canadian in space (Garneau). First flight including two women.,N,N,N,8.0,1984-10-05,STS-41-G (Challenger),1984-10-13,STS-41-G (Challenger),1984,,,"Kennedy, LC-39A","Kennedy, SLF Runway 33",,NASA,8 d 5 h,https://en.wikipedia.org/wiki/STS-41-G,"STS-41-G was the 13th flight of NASA's Space Shuttle program and the sixth flight of Space Shuttle Challenger. Challenger launched on October 5, 1984, and conducted the second shuttle landing at Kennedy Space Center on October 13, 1984. It was the first shuttle mission to carry a crew of seven, including the first crew with two women, the first American Extravehicular activity involving a woman, the first Australian-born person to journey into space as well as the first astronaut with a beard and the first Canadian astronaut.",,,,,,
"Frederick H. Hauck, David M. Walker, Anna L. Fisher, Dale A. Gardner, Joseph P. Allen",USA,,Deployed two communications satellites. Retrieved two malfunctioning satellites.,N,N,N,8.0,1984-11-08,STS-51-A (Discovery),1984-11-16,STS-51-A (Discovery),1984,,,"Kennedy, LC-39A","Kennedy, SLF Runway 15",,NASA,7 d 23 h,https://en.wikipedia.org/wiki/STS-51-A,"STS-51-A was the 14th flight of NASA's Space Shuttle program, and the second flight of Space Shuttle Discovery. The mission launched from Kennedy Space Center on November 8, 1984, and landed just under eight days later on November 16, 1984. STS-51-A marked the first time a shuttle deployed two communications satellites, and retrieved from orbit two other communications satellites.",,,,,,
"Thomas K. Mattingly, Loren J. Shriver, Ellison S. Onizuka, James F. Buchli, Gary E. Payton",USA,,"First mission for the U.S. Department of Defense. Classified payload, possibly intelligence-gathering satellite.",N,N,N,3.0,1985-01-24,STS-51-C (Discovery),1985-01-27,STS-51-C (Discovery),1985,,,"Kennedy, LC-39A","Kennedy, SLF Runway 15",,NASA,3 d 1 h,https://en.wikipedia.org/wiki/STS-51-C,"STS-51-C was the 15th flight of NASA's Space Shuttle program, and the third flight of Space Shuttle Discovery. It launched on January 24, 1985, and made the fourth shuttle landing at the Shuttle Landing Facility at the Kennedy Space Center in Florida on January 27, 1985. STS-51-C was the first shuttle mission dedicated to the United States Department of Defense, and consequently many details remain classified.",,,,,,
"Karol J. Bobko, Donald E. Williams, M. Rhea Seddon, Jeffrey A. Hoffman, S. David Griggs, Charles D. Walker, E. Jake Garn",USA,,Communications satellite deployed. Miscellaneous scientific experiments. First senator in space (Garn).,N,N,N,7.0,1985-04-12,STS-51-D (Discovery),1985-04-19,STS-51-D (Discovery),1985,,,"Kennedy, LC-39A","Kennedy, SLF Runway 33",,NASA,6 d 23 h,https://en.wikipedia.org/wiki/STS-51-D,"STS-51-D was the 16th flight of NASA's Space Shuttle program, and the fourth flight of Space Shuttle Discovery. The launch of STS-51-D from Kennedy Space Center, Florida, on April 12, 1985, was delayed by 55 minutes, after a boat strayed into the restricted Solid Rocket Booster recovery zone. STS-51-D was the third shuttle mission to be extended.",,,,,,
"Robert F. Overmyer, Frederick D. Gregory, Don L. Lind, Norman E. Thagard, William E. Thornton, Lodewijk van den Berg, Taylor G. Wang",USA,,Second Spacelab mission; microgravity experiments. Observation of behaviour of monkeys and rodents in space.,N,N,N,7.0,1985-04-29,STS-51-B (Challenger),1985-05-06,STS-51-B (Challenger),1985,,,"Kennedy, LC-39A","Edwards, Runway17",,NASA,7 d,https://en.wikipedia.org/wiki/STS-51-B,"STS-51-B was the 17th flight of the NASA Space Shuttle program and the seventh flight of Space Shuttle Challenger. The launch of Challenger on April 29, 1985, was delayed by 2 minutes and 18 seconds, due to a launch processing failure. Challenger was initially rolled out to the pad to launch on the STS-51-E mission.",,,,,,
Victor Savinykh,USSR/Russia,Salyut 7,Repair of crippled Salyut 7 station.,N,N,N,170.0,1985-06-05,Soyuz T-13,1985-11-21,Soyuz T-14,1985,Soyuz-U2,Soyuz-T,Baikonur 1/5,,Pamir (after a mountain range in Central,Soviet space program,112 d 3 h 12 min,https://en.wikipedia.org/wiki/Soyuz_T-13,"Soyuz T-13 was a Soyuz mission, transporting personnel to the Soviet space station Salyut 7. The eighth expedition to the orbital station, the mission launched from Baikonur Cosmodrome, atop a Soyuz-U2 carrier rocket, at 06:39:52 UTC on June 6, 1985. It is of note because it marked the first time a spacecraft had docked with a 'dead' space station, and the first time such a station had been returned to operational status following repairs.",,,,,,
Vladimir Dzhanibekov,USSR/Russia,Salyut 7,Repair of crippled Salyut 7 station.,N,N,N,114.0,1985-06-05,Soyuz T-13,1985-09-26,Soyuz T-13,1985,Soyuz-U2,Soyuz-T,Baikonur 1/5,,Pamir (after a mountain range in Central,Soviet space program,112 d 3 h 12 min,https://en.wikipedia.org/wiki/Soyuz_T-13,"Soyuz T-13 was a Soyuz mission, transporting personnel to the Soviet space station Salyut 7. The eighth expedition to the orbital station, the mission launched from Baikonur Cosmodrome, atop a Soyuz-U2 carrier rocket, at 06:39:52 UTC on June 6, 1985. It is of note because it marked the first time a spacecraft had docked with a 'dead' space station, and the first time such a station had been returned to operational status following repairs.",,,,,,
"Daniel C. Brandenstein, John O. Creighton, Shannon W. Lucid, Steven R. Nagel, John M. Fabian, Patrick Baudry, Sultan Salman Al Saud",USA,,Three communications satellites deployed. Miscellaneous scientific experiments. First Saudi and the first Arab in space (Al-Saud).,N,N,N,7.0,1985-06-17,STS-51-G (Discovery),1985-06-24,STS-51-G (Discovery),1985,,,"Kennedy, LC-39A","Edwards, Runway23",,NASA,7 d 1 h,https://en.wikipedia.org/wiki/STS-51-G,"STS-51-G was the 18th flight of NASA's Space Shuttle program, and the fifth flight of Space Shuttle Discovery. The seven-day mission launched from Kennedy Space Center, Florida, on June 17, 1985, and landed at Edwards Air Force Base, California, on June 24, 1985. Sultan bin Salman Al Saud from Saudi Arabia was on board as a payload specialist; Al Saud became the first Arab, the first Muslim, and the first member of a royal family to fly into space.",,,,,,
"C. Gordon Fullerton, Roy D. Bridges, F. Story Musgrave, Anthony W. England, Karl G. Henize, Loren W. Acton, John-David F. Bartoe",USA,,Spacelab-2 mission. Miscellaneous science experiments. Three communications satellites deployed.,N,N,N,8.0,1985-07-29,STS-51-F (Challenger),1985-08-06,STS-51-F (Challenger),1985,Space Shuttle,,"Kennedy, LC-39A","Edwards, Runway23",,NASA,7 d 22 h,https://en.wikipedia.org/wiki/STS-51-F,"STS-51-F was the 19th flight of NASA's Space Shuttle program and the eighth flight of Space Shuttle Challenger. It launched from Kennedy Space Center, Florida, on July 29, 1985, and landed eight days later on August 6, 1985. While STS-51-F's primary payload was the Spacelab 2 laboratory module, the payload that received the most publicity was the Carbonated Beverage Dispenser Evaluation, which was an experiment in which both Coca-Cola and Pepsi tried to make their carbonated drinks available to astronauts.",,,,,,
"Joseph H. Engle, Richard O. Covey, James D.A. van Hoften, John M. Lounge, William F. Fisher",USA,,"Three communications satellites deployed. Retrieval, repair and redeployment of LEASAT-3 satellite.",N,N,N,7.0,1985-08-27,STS-51-I (Discovery),1985-09-03,STS-51-I (Discovery),1985,,,"Kennedy, LC-39A","Edwards, Runway23",,NASA,7 d 2 h,https://en.wikipedia.org/wiki/STS-51-I,"STS-51-I was the 20th mission of NASA's Space Shuttle program and the sixth flight of Space Shuttle Discovery. During the mission, Discovery deployed three communications satellites into orbit. The mission launched from Kennedy Space Center, Florida, on August 27, 1985, and landed at Edwards Air Force Base, California, on September 3, 1985.",,,,,,
"Vladimir Vasyutin, Alexander Volkov",USSR/Russia,Salyut 7,"Soyuz T-14 (Russian: Союз Т-14, Union T-14) was the ninth expedition to Salyut 7. The mission relieved Soyuz T-13, whose crew had performed unprecedented repairs aboard the previously-dead station.",N,N,N,66.0,1985-09-17,Soyuz T-14,1985-11-21,Soyuz T-14,1985,Soyuz-U2,Soyuz-T,Baikonur 1/5,SE of Dzhezkazgan,Mount Cheget,Soviet space program,64 d 21 h 52 min,https://en.wikipedia.org/wiki/Soyuz_T-14,"Soyuz T-14 was the ninth expedition to Salyut 7. The mission relieved Soyuz T-13, whose crew had performed unprecedented repairs aboard the previously-dead station.",,,,,,
Georgy Grechko,USSR/Russia,,"Soyuz T-14 (Russian: Союз Т-14, Union T-14) was the ninth expedition to Salyut 7. The mission relieved Soyuz T-13, whose crew had performed unprecedented repairs aboard the previously-dead station.",N,N,N,9.0,1985-09-17,Soyuz T-14,1985-09-26,Soyuz T-13,1985,Soyuz-U2,Soyuz-T,Baikonur 1/5,SE of Dzhezkazgan,Mount Cheget,Soviet space program,64 d 21 h 52 min,https://en.wikipedia.org/wiki/Soyuz_T-14,"Soyuz T-14 was the ninth expedition to Salyut 7. The mission relieved Soyuz T-13, whose crew had performed unprecedented repairs aboard the previously-dead station.",,,,,,
"Karol J. Bobko, Ronald J. Grabe, David C. Hilmers, Robert L. Stewart, William A. Pailes",USA,,"Second U.S. Department of Defense mission. Classified payload, believed to be two communications satellites.",N,N,N,4.0,1985-10-03,STS-51-J (Atlantis),1985-10-07,STS-51-J (Atlantis),1985,,,"Kennedy, LC-39A","Edwards, Runway23",,NASA / U.S. DoD,4 d 1 h,https://en.wikipedia.org/wiki/STS-51-J,"STS-51-J was NASA's 21st Space Shuttle mission and the maiden flight of Space Shuttle Atlantis. It launched from Kennedy Space Center, Florida, on October 3, 1985, carrying a payload for the U.S. Department of Defense, and landed at Edwards Air Force Base, California, on October 7, 1985.",,,,,,
"Henry W. Hartsfield, Steven R. Nagel, James F. Buchli, Guion S. Bluford, Bonnie J. Dunbar, Reinhard Furrer, Ernst Messerschmid, Wubbo J. Ockels",USA,,German-sponsored Spacelab mission. Microgravity experiments. First Dutchman in space (Ockels).,N,N,N,7.0,1985-10-30,STS-61-A (Challenger),1985-11-06,STS-61-A (Challenger),1985,,,"Kennedy, LC-39A","Edwards, Runway17",,"NASA, West Germany and ESA",7 d,https://en.wikipedia.org/wiki/STS-61-A,"STS-61-A was the 22nd mission of NASA's Space Shuttle program. It was a scientific Spacelab mission, funded and directed by West Germany – hence the non-NASA designation of D-1. STS-61-A was the ninth and last successful flight of Space Shuttle Challenger before the STS-51-L disaster.",,,,,,
"Brewster H. Shaw, Bryan D. O'Connor, Mary L. Cleave, Sherwood C. Spring, Jerry L. Ross, Rodolfo Neri Vela, Charles D. Walker",USA,,Three communications satellites deployed. Demonstration of in-orbit construction techniques. First Mexican in space (Neri Vela).,N,N,N,7.0,1985-11-26,STS-61-B (Atlantis),1985-12-03,STS-61-B (Atlantis),1985,,,"Kennedy, LC-39A","Edwards, Runway22",,NASA,6 d 21 h,https://en.wikipedia.org/wiki/STS-61-B,"STS-61-B was the 23rd NASA Space Shuttle mission, and its second using Space Shuttle Atlantis. The shuttle was launched from Kennedy Space Center, Florida, on November 26, 1985. During STS-61-B, the shuttle crew deployed three communications satellites, and tested techniques of constructing structures in orbit.",,,,,,
"Robert L. Gibson, Charles F. Bolden, Franklin R. Chang-Diaz, Steven A. Hawley, George D. Nelson, Robert J. Cenker, Clarence W. Nelson",USA,,Deployment of communications satellite. Miscellaneous science experiments.,N,N,N,6.0,1986-01-12,STS-61-C (Columbia),1986-01-18,STS-61-C (Columbia),1986,,,"Kennedy, LC-39A","Edwards, Runway22",,NASA,6 d 2 h,https://en.wikipedia.org/wiki/STS-61-C,"STS-61-C was the 24th mission of NASA's Space Shuttle program, and the seventh mission of Space Shuttle Columbia. It was the first time that Columbia, the first space-rated Space Shuttle orbiter to be constructed, had flown since STS-9. The mission launched from Florida's Kennedy Space Center on January 12, 1986, and landed six days later on January 18, 1986.",,,,,,
"Francis R. Scobee, Michael J. Smith, Judith A. Resnik, Ellison S. Onizuka, Ronald E. McNair, Gregory B. Jarvis, S. Christa McAuliffe",USA,,Disintegrated 73 seconds after launch with loss of all crew.,Y,N,N,0.0,1986-01-28,STS-51-L (Challenger),1986-01-28,Failure,1986,,,"Kennedy, LC-39B","Kennedy, SLF Runway 33 (planned)",,NASA,6 d 34 min,https://en.wikipedia.org/wiki/STS-51-L,"STS-51-L was the 25th mission of NASA's Space Shuttle program which resulted in the loss of Space Shuttle Challenger. It was planned as the first Teacher in Space Project flight in addition to observing Halley's Comet for six days and performing a routine satellite deployment. The mission did not achieve orbit; a structural failure during its ascent phase 73 seconds after launch from Kennedy Space Center Launch Complex 39B on January 28, 1986, destroyed the orbiter and killed all seven crew members—Commander Francis R. ""Dick"" Scobee, Pilot Michael J. Smith, Mission Specialists Ellison S. Onizuka, Judith A. Resnik and Ronald E. McNair, and Payload Specialists Gregory B. Jarvis and S. Christa ",,,,,,
"Leonid Kizim, Vladimir Solovyov",USSR/Russia,Mir,First expedition to Mir. Last expedition to Salyut 7.,N,N,N,126.0,1986-03-13,Soyuz T-15,1986-07-16,Soyuz T-15,1986,Soyuz-U2,Soyuz 7K-ST No. 21L,"Baikonur, Site 1/5",NE of Arkalyk,Mayak (Beacon,Soviet space program,125 d,https://en.wikipedia.org/wiki/Soyuz_T-15,"Soyuz T-15 was a crewed mission to the Mir and Salyut 7 space stations and was part of the Soyuz programme. It marked the final flight of the Soyuz-T spacecraft, the third generation Soyuz spacecraft, which had been in service for seven years from 1979 to 1986. This mission marked the first time that a spacecraft visited, and docked with, two space stations in the same mission.",,,,,,
Yury Romanenko,USSR/Russia,Mir,Mir crew rotation and maintenance.,N,N,N,326.0,1987-02-07,Soyuz TM-2,1987-12-29,Soyuz TM-3,1987,Soyuz-U2,Soyuz 7K-STM No. 52,Baikonur 1/5,from Arkalyk,Taimyr,Soviet space program,174 d 3 h 25 min,https://en.wikipedia.org/wiki/Soyuz_TM-2,"Soyuz TM-2 was a crewed spaceflight to the Soviet space station Mir, which was uncrewed at the time. TM-2 was launched on February 5, 1987, and it was first crewed spaceflight of the Soyuz-TM spacecraft, and the second crewed spaceflight to Mir. The crew of the long duration expedition, Mir EO-2, who were launched by TM-2 consisted of Soviet cosmonauts Yuri Romanenko and Aleksandr Laveykin.",,,,,,
Alexander Laveykin,USSR/Russia,Mir,Mir crew rotation and maintenance.,N,N,N,174.0,1987-02-07,Soyuz TM-2,1987-07-30,Soyuz TM-2,1987,Soyuz-U2,Soyuz 7K-STM No. 52,Baikonur 1/5,from Arkalyk,Taimyr,Soviet space program,174 d 3 h 25 min,https://en.wikipedia.org/wiki/Soyuz_TM-2,"Soyuz TM-2 was a crewed spaceflight to the Soviet space station Mir, which was uncrewed at the time. TM-2 was launched on February 5, 1987, and it was first crewed spaceflight of the Soyuz-TM spacecraft, and the second crewed spaceflight to Mir. The crew of the long duration expedition, Mir EO-2, who were launched by TM-2 consisted of Soviet cosmonauts Yuri Romanenko and Aleksandr Laveykin.",,,,,,
Alexander Alexanderov,USSR/Russia,Mir,Mir crew rotation and maintenance.,N,N,N,161.0,1987-07-22,Soyuz TM-3,1987-12-29,Soyuz TM-3,1987,Soyuz-U2,Soyuz 7K-STM No. 53,Baikonur 1/5,NE of Arkalyk,Vityaz (Knight,Soviet space program,160 d 7 h 25 min,https://en.wikipedia.org/wiki/Soyuz_TM-3,"Soyuz TM-3 was the third crewed spaceflight to visit the Soviet space station Mir, following Soyuz T-15 and Soyuz TM-2. It was launched in July 1987, during the long duration expedition Mir EO-2, and acted as a lifeboat for the second segment of that expedition. There were three people aboard the spacecraft at launch, including the two man crew of the week-long mission Mir EP-1, consisting of Soviet cosmonaut Aleksandr Viktorenko and Syrian Muhammed Faris.",,,,,,
"Alexander Victorenko, Mohammed Faris",USSR/Russia,Mir,Mir crew rotation and maintenance.,N,N,N,8.0,1987-07-22,Soyuz TM-3,1987-07-30,Soyuz TM-2,1987,Soyuz-U2,Soyuz 7K-STM No. 53,Baikonur 1/5,NE of Arkalyk,Vityaz (Knight,Soviet space program,160 d 7 h 25 min,https://en.wikipedia.org/wiki/Soyuz_TM-3,"Soyuz TM-3 was the third crewed spaceflight to visit the Soviet space station Mir, following Soyuz T-15 and Soyuz TM-2. It was launched in July 1987, during the long duration expedition Mir EO-2, and acted as a lifeboat for the second segment of that expedition. There were three people aboard the spacecraft at launch, including the two man crew of the week-long mission Mir EP-1, consisting of Soviet cosmonaut Aleksandr Viktorenko and Syrian Muhammed Faris.",,,,,,
"Vladimir Titov, Musa Manarov",USSR/Russia,Mir,Mir crew rotation. Biological experiments and astronomical observations.,N,N,N,367.0,1987-12-21,Soyuz TM-4,1988-12-21,Soyuz TM-6,1987,Soyuz-U2,Soyuz 7K-STM No. 54,Baikonur 1/5,SE of Dzhezkazgan,Okean (Ocean,Soviet space program,178 d 22 h 54 min,https://en.wikipedia.org/wiki/Soyuz_TM-4,"Soyuz TM-4 was a crewed Soyuz spaceflight to Mir. It was launched on 21 December 1987, and carried the first two crew members of the third long duration expedition, Mir EO-3. These crew members, Vladimir Titov and Musa Manarov, would stay in space for just under 366 days, setting a new spaceflight record.",,,,,,
Anatoly Levchenko,USSR/Russia,Mir,Mir crew rotation. Biological experiments and astronomical observations.,N,N,N,8.0,1987-12-21,Soyuz TM-4,1987-12-29,Soyuz TM-3,1987,Soyuz-U2,Soyuz 7K-STM No. 54,Baikonur 1/5,SE of Dzhezkazgan,Okean (Ocean,Soviet space program,178 d 22 h 54 min,https://en.wikipedia.org/wiki/Soyuz_TM-4,"Soyuz TM-4 was a crewed Soyuz spaceflight to Mir. It was launched on 21 December 1987, and carried the first two crew members of the third long duration expedition, Mir EO-3. These crew members, Vladimir Titov and Musa Manarov, would stay in space for just under 366 days, setting a new spaceflight record.",,,,,,
"Anatoly Solovyev, Victor Savinykh, Alexander Alexanderov",USSR/Russia,Mir,"Soyuz TM-5 was a crewed Soyuz spaceflight to Mir. It was launched on June 7, 1988, carrying the Mir EP-2 mission's three-person crew.",N,N,N,10.0,1988-06-07,Soyuz TM-5,1988-06-17,Soyuz TM-4,1988,Soyuz-U2,Soyuz 7K-STM No. 55,Baikonur 1/5,SE of Dzhezkazgan,Родни́к (Rodnik- Spring,Soviet space program,91 d 10 h 46 min,https://en.wikipedia.org/wiki/Soyuz_TM-5,"Soyuz TM-5 was a crewed Soyuz spaceflight to Mir. It was launched on June 7, 1988, carrying the Mir EP-2 mission's three-person crew. This week-long stay on Mir occurred during the third long-duration Mir expedition, Mir EO-3.",,,,,,
Valery Polyakov,USSR/Russia,Mir,Mir crew rotation. First Afghan in space (Mohmand).,N,N,N,242.0,1988-08-29,Soyuz TM-6,1989-04-27,Soyuz TM-7,1988,Soyuz-U2,Soyuz 7K-STM No. 56,Baikonur 1/5,SE of Dzhezkazgan,Прото́н (Proton,Soviet space program,114 d 5 h 33 min,https://en.wikipedia.org/wiki/Soyuz_TM-6,"Soyuz TM-6 was a crewed Soyuz spaceflight to Mir. It was launched on 29 August 1988, at 04:23:11 UTC, for the station's third long-duration expedition, Mir EO-3. The three-person crew that was launched consisted of Research Doctor Valeri Polyakov, who became part of the EO-3 crew, as well as the two crew members of the week-long mission Mir EP-3, which included the first ever Afghan cosmonaut, Abdul Ahad Mohmand.",,,,,,
"Vladimir Lyakhov, Abdul Ahad Mohmand",USSR/Russia,Mir,Mir crew rotation. First Afghan in space (Mohmand).,N,N,N,9.0,1988-08-29,Soyuz TM-6,1988-09-07,Soyuz TM-5,1988,Soyuz-U2,Soyuz 7K-STM No. 56,Baikonur 1/5,SE of Dzhezkazgan,Прото́н (Proton,Soviet space program,114 d 5 h 33 min,https://en.wikipedia.org/wiki/Soyuz_TM-6,"Soyuz TM-6 was a crewed Soyuz spaceflight to Mir. It was launched on 29 August 1988, at 04:23:11 UTC, for the station's third long-duration expedition, Mir EO-3. The three-person crew that was launched consisted of Research Doctor Valeri Polyakov, who became part of the EO-3 crew, as well as the two crew members of the week-long mission Mir EP-3, which included the first ever Afghan cosmonaut, Abdul Ahad Mohmand.",,,,,,
"Frederick H. Hauck, Richard O. Covey, John M. Lounge, George D. Nelson, David C. Hilmers",USA,,"First ""Return to Flight"" Space Shuttle mission after Challenger Disaster. Deployment of Tracking and Data Relay Satellite-3 (TDRS-3).",N,N,N,5.0,1988-09-28,STS-26 (Discovery),1988-10-03,STS-26 (Discovery),1988,,,"Kennedy, LC-39B","Edwards, Runway17",,NASA,4 d 1 h,https://en.wikipedia.org/wiki/STS-26,"STS-26 was the 26th NASA Space Shuttle mission and the seventh flight of the orbiter Discovery. The mission launched from Kennedy Space Center, Florida, on September 29, 1988, and landed four days later on October 3, 1988. STS-26 was declared the ""Return to Flight"" mission, being the first mission after the Space Shuttle Challenger disaster of January 28, 1986.",,,,,,
Jean-Loup Chrétien,USSR/Russia,Mir,"Soyuz TM-7 was a crewed Soyuz spaceflight to Mir. It launched on 26 November 1988, at 15:49:34, and was the start of the fourth long duration expedition to Mir, Mir EO-4.",N,N,N,25.0,1988-11-26,Soyuz TM-7,1988-12-21,Soyuz TM-6,1988,Soyuz-U2,Soyuz 7K-STM No. 57,Baikonur 1/5,NE of Dzhezkazgan,Донба́сс (Donbass,Soviet space program,151 d 11 h 8 min,https://en.wikipedia.org/wiki/Soyuz_TM-7,"Soyuz TM-7 was a crewed Soyuz spaceflight to Mir. It launched on 26 November 1988, at 15:49:34, and was the start of the fourth long duration expedition to Mir, Mir EO-4. The crew would join the third crew member of EO-4, cosmonaut/physician Valeri Polyakov, who was on Mir for the second half of EO-3.",,,,,,
"Alexander Volkov, Sergey Krikalev",USSR/Russia,Mir,Mir crew rotation. Technology experiments. First European EVA (Chrétien).,N,N,N,153.0,1988-11-26,Soyuz TM-7,1989-04-27,Soyuz TM-7,1988,Soyuz-U2,Soyuz 7K-STM No. 57,Baikonur 1/5,NE of Dzhezkazgan,Донба́сс (Donbass,Soviet space program,151 d 11 h 8 min,https://en.wikipedia.org/wiki/Soyuz_TM-7,"Soyuz TM-7 was a crewed Soyuz spaceflight to Mir. It launched on 26 November 1988, at 15:49:34, and was the start of the fourth long duration expedition to Mir, Mir EO-4. The crew would join the third crew member of EO-4, cosmonaut/physician Valeri Polyakov, who was on Mir for the second half of EO-3.",,,,,,
"Robert L. Gibson, Guy S. Gardner, Richard M. Mullane, Jerry L. Ross, William M. Shepherd",USA,,"U.S. Department of Defense mission. Classified payload, reportedly Lacrosse 1 radar reconnaissance satellite.",N,N,N,4.0,1988-12-02,STS-27 (Atlantis),1988-12-06,STS-27 (Atlantis),1988,,,"Kennedy, LC-39B","Edwards, Runway17",,NASA,4 d 9 h,https://en.wikipedia.org/wiki/STS-27,"STS-27 was the 27th NASA Space Shuttle mission, and the third flight of Space Shuttle Atlantis. Launching on December 2, 1988, on a four-day mission, it was the second shuttle flight after the Space Shuttle Challenger disaster of January 1986. STS-27 carried a classified payload for the U.S. Department of Defense, ultimately determined to be a Lacrosse surveillance satellite.",,,,,,
"Michael L. Coats, John E. Blaha, James P. Bagian, James F. Buchli, Robert C. Springer",USA,,Deployment of Tracking and Data Relay Satellite-4 (TDRS-4). Miscellaneous science experiments.,N,N,N,5.0,1989-03-13,STS-29 (Discovery),1989-03-18,STS-29 (Discovery),1989,,,"Kennedy, LC-39B","Edwards, Runway22",,NASA,4 d 23 h,https://en.wikipedia.org/wiki/STS-29,"STS-29 was the 28th NASA Space Shuttle mission, during which Space Shuttle Discovery inserted a Tracking and Data Relay Satellite into Earth orbit. It was the third shuttle mission following the Challenger disaster in 1986, and launched from Kennedy Space Center, Florida, on March 13, 1989. STS-29R was the eighth flight of Discovery and the 28th Space Shuttle mission overall; its planned predecessor, STS-28, was delayed until August 1989.",,,,,,
"David M. Walker, Ronald J. Grabe, Norman E. Thagard, Mary L. Cleave, Mark C. Lee",USA,,Magellan probe deployed.,N,N,N,4.0,1989-05-04,STS-30 (Atlantis),1989-05-08,STS-30 (Atlantis),1989,,,"Kennedy, LC-39B","Edwards, Runway22",,NASA,4 d,https://en.wikipedia.org/wiki/STS-30,"STS-30 was the 29th NASA Space Shuttle mission and the fourth mission for Space Shuttle Atlantis. It was the fourth shuttle launch since the Challenger disaster and the first shuttle mission since the disaster to have a female astronaut on board. The mission launched from Kennedy Space Center, Florida, on May 4, 1989, and landed four days later on May 8, 1989.",,,,,,
"Brewster H. Shaw, Richard N. Richards, James C. Adamson, David C. Leestma, Mark N. Brown",USA,,"U.S. Department of Defense mission. Classified payload, reportedly military communications and reconnaissance satellites.",N,N,N,5.0,1989-08-08,STS-28 (Columbia),1989-08-13,STS-28 (Columbia),1989,,,"Kennedy, LC-39B","Edwards, Runway17",,NASA,5 d 1 h,https://en.wikipedia.org/wiki/STS-28,"STS-28 was the 30th NASA Space Shuttle mission, the fourth shuttle mission dedicated to United States Department of Defense purposes, and the eighth flight of Space Shuttle Columbia. The mission launched on August 8, 1989, and traveled 3,400,000 km during 81 orbits of the Earth, before landing on runway 17 of Edwards Air Force Base, California, on August 13, 1989. STS-28 was also Columbia's first flight since January 1986, when it had flown STS-61-C, the mission directly preceding the Challenger disaster of STS-51-L. The mission details of STS-28 are classified, but the payload is widely believed to have been the first SDS-2 relay communications satellite.",,,,,,
"Alexander Victorenko, Alexander Serebrov",USSR/Russia,Mir,Mir equipment installation.,N,N,N,168.0,1989-09-05,Soyuz TM-8,1990-02-19,Soyuz TM-8,1989,Soyuz-U2,Soyuz 7K-STM No. 58,,NE of Arkalyk,Ви́тязь (Vityaz - Knight,Soviet space program,166 d 6 h 58 min,https://en.wikipedia.org/wiki/Soyuz_TM-8,"Soyuz TM-8 was a 1989 spaceflight which carried the fifth long duration crew to the Soviet space station Mir. It was part of the Soyuz-TM series of spacecraft, which were the fourth generation of the Soviet Soyuz. Soyuz TM-8 was the eighth crewed spaceflight to Mir, and spent 166 days in orbit.",,,,,,
"Donald E. Williams, Michael J. McCulley, Franklin R. Chang-Diaz, Shannon W. Lucid, Ellen S. Baker",USA,,Galileo probe deployed.,N,N,N,5.0,1989-10-18,STS-34 (Atlantis),1989-10-23,STS-34 (Atlantis),1989,Space Shuttle,,"Kennedy, LC-39B","Edwards, Runway23",,NASA,4 d 23 h,https://en.wikipedia.org/wiki/STS-34,"STS-34 was a NASA Space Shuttle mission using Atlantis. It was the 31st shuttle mission overall, and the fifth flight for Atlantis. STS-34 launched from Kennedy Space Center, Florida, on October 18, 1989, and landed at Edwards Air Force Base, California, on October 23, 1989.",,,,,,
"Frederick D. Gregory, John E. Blaha, F. Story Musgrave, Manley L. Carter, Kathryn C. Thornton",USA,,"U.S. Department of Defense mission. Classified payload, reportedly reconnaissance satellite. First African-American Shuttle Commander.",N,N,N,5.0,1989-11-22,STS-33 (Discovery),1989-11-27,STS-33 (Discovery),1989,,,"Kennedy, LC-39B","Edwards, Runway4",,NASA,5 d,https://en.wikipedia.org/wiki/STS-33,"STS-33 was a NASA Space Shuttle mission and the 9th flight of Discovery, during which Space Shuttle Discovery deployed a payload for the United States Department of Defense. It was the 32nd shuttle mission overall, the ninth flight of Discovery, the fifth shuttle mission in support of the DoD, the seventh post-Space Shuttle Challenger disaster mission and the last Shuttle mission of the 1980s. Due to the nature of the mission, specific details remain classified.",,,,,,
"Daniel C. Brandenstein, James D. Wetherbee, Bonnie J. Dunbar, G. David Low, Marsha S. Ivins",USA,,Deployment of defense communications satellite. Long Duration Exposure Facility (LDEF) retrieval.,N,N,N,11.0,1990-01-09,STS-32 (Columbia),1990-01-20,STS-32 (Columbia),1990,,,"Kennedy, LC-39A","Edwards Air Force Base, Runway22",,NASA,10 d 21 h,https://en.wikipedia.org/wiki/STS-32,"STS-32 was the 33rd mission of NASA's Space Shuttle program, and the ninth launch of Space Shuttle Columbia. Launched on January 9, 1990, it marked the first use of Kennedy Space Center Launch Complex 39A since 1986; it also marked the first use of Mobile Launcher Platform-3 in the Space Shuttle program. STS-32 was, at the time, the longest shuttle mission yet conducted, with a duration of nearly 11 days.",,,,,,
"Anatoly Solovyev, Alexander Balandin",USSR/Russia,Mir,Soyuz TM-9 was the ninth expedition to the Russian Space Station Mir.,N,N,N,157.0,1990-02-11,Soyuz TM-9,1990-07-17,Soyuz TM-9,1990,Soyuz-U2,Soyuz 7K-STM No. 60,,NE of Arkalyk - 50.85 N; 67.28 E,Родни́к (Rodnik- Spring,Soviet space program,179 d 1 h 17 min,https://en.wikipedia.org/wiki/Soyuz_TM-9,Soyuz TM-9 was the ninth expedition to the Russian Space Station Mir.,,,,,,
"John O. Creighton, John H. Casper, Richard M. Mullane, David C. Hilmers, Pierre J. Thuot",USA,,"U.S. Department of Defense mission. Classified payload, reportedlyreconnaissance satellite.",N,N,N,4.0,1990-02-28,STS-36 (Atlantis),1990-03-04,STS-36 (Atlantis),1990,,,"Kennedy, LC-39A","Edwards, Runway23",,NASA,4 d 10 h,https://en.wikipedia.org/wiki/STS-36,"STS-36 was a NASA Space Shuttle mission, during which Space Shuttle Atlantis carried a classified payload for the U.S. Department of Defense into orbit. STS-36 was the 34th shuttle mission overall, the sixth flight for Atlantis, and the fourth night launch of the shuttle program. It launched from Kennedy Space Center, Florida, on February 28, 1990, and landed on March 4, 1990.",,,,,,
"Loren J. Shriver, Charles F. Bolden, Steven A. Hawley, Bruce McCandless II, Kathryn D. Sullivan",USA,,Hubble Space Telescope deployed.,N,N,N,5.0,1990-04-24,STS-31 (Discovery),1990-04-29,STS-31 (Discovery),1990,,,"Kennedy, LC-39B","Edwards, Runway22",,NASA,5 d 1 h,https://en.wikipedia.org/wiki/STS-31,"STS-31 was the 35th mission of NASA's Space Shuttle program and the tenth flight of the Space Shuttle Discovery. The primary purpose of this mission was the deployment of the Hubble Space Telescope into low Earth orbit. Discovery lifted off from Launch Complex 39B on April 24, 1990, from Kennedy Space Center, Florida.",,,,,,
"Gennady Strekalov, Gennady Manakov",USSR/Russia,Mir,Soyuz TM-10 was the tenth expedition to the Russian Space Station Mir.,N,N,N,130.0,1990-08-03,Soyuz TM-10,1990-12-10,Soyuz TM-10,1990,Soyuz-U2,Soyuz-TM,,NW of Arkalyk,Вулка́н (Vulkan – Volcano,Soviet space program,130 d 20 h 35 min,https://en.wikipedia.org/wiki/Soyuz_TM-10,Soyuz TM-10 was the tenth expedition to the Russian Space Station Mir.,,,,,,
"Richard N. Richards, Robert D. Cabana, William M. Shepherd, Bruce E. Melnick, Thomas D. Akers",USA,,Ulysses probe deployed. Miscellaneous science experiments.,N,N,N,4.0,1990-10-06,STS-41 (Discovery),1990-10-10,STS-41 (Discovery),1990,,,"Kennedy, LC-39B","Edwards, Runway22",,NASA,4 d 2 h,https://en.wikipedia.org/wiki/STS-41,"STS-41 was the 36th Space Shuttle mission and the eleventh mission of the Space Shuttle Discovery. The four-day mission had a primary objective of launching the Ulysses probe as part of the ""International Solar Polar Mission"".",,,,,,
"Richard O. Covey, Frank L. Culbertson, Robert C. Springer, Carl J. Meade, Charles D. Gemar",USA,,"U.S. Department of Defense mission. Classified payload, reportedly reconnaissance satellite.",N,N,N,5.0,1990-11-15,STS-38 (Atlantis),1990-11-20,STS-38 (Atlantis),1990,,,"Kennedy, LC-39A","Kennedy, SLF Runway 33",,NASA,4 d 21 h,https://en.wikipedia.org/wiki/STS-38,STS-38 was a Space Shuttle mission by NASA using the Space Shuttle Atlantis. It was the 37th shuttle mission and carried a classified payload for the U.S. Department of Defense. It was the seventh flight for Atlantis and the seventh flight dedicated to the Department of Defense.,,,,,,
"Vance D. Brand, Guy S. Gardner, Jeffrey A. Hoffman, John M. Lounge, Robert A. Parker, Samuel T. Durrance, Ronald A. Parise",USA,,Ultraviolet and X-ray astronomy (ASTRO-1 observatory).,N,N,N,8.0,1990-12-02,STS-35 (Columbia),1990-12-10,STS-35 (Columbia),1990,Space Shuttle,,"Kennedy, LC-39B","Edwards, Runway22",,NASA,8 d 23 h,https://en.wikipedia.org/wiki/STS-35,"STS-35 was the tenth flight of Space Shuttle Columbia, in the 38th shuttle mission. It was devoted to astronomical observations with ASTRO-1, a Spacelab observatory consisting of four telescopes. The mission launched from Kennedy Space Center in Florida on December 2, 1990.",,,,,,
"Victor Afanasyev, Musa Manarov",USSR/Russia,Mir,Mir crew rotation. First Japanese in space (Akiyama).,N,N,N,176.0,1990-12-02,Soyuz TM-11,1991-05-26,Soyuz TM-11,1990,Soyuz-U2,Soyuz 7K-STM No. 61,,near Dzhezkazgan,Дербе́нт (Derbent,Soviet space program,175 d 1 h 50 min,https://en.wikipedia.org/wiki/Soyuz_TM-11,"Soyuz TM-11 was the eleventh expedition to the Russian space station Mir, using a Soyuz-TM crew transport vessel. The mission notably carried a Japanese television reporter from Tokyo Broadcasting System.",,,,,,
Toyohiro Akiyama,USSR/Russia,Mir,"Soyuz TM-11 was the eleventh expedition to the Russian space station Mir, using a Soyuz-TM crew transport vessel. The mission notably carried a Japanese television reporter from Tokyo Broadcasting System.",N,N,N,8.0,1990-12-02,Soyuz TM-11,1990-12-10,Soyuz TM-10,1990,Soyuz-U2,Soyuz 7K-STM No. 61,,near Dzhezkazgan,Дербе́нт (Derbent,Soviet space program,175 d 1 h 50 min,https://en.wikipedia.org/wiki/Soyuz_TM-11,"Soyuz TM-11 was the eleventh expedition to the Russian space station Mir, using a Soyuz-TM crew transport vessel. The mission notably carried a Japanese television reporter from Tokyo Broadcasting System.",,,,,,
"Steven R. Nagel, Kenneth D. Cameron, Jerry L. Ross, Jerome Apt, Linda M. Godwin",USA,,Deployment of Compton Gamma Ray Observatory.,N,N,N,6.0,1991-04-05,STS-37 (Atlantis),1991-04-11,STS-37 (Atlantis),1991,,,"Kennedy, LC-39B","Edwards, Runway33",,NASA,5 d 23 h,https://en.wikipedia.org/wiki/STS-37,"STS-37, the thirty-ninth NASA Space Shuttle mission and the eighth flight of the Space Shuttle Atlantis, was a six-day mission with the primary objective of launching the Compton Gamma Ray Observatory, the second of the Great Observatories program which included the visible-spectrum Hubble Space Telescope, the Chandra X-ray Observatory and the infrared Spitzer Space Telescope. The mission also featured two spacewalks, the first since 1985.",,,,,,
"Michael L. Coats, L. Blaine Hammond, Guion S. Bluford, Gregory J. Harbaugh, Richard J. Hieb, Donald R. McMonagle, Charles L. Veach",USA,,"U.S. Department of Defense mission. Part-classified payload, including various science experiments and observations.",N,N,N,8.0,1991-04-28,STS-39 (Discovery),1991-05-06,STS-39 (Discovery),1991,,,"Kennedy, LC-39A","Kennedy, SLF Runway 15",,NASA,8 d 7 h,https://en.wikipedia.org/wiki/STS-39,"STS-39 was the twelfth mission of the NASA Space Shuttle Discovery, and the 40th orbital shuttle mission overall. The primary purpose of the mission was to conduct a variety of payload experiments for the U.S. Department of Defense.",,,,,,
Helen Sharman,USSR/Russia,Mir,Mir crew rotation. Life science experiments. First Briton in space (Sharman). First European woman in space (Sharman).,N,N,N,8.0,1991-05-18,Soyuz TM-12,1991-05-26,Soyuz TM-11,1991,Soyuz-U2,Soyuz 7K-STM No. 62,,SW of Arkalyk,Озо́н (Ozone,Soviet space program,144 d 15 h 21 min,https://en.wikipedia.org/wiki/Soyuz_TM-12,"Soyuz TM-12 was the 12th expedition to Mir, and included the first Briton in space, Helen Sharman.",,,,,,
Anatoly Artsebarsky,USSR/Russia,Mir,Mir crew rotation. Life science experiments. First Briton in space (Sharman). First European woman in space (Sharman).,N,N,N,146.0,1991-05-18,Soyuz TM-12,1991-10-10,Soyuz TM-12,1991,Soyuz-U2,Soyuz 7K-STM No. 62,,SW of Arkalyk,Озо́н (Ozone,Soviet space program,144 d 15 h 21 min,https://en.wikipedia.org/wiki/Soyuz_TM-12,"Soyuz TM-12 was the 12th expedition to Mir, and included the first Briton in space, Helen Sharman.",,,,,,
Sergey Krikalev,USSR/Russia,Mir,Mir crew rotation. Life science experiments. First Briton in space (Sharman). First European woman in space (Sharman).,N,N,N,313.0,1991-05-18,Soyuz TM-12,1992-03-25,Soyuz TM-13,1991,Soyuz-U2,Soyuz 7K-STM No. 62,,SW of Arkalyk,Озо́н (Ozone,Soviet space program,144 d 15 h 21 min,https://en.wikipedia.org/wiki/Soyuz_TM-12,"Soyuz TM-12 was the 12th expedition to Mir, and included the first Briton in space, Helen Sharman.",,,,,,
"Bryan D. O'Connor, Sidney M. Gutierrez, James P. Bagian, Tamara E. Jernigan, M. Rhea Seddon, F. Andrew Gaffney, Millie E. Hughes-Fulford",USA,,"Spacelab life sciences mission, studying humans, rodents and jellyfish.",N,N,N,9.0,1991-06-05,STS-40 (Columbia),1991-06-14,STS-40 (Columbia),1991,,,"Kennedy, LC-39B","Edwards, Runway22",,NASA,9 d 2 h,https://en.wikipedia.org/wiki/STS-40,"STS-40, the eleventh launch of Space Shuttle Columbia, was a nine-day mission in June 1991. It carried the Spacelab module for Spacelab Life Sciences 1, the fifth Spacelab mission and the first dedicated solely to biology. STS-40 was the first spaceflight that included three women crew members.",,,,,,
"John E. Blaha, Michael A. Baker, Shannon W. Lucid, James C. Adamson, G. David Low",USA,,Deployment of Tracking and Data Relay Satellite-5.,N,N,N,9.0,1991-08-02,STS-43 (Atlantis),1991-08-11,STS-43 (Atlantis),1991,,,"Kennedy, LC-39A","Kennedy, SLF Runway 15",,NASA,8 d 21 h,https://en.wikipedia.org/wiki/STS-43,"STS-43, the ninth mission for Space Shuttle Atlantis, was a nine-day mission whose primary goal was launching the TDRS-E satellite. The flight also tested an advanced heatpipe radiator for potential use on the then-future space station and conducted a variety of medical and materials science investigations.",,,,,,
"John O. Creighton, Kenneth S. Reightler, James F. Buchli, Charles D. Gemar, Mark N. Brown",USA,,Deployment of Upper Atmosphere Research Satellite (UARS).,N,N,N,6.0,1991-09-12,STS-48 (Discovery),1991-09-18,STS-48 (Discovery),1991,,,"Kennedy, LC-39A","Edwards, Runway22",,NASA,5 d 8 h,https://en.wikipedia.org/wiki/STS-48,"STS-48 was a Space Shuttle mission that launched on September 12, 1991, from Kennedy Space Center, Florida. The orbiter was Space Shuttle Discovery on her 13th flight. The primary payload was the Upper Atmosphere Research Satellite.",,,,,,
"Toktar Aubakirov, Franz Viehböck",USSR/Russia,Mir,Mir crew rotation. First Kazakh in space (Aubakirov). First Austrian in space (Vieböck).,N,N,N,8.0,1991-10-02,Soyuz TM-13,1991-10-10,Soyuz TM-12,1991,Soyuz-U2,Soyuz 7K-STM No. 63,Baikonur Cosmodrome,near Dzhezkazgan,Донба́сс (Donbass,Soviet space program,175 d 2 h 51 min,https://en.wikipedia.org/wiki/Soyuz_TM-13,"Soyuz TM-13 was the 13th expedition to the Mir space station. Launched from the Soviet Union in October 1991 and lasting until March 1992, the mission included cosmonauts from Austria and the Kazakh Soviet Socialist Republic, the latter of which became an independent state during the mission due to the dissolution of the Soviet Union in December 1991. The launch ceremony at the Baikonur Cosmodrome in Baikonur, Kazakh SSR was attended by the Soviet Premier Ivan Silaev, the President of the Kazakh SSR Nursultan Nazarbayev, and the Chancellor of Austria Franz Vranitzky.",,,,,,
Alexander Volkov,USSR/Russia,Mir,Mir crew rotation. First Kazakh in space (Aubakirov). First Austrian in space (Vieböck).,N,N,N,176.0,1991-10-02,Soyuz TM-13,1992-03-25,Soyuz TM-13,1991,Soyuz-U2,Soyuz 7K-STM No. 63,Baikonur Cosmodrome,near Dzhezkazgan,Донба́сс (Donbass,Soviet space program,175 d 2 h 51 min,https://en.wikipedia.org/wiki/Soyuz_TM-13,"Soyuz TM-13 was the 13th expedition to the Mir space station. Launched from the Soviet Union in October 1991 and lasting until March 1992, the mission included cosmonauts from Austria and the Kazakh Soviet Socialist Republic, the latter of which became an independent state during the mission due to the dissolution of the Soviet Union in December 1991. The launch ceremony at the Baikonur Cosmodrome in Baikonur, Kazakh SSR was attended by the Soviet Premier Ivan Silaev, the President of the Kazakh SSR Nursultan Nazarbayev, and the Chancellor of Austria Franz Vranitzky.",,,,,,
"Frederick D. Gregory, Terence T. Henricks, F. Story Musgrave, Mario Runco, James S. Voss, Thomas J. Hennen",USA,,U.S. Department of Defense mission. Deployment of Defense Support Program (DSP) satellite.,N,N,N,7.0,1991-11-24,STS-44 (Atlantis),1991-12-01,STS-44 (Atlantis),1991,,,"Kennedy, LC-39A","Edwards, Runway5",,NASA,6 d 22 h,https://en.wikipedia.org/wiki/STS-44,"STS-44 was a NASA Space Shuttle mission using Atlantis that launched on November 24, 1991. It was a U.S. Department of Defense space mission.",,,,,,
"Ronald J. Grabe, Stephen S. Oswald, Norman E. Thagard, David C. Hilmers, William F. Readdy, Roberta L. Bondar, Ulf Merbold",USA,,International Microgravity Laboratory-1 (IML-1). Life sciences and materials processing experiments. First Canadian woman in space (Bondar).,N,N,N,8.0,1992-01-22,STS-42 (Discovery),1992-01-30,STS-42 (Discovery),1992,,,"Kennedy, LC-39A","Edwards, Runway22",,NASA,8 d 1 h,https://en.wikipedia.org/wiki/STS-42,"STS-42 was a NASA Space Shuttle Discovery mission with the Spacelab module. Liftoff was originally scheduled for 8:45 EST on January 22, 1992, but the launch was delayed due to weather constraints. Discovery successfully lifted off an hour later at 9:52:33 EST on her 14th flight.",,,,,,
Klaus-Dietrich Flade,USSR/Russia,Mir,First Soyuz mission since the collapse of the USSR.,N,N,N,8.0,1992-03-17,Soyuz TM-14,1992-03-25,Soyuz TM-13,1992,Soyuz-U2,Soyuz 7K-STM No. 64,,SE of Dzhezkazgan,Ви́тязь (Vityaz' – Knight,Rosaviakosmos,145 d 14 h 10 min,https://en.wikipedia.org/wiki/Soyuz_TM-14,"Soyuz TM-14 was the 14th expedition to the Mir space station. It included an astronaut from Germany, and was the first Russian Soyuz mission after the collapse of the Soviet Union.",,,,,,
"Alexander Victorenko, Alexander Kaleri",USSR/Russia,Mir,First Soyuz mission since the collapse of the USSR.,N,N,N,147.0,1992-03-17,Soyuz TM-14,1992-08-10,Soyuz TM-14,1992,Soyuz-U2,Soyuz 7K-STM No. 64,,SE of Dzhezkazgan,Ви́тязь (Vityaz' – Knight,Rosaviakosmos,145 d 14 h 10 min,https://en.wikipedia.org/wiki/Soyuz_TM-14,"Soyuz TM-14 was the 14th expedition to the Mir space station. It included an astronaut from Germany, and was the first Russian Soyuz mission after the collapse of the Soviet Union.",,,,,,
"Charles F. Bolden, Brian Duffy, Kathryn D. Sullivan, David C. Leestma, C. Michael Foale, Byron K. Lichtenberg, Dirk Frimout",USA,,Atmospheric Laboratory for Applications and Science (ATLAS-1): international experiments in atmospheric and astronomical research. First Belgian in space (Frimout).,N,N,N,9.0,1992-03-24,STS-45 (Atlantis),1992-04-02,STS-45 (Atlantis),1992,,,"Kennedy, LC-39A","Kennedy, SLF Runway 33",,NASA,8 d 22 h,https://en.wikipedia.org/wiki/STS-45,STS-45 was a 1992 NASA Space Shuttle mission using the Space Shuttle Atlantis. Its almost nine-day scientific mission was with a non-deployable payload of instruments. It was the 46th Space Shuttle mission and the 11th for Atlantis.,,,,,,
"Daniel C. Brandenstein, Kevin P. Chilton, Pierre J. Thuot, Kathryn C. Thornton, Richard J. Hieb, Thomas D. Akers, Bruce E. Melnick",USA,,Retrieval and redeployment of INTELSAT VI (F-3) satellite. Demonstration of maintenance and assembly capabilities for Space Station Freedom.,N,N,N,9.0,1992-05-07,STS-49 (Endeavor),1992-05-16,STS-49 (Endeavor),1992,,,"Kennedy, LC-39B","Edwards, Runway22",,NASA,8 d 21 h,https://en.wikipedia.org/wiki/STS-49,"STS-49 was NASA's maiden flight of the Space Shuttle Endeavour, which launched on May 7, 1992. The primary goal of its nine-day mission was to retrieve an Intelsat VI satellite, Intelsat 603, which failed to leave Low Earth orbit two years before, attach it to a new upper stage, and relaunch it to its intended geosynchronous orbit. After several attempts, the capture was completed with the only three-person extravehicular activity in space flight history.",,,,,,
"Richard N. Richards, Kenneth D. Bowersox, Bonnie J. Dunbar, Lawrence J. DeLucas, Ellen S. Baker, Carl J. Meade, Eugene H. Trinh",USA,,United States Microgravity Laboratory-I (USML-1): various microgravity experiments.,N,N,N,14.0,1992-06-25,STS-50 (Columbia),1992-07-09,STS-50 (Columbia),1992,,,"Kennedy, LC-39A","Kennedy, SLF Runway 33",,NASA,13 d 19 h,https://en.wikipedia.org/wiki/STS-50,"STS-50 was a NASA Space Shuttle mission, the 12th mission of the Columbia orbiter. Columbia landed at Kennedy Space Center for the first time ever due to bad weather at Edwards Air Force Base caused by the remnants of Hurricane Darby.",,,,,,
"Anatoly Solovyev, Sergey Avdeyev",USSR/Russia,Mir,Soyuz TM-15 was the 15th expedition to the Mir space station. It included spationaut Michel Tognini from France.,N,N,N,190.0,1992-07-27,Soyuz TM-15,1993-02-01,Soyuz TM-14,1992,Soyuz-U2,Soyuz 7K-STM No. 65,,near Dzhezkazgan,Rodnik (Spring,Rosaviakosmos,188 d 21 h 41 min,https://en.wikipedia.org/wiki/Soyuz_TM-15,Soyuz TM-15 was the 15th expedition to the Mir space station. It included spationaut Michel Tognini from France. The Soyuz TM-15 flight set what was then a new Soyuz spacecraft on orbit endurance record.,,,,,,
Michel Tognini,USSR/Russia,Mir,Mir crew rotation.,N,N,N,14.0,1992-07-27,Soyuz TM-15,1992-08-10,Soyuz TM-15,1992,Soyuz-U2,Soyuz 7K-STM No. 65,,near Dzhezkazgan,Rodnik (Spring,Rosaviakosmos,188 d 21 h 41 min,https://en.wikipedia.org/wiki/Soyuz_TM-15,Soyuz TM-15 was the 15th expedition to the Mir space station. It included spationaut Michel Tognini from France. The Soyuz TM-15 flight set what was then a new Soyuz spacecraft on orbit endurance record.,,,,,,
"Loren J. Shriver, Andrew M. Allen, Jeffrey A. Hoffman, Franklin R. Chang-Diaz, Claude Nicollier, Marsha S. Ivins, Franco Malerba",USA,,Deployment of ESA's EURECA (European Retrievable Carrier). Deployment of joint NASA/Italian Space Agency Tethered Satellite System (TSS) (failed). First Swiss in space (Nicollier). First Italian in space (Malerba).,N,N,N,8.0,1992-07-31,STS-46 (Atlantis),1992-08-08,STS-46 (Atlantis),1992,,,"Kennedy, LC-39B","Kennedy, SLF Runway 33",,NASA,7 d 23 h,https://en.wikipedia.org/wiki/STS-46,"STS-46 was a NASA Space Shuttle mission using Atlantis and was launched on July 31, 1992, and landed on August 8, 1992.",,,,,,
"Robert L. Gibson, Curtis L. Brown, Mark C. Lee, N. Jan Davis, Jerome Apt, Mae C. Jemison, Mamoru Mohri",USA,,50th Space Shuttle mission. Joint NASA and NASDA mission. Conducted microgravity investigations in materials and life sciences. First African-American woman in space (Jemison).,N,N,N,8.0,1992-09-12,STS-47 (Endeavor),1992-09-20,STS-47 (Endeavor),1992,,,"Kennedy, LC-39B","Kennedy, SLF Runway 33",,NASA,7 d 22 h,https://en.wikipedia.org/wiki/STS-47,"STS-47 was NASA's 50th Space Shuttle mission of the program, as well as the second mission of the Space Shuttle Endeavour. The mission mainly involved conducting experiments in life and material sciences inside Spacelab-J, a collaborative laboratory inside the shuttle's payload bay sponsored by NASA and the National Space Development Agency of Japan. This mission carried Mamoru Mohri, the first Japanese astronaut aboard the shuttle, Mae Jemison, the first African-American woman to go to space, and the only married couple to fly together on the shuttle, Mark C. Lee and Jan Davis, which had been against NASA policy prior to this mission.",,,,,,
"James D. Wetherbee, Michael A. Baker, Charles L. Veach, William M. Shepherd, Tamara E. Jernigan, Steven G. MacLean",USA,,Deployment of Laser Geodynamic Satellite II (LAGEOS-II). US Microgravity Payload-1 (USMP-1): physics experiments.,N,N,N,10.0,1992-10-22,STS-52 (Columbia),1992-11-01,STS-52 (Columbia),1992,,,"Kennedy, LC-39B","Kennedy, SLF Runway 33",,NASA,9 d 20 h,https://en.wikipedia.org/wiki/STS-52,"STS-52 was a NASA Space Shuttle mission using Space Shuttle Columbia, launched on October 22, 1992.",,,,,,
"David M. Walker, Robert D. Cabana, Guion S. Bluford, James S. Voss, Michael R. Clifford",USA,,"Classified US Department of Defense primary payload, reportedly a reconnaissance satellite. Miscellaneous unclassified science experiments.",N,N,N,7.0,1992-12-02,STS-53 (Discovery),1992-12-09,STS-53 (Discovery),1992,,,"Kennedy, LC-39A","Edwards, Runway22",,NASA,7 d 7 h,https://en.wikipedia.org/wiki/STS-53,"STS-53 was a NASA Space Shuttle Discovery mission in support of the United States Department of Defense. It was Discovery's 15th flight. The mission was launched on December 2, 1992, from Kennedy Space Center, Florida.",,,,,,
"John H. Casper, Donald R. McMonagle, Mario Runco, Gregory J. Harbaugh, Susan J. Helms",USA,,Deployment of fifth Tracking and Data Relay Satellite (TDRS-F). Diffuse X-ray Spectrometer (DXS) and microgravity experiments.,N,N,N,6.0,1993-01-13,STS-54 (Endeavor),1993-01-19,STS-54 (Endeavor),1993,Space Shuttle,,"Kennedy, LC-39B","Kennedy, SLF Runway 33",,NASA,5 d 23 h,https://en.wikipedia.org/wiki/STS-54,"STS-54 was a NASA Space Transportation System mission using Space Shuttle Endeavour. This was the third flight for Endeavour, and was launched on January 13, 1993, with Endeavour returning to the Kennedy Space Center on January 19, 1993.",,,,,,
"Gennady Manakov, Alexander Poleshchuk",USSR/Russia,Mir,Docking system tests.,N,N,N,180.0,1993-01-24,Soyuz TM-16,1993-07-22,Soyuz TM-16,1993,Soyuz-U2,Soyuz 7K-STM No. 101,,S of Dzhezkazgan,Вулка́н (Vulkan - Volcano,Rosaviakosmos,179 d 43 min,https://en.wikipedia.org/wiki/Soyuz_TM-16,"Soyuz TM-16 was the sixteenth expedition to the Russian Space Station Mir. The Soyuz-TM crew transports were fourth generation Soyuz spacecraft used for ferry flights to the Mir and ISS space stations. It added to the Soyuz-T new docking and rendezvous, radio communications, emergency and integrated parachute/landing engine systems.",,,,,,
"Kenneth D. Cameron, Stephen S. Oswald, C. Michael Foale, Kenneth D. Cockrell, Ellen L. Ochoa",USA,,Atmospheric Laboratory for Applications and Science-2 (ATLAS-2). Atmospheric and solar science research.,N,N,N,9.0,1993-04-08,STS-56 (Discovery),1993-04-17,STS-56 (Discovery),1993,,,"Kennedy, LC-39B","Kennedy, SLF Runway 33",,NASA,9 d 6 h,https://en.wikipedia.org/wiki/STS-56,"STS-56 was a NASA Space Shuttle Discovery mission to perform special experiments. It was Discovery's 16th flight. The mission was launched from Kennedy Space Center, Florida, on April 8, 1993.",,,,,,
"Steven R. Nagel, Terence T. Henricks, Jerry L. Ross, Charles J. Precourt, Bernard A. Harris, Ulrich Walter, Hans Schlegel",USA,,German-sponsored Spacelab flight: miscellaneous science experiments.,N,N,N,10.0,1993-04-26,STS-55 (Columbia),1993-05-06,STS-55 (Columbia),1993,Space Shuttle,,"Kennedy, LC-39A","Edwards, Runway22",,NASA and DLR,9 d 23 h,https://en.wikipedia.org/wiki/STS-55,"STS-55, or Deutschland 2, was the 55th overall flight of the NASA Space Shuttle and the 14th flight of Shuttle Columbia. This flight was a multinational Spacelab flight involving 88 experiments from eleven different nations. The experiments ranged from biology sciences to simple Earth observations.",,,,,,
"Ronald J. Grabe, Brian Duffy, G. David Low, Nancy J. Sherlock Currie, Peter J. Wisoff, Janice E. Voss",USA,,First SPACEHAB flight: biomedical and materials sciences experiments. Retrieval of ESA's EURECA (European Retrievable Carrier).,N,N,N,10.0,1993-06-21,STS-57 (Endeavor),1993-07-01,STS-57 (Endeavor),1993,,,"Kennedy, LC-39B","Kennedy, SLF Runway 33",,NASA,9 d 23 h,https://en.wikipedia.org/wiki/STS-57,"STS-57 was a NASA Space Shuttle-Spacehab mission of Space Shuttle Endeavour that launched June 21, 1993, from Kennedy Space Center, Florida.",,,,,,
"Vasily Tsiblyev, Alexander Serebrov",USSR/Russia,Mir,Mir crew rotation.,N,N,N,197.0,1993-07-01,Soyuz TM-17,1994-01-13,Soyuz TM-16,1993,Soyuz-U2,Soyuz 7K-STM No. 66,,,Си́риус (Sirius,Rosaviakosmos,196 d 17 h 45 min,https://en.wikipedia.org/wiki/Soyuz_TM-17,"Soyuz TM-17 was a Russian spaceflight to the space station Mir, launched on July 1, 1993. It carried Russian cosmonauts Vasily Tsibliyev and Aleksandr Serebrov, along with French astronaut Jean-Pierre Haigneré. It lasted 196 days and 17 hours, making more than 3,000 orbits of the planet Earth.",,,,,,
Jean-Pierre Haigneré,USSR/Russia,Mir,Mir crew rotation.,N,N,N,21.0,1993-07-01,Soyuz TM-17,1993-07-22,Soyuz TM-17,1993,Soyuz-U2,Soyuz 7K-STM No. 66,,,Си́риус (Sirius,Rosaviakosmos,196 d 17 h 45 min,https://en.wikipedia.org/wiki/Soyuz_TM-17,"Soyuz TM-17 was a Russian spaceflight to the space station Mir, launched on July 1, 1993. It carried Russian cosmonauts Vasily Tsibliyev and Aleksandr Serebrov, along with French astronaut Jean-Pierre Haigneré. It lasted 196 days and 17 hours, making more than 3,000 orbits of the planet Earth.",,,,,,
"Frank L. Culbertson, William F. Readdy, James H. Newman, Daniel W. Bursch, Carl E. Walz",USA,,Deployment of Advanced Communications Technology Satellite (ACTS). Ultraviolet astronomical observations.,N,N,N,10.0,1993-09-12,STS-51 (Discovery),1993-09-22,STS-51 (Discovery),1993,,,"Kennedy, LC-39B","Kennedy, SLF Runway 15",,NASA,9 d 20 h 11 min,https://en.wikipedia.org/wiki/STS-51,"STS-51 was a NASA Space Shuttle Discovery mission that launched the Advanced Communications Technology Satellite in September 1993. Discovery's 17th flight also featured the deployment and retrieval of the SPAS-ORFEUS satellite and its IMAX camera, which captured spectacular footage of Discovery in space. A spacewalk was also performed during the mission to evaluate tools and techniques for the STS-61 Hubble Space Telescope servicing mission later that year.",,,,,,
"John E. Blaha, Richard A. Searfoss, M. Rhea Seddon, William S. McArthur, David A. Wolf, Shannon W. Lucid, Martin J. Fettman",USA,,Spacelab life sciences mission.,N,N,N,14.0,1993-10-18,STS-58 (Columbia),1993-11-01,STS-58 (Columbia),1993,,,"Kennedy, LC-39B","Edwards, Runway22",,NASA,14 d,https://en.wikipedia.org/wiki/STS-58,"STS-58 was a NASA mission flown by Space Shuttle Columbia launched from Kennedy Space Center, Florida, on October 18, 1993. The missions was primarily devoted to experiments concerning the physiological effects in space. This was the first in-flight use of the ""Portable In-flight Landing Operations Trainer"" simulation software.",,,,,,
"Richard O. Covey, Kenneth D. Bowersox, F. Story Musgrave, Kathryn C. Thornton, Claude Nicollier, Jeffrey A. Hoffman, Thomas D. Akers",USA,,First Hubble Space Telescope repair servicing mission.,N,N,N,11.0,1993-12-02,STS-61 (Endeavor),1993-12-13,STS-61 (Endeavor),1993,Space Shuttle Endeavour,,"Kennedy Space Center, LC-39B","Kennedy Space Center,SLF Runway 33",,NASA,10 d 19 h 58 min,https://en.wikipedia.org/wiki/STS-61,"STS-61 was NASA's first Hubble Space Telescope servicing mission, and the fifth flight of the Space Shuttle Endeavour. The mission launched on December 2, 1993, from Kennedy Space Center in Florida. The mission restored the spaceborne observatory's vision with the installation of a new main camera and a corrective optics package.",,,,,,
Valery Polyakov,USSR/Russia,Mir,Mir crew rotation.,N,N,N,439.0,1994-01-08,Soyuz TM-18,1995-03-22,Soyuz TM-18,1994,Soyuz-U2,Soyuz 7K-STM No. 67,Baikonur 1/5,north of Arkalyk,Дербе́нт (Derbent,Rosaviakosmos,182 d 27 min,https://en.wikipedia.org/wiki/Soyuz_TM-18,"Soyuz TM-18 was launched from Baikonur Cosmodrome and landed 112 km north of Arkalyk. TM-18 was a two-day solo flight that docked with the Mir space station on January 10, 1994. The three cosmonauts became the 15th resident crew on board Mir.",,,,,,
"Victor Afanasyev, Yury Usachyev",USSR/Russia,Mir,Mir crew rotation.,N,N,N,183.0,1994-01-08,Soyuz TM-18,1994-07-09,Soyuz TM-20,1994,Soyuz-U2,Soyuz 7K-STM No. 67,Baikonur 1/5,north of Arkalyk,Дербе́нт (Derbent,Rosaviakosmos,182 d 27 min,https://en.wikipedia.org/wiki/Soyuz_TM-18,"Soyuz TM-18 was launched from Baikonur Cosmodrome and landed 112 km north of Arkalyk. TM-18 was a two-day solo flight that docked with the Mir space station on January 10, 1994. The three cosmonauts became the 15th resident crew on board Mir.",,,,,,
"Charles F. Bolden, Kenneth S. Reightler, N. Jan Davis, Ronald M. Sega, Franklin R. Chang-Diaz, Sergey Krikalev",USA,,SPACEHAB-2: materials science and life sciences investigations. Wake Shield Facility-1 deployment. Medical and radiological investigations. First Russian to fly aboard the Space Shuttle (Krikalev).,N,N,N,8.0,1994-02-03,STS-60 (Discovery),1994-02-11,STS-60 (Discovery),1994,,,"Kennedy, LC-39A","Kennedy, SLF Runway 15",,NASA,8 d 7 h 9 min,https://en.wikipedia.org/wiki/STS-60,"STS-60 was the first mission of the U.S./Russian Shuttle-Mir Program, and the 18th flight of Discovery, in which Sergei K. Krikalev became the first Russian cosmonaut to fly aboard a Space Shuttle. The mission used NASA Space Shuttle Discovery, which lifted off from Launch Pad 39A on February 3, 1994, from Kennedy Space Center, Florida. The mission carried the Wake Shield Facility experiment and a SPACEHAB module, developed by SPACEHAB Inc., into orbit, and carried out a live bi-directional audio and downlink link-up with the cosmonauts aboard the Russian space station Mir.",,,,,,
"John H. Casper, Andrew M. Allen, Pierre J. Thuot, Charles D. Gemar, Marsha S. Ivins",USA,,Miscellaneous scientific experiments.,N,N,N,14.0,1994-03-04,STS-62 (Columbia),1994-03-18,STS-62 (Columbia),1994,,,"Kennedy, LC-39B","Kennedy, SLF Runway 33",,NASA,13 d 23 h 16 min,https://en.wikipedia.org/wiki/STS-62,"STS-62 was a Space Shuttle program mission flown aboard Space Shuttle Columbia. The primary payloads were the USMP-02 microgravity experiments package and the OAST-2 engineering and technology payload, both in the orbiter's cargo bay. The two-week mission also featured a number of biomedical experiments focusing on the effects of long duration spaceflight.",,,,,,
"Sidney M. Gutierrez, Kevin P. Chilton, Linda M. Godwin, Jerome Apt, Michael R. Clifford, Thomas D. Jones",USA,,Radar mapping of Earth and atmospheric research.,N,N,N,11.0,1994-04-09,STS-59 (Endeavor),1994-04-20,STS-59 (Endeavor),1994,,,"Kennedy, LC-39A",Edwards Runway 22,,NASA,11 d 5 h 49 min,https://en.wikipedia.org/wiki/STS-59,STS-59 was a Space Shuttle program mission that took place in 1994. The launch was chronicled by the 1994 Discovery Channel special about the Space Shuttle program.,,,,,,
"Yury Malenchenko, Talgat Musabayev",USSR/Russia,Mir,Medical and materials science experiments. Mir repairs.,N,N,N,125.0,1994-07-03,Soyuz TM-19,1994-11-04,Soyuz TM-19,1994,Soyuz-U2,Soyuz 7K-STM No.68,Baikonur 1/5,northeast of Arkalyk,Ага́т (Agat - Agate,Rosaviakosmos,125 d 22 h 53 min,https://en.wikipedia.org/wiki/Soyuz_TM-19,"Soyuz TM-19 was a crewed Soyuz spaceflight to space station Mir that carried Russian cosmonaut Yuri Malenchenko and Kazakh cosmonaut Talgat Musabayev, while also landing German astronaut Ulf Merbold.",,,,,,
"Robert D. Cabana, James D. Halsell, Richard J. Hieb, Carl E. Walz, Leroy Chiao, Donald A. Thomas, Chiaki Mukai",USA,,International Microgravity Laboratory-2: miscellaneous microgravity experiments. First Japanese woman in space (Naito-Mukai).,N,N,N,15.0,1994-07-08,STS-65 (Columbia),1994-07-23,STS-65 (Columbia),1994,,,"Kennedy, LC-39A","Kennedy, SLF Runway 33",,NASA,14 d 17 h 55 min,https://en.wikipedia.org/wiki/STS-65,"STS-65 was a Space Shuttle program mission of Columbia launched from Kennedy Space Center, Florida, 8 July 1994. The flight carried a crew of 7 and was commanded by Robert D. Cabana who would go on later to lead the Kennedy Space Center. STS-65 was an international science mission that carried the International Microgravity Laboratory on a 15-day mission which featured the first animals to conceive and bear offspring in space.",,,,,,
"Richard N. Richards, L. Blaine Hammond, Jerry M. Linenger, Susan J. Helms, Carl J. Meade, Mark C. Lee",USA,,Atmospheric and solar observations.,N,N,N,11.0,1994-09-09,STS-64 (Discovery),1994-09-20,STS-64 (Discovery),1994,,,"Kennedy, LC-39B","Edwards, Runway4",,NASA,10 d 22 h 49 min,https://en.wikipedia.org/wiki/STS-64,"STS-64 was a Space Shuttle Discovery mission that was set to perform multiple experiment packages. It was Discovery's 19th flight. STS-64 was launched from Kennedy Space Center, Florida, on 9 September 1994, and landed back on 20 September 1994 at Edwards Air Force Base.",,,,,,
"Michael A. Baker, Terrence W. Wilcutt, Thomas D. Jones, Steven L. Smith, Daniel W. Bursch, Peter J. Wisoff",USA,,Radar imaging of Earth.,N,N,N,11.0,1994-09-30,STS-68 (Endeavor),1994-10-11,STS-68 (Endeavor),1994,,,"Kennedy, LC-39A","Edwards, Runway22",,NASA,11 d 05 h 46 min,https://en.wikipedia.org/wiki/STS-68,"STS-68 was a human spaceflight mission using Space Shuttle Endeavour that launched from Kennedy Space Center, Florida on September 30, 1994.",,,,,,
Ulf Merbold,USSR/Russia,Mir,Mir crew rotation.,N,N,N,31.0,1994-10-04,Soyuz TM-20,1994-11-04,Soyuz TM-19,1994,Soyuz-U2,Soyuz 7K-STM No.69,Baikonur 1/5,,Ви́тязь (Vityaz' – Knight,Rosaviakosmos,169 d 5 h 21 min,https://en.wikipedia.org/wiki/Soyuz_TM-20,"Soyuz TM-20 was the twentieth expedition to the Russian Space Station Mir. It launched Russian cosmonauts Aleksandr Viktorenko, Yelena Kondakova, and German cosmonaut Ulf Merbold.",,,,,,
"Alexander Victorenko, Yelena Kondakova",USSR/Russia,Mir,Mir crew rotation.,N,N,N,170.0,1994-10-04,Soyuz TM-20,1995-03-22,Soyuz TM-20,1994,Soyuz-U2,Soyuz 7K-STM No.69,Baikonur 1/5,,Ви́тязь (Vityaz' – Knight,Rosaviakosmos,169 d 5 h 21 min,https://en.wikipedia.org/wiki/Soyuz_TM-20,"Soyuz TM-20 was the twentieth expedition to the Russian Space Station Mir. It launched Russian cosmonauts Aleksandr Viktorenko, Yelena Kondakova, and German cosmonaut Ulf Merbold.",,,,,,
"Donald R. McMonagle, Curtis L. Brown, Ellen L. Ochoa, Scott E. Parazynski, Joseph R. Tanner, Jean-François Clervoy",USA,,Atmospheric research.,N,N,N,11.0,1994-11-03,STS-66 (Atlantis),1994-11-14,STS-66 (Atlantis),1994,,,"Kennedy, LC-39B","Edwards, Runway22",,NASA,10 d 22 h 34 min,https://en.wikipedia.org/wiki/STS-66,"STS-66 was a Space Shuttle program mission that was flown by the Space Shuttle Atlantis. STS-66 launched on November 3, 1994, at 11:59:43.060 am EDT from Launch Pad 39B at NASA's Kennedy Space Center.",,,,,,
"James D. Wetherbee, Eileen M. Collins, C. Michael Foale, Janice E. Voss, Bernard A. Harris, Vladimir Titov",USA,,Rendezvous maneuver with Mir. First female pilot (Collins). SPACEHAB-3: miscellaneous science experiments. First EVA by an African-American astronaut (Harris).,N,N,N,8.0,1995-02-03,STS-63 (Discovery),1995-02-11,STS-63 (Discovery),1995,,,"Kennedy, LC-39B","Kennedy, SLF Runway 15",,NASA,8 d 6 h 28 min,https://en.wikipedia.org/wiki/STS-63,"STS-63 was the second mission of the U.S.-Russian Shuttle–Mir program and the 20th flight of Space Shuttle Discovery. Dubbed the ""Near-Mir"" mission, it achieved the first rendezvous between an American Space Shuttle and Russia's space station, Mir. Discovery lifted off from Kennedy Space Center's Launch Complex 39B on February 3, 1995, in a night launch.",,,,,,
"Stephen S. Oswald, William G. Gregory, Tamara E. Jernigan, John M. Grunsfeld, Wendy B. Lawrence, Ronald A. Parise, Samuel T. Durrance",USA,,Ultraviolet astronomy studies.,N,N,N,16.0,1995-03-02,STS-67 (Endeavor),1995-03-18,STS-67 (Endeavor),1995,,,"Kennedy, LC-39A","Edwards, Runway22",,NASA,16 d 15 h 8 min,https://en.wikipedia.org/wiki/STS-67,"STS-67 was a human spaceflight mission using Space Shuttle Endeavour that launched from Kennedy Space Center, Florida on March 2, 1995.",,,,,,
"Norman E. Thagard, Vladimir Dezhurov, Gennady Strekalov",USSR/Russia,Mir,First American to visit Mir (Thagard).,N,N,N,116.0,1995-03-14,Soyuz TM-21,1995-07-07,STS-71 (Atlantis),1995,Soyuz-U2,Soyuz 7K-STM No. 70,,,Урага́н,Russian Space Agency,181 d,https://en.wikipedia.org/wiki/Soyuz_TM-21,"Soyuz TM-21 was a crewed Soyuz spaceflight to Mir. The mission launched from Baikonur Cosmodrome, atop a Soyuz-U2 carrier rocket, at 06:11:34 UTC on 14 March 1995. The flight marked the first time thirteen humans were flying in space simultaneously, with three aboard the Soyuz, three aboard Mir and seven aboard Space Shuttle Endeavour, flying STS-67.",,,,,,
"Robert L. Gibson, Charles J. Precourt, Ellen S. Baker, Bonnie J. Dunbar, Gregory J. Harbaugh",USA,Mir,First Shuttle-Mir docking. Biomedical experiments. Mir crew rotation and resupply.,N,N,N,10.0,1995-06-27,STS-71 (Atlantis),1995-07-07,STS-71 (Atlantis),1995,,,"Kennedy, LC-39A","Kennedy, SLF Runway 15",,NASA,9 d 19 h 23 min,https://en.wikipedia.org/wiki/STS-71,"STS-71 was a crewed spaceflight that was the third mission of the US/Russian Shuttle-Mir Program. The mission began on June 27, 1995, with the launch of Space Shuttle Atlantis from launchpad 39A at the Kennedy Space Center in Florida. Atlantis became the first Space Shuttle to dock with the Russian space station Mir, delivering a relief crew of two cosmonauts Anatoly Solovyev and Nikolai Budarin to the station and recovering Increment astronaut Norman Thagard.",,,,,,
"Anatoly Solovyev, Nikolay Budarin",USA,Mir,First Shuttle-Mir docking. Biomedical experiments. Mir crew rotation and resupply.,N,N,N,77.0,1995-06-27,STS-71 (Atlantis),1995-09-11,Soyuz TM-21,1995,,,"Kennedy, LC-39A","Kennedy, SLF Runway 15",,NASA,9 d 19 h 23 min,https://en.wikipedia.org/wiki/STS-71,"STS-71 was a crewed spaceflight that was the third mission of the US/Russian Shuttle-Mir Program. The mission began on June 27, 1995, with the launch of Space Shuttle Atlantis from launchpad 39A at the Kennedy Space Center in Florida. Atlantis became the first Space Shuttle to dock with the Russian space station Mir, delivering a relief crew of two cosmonauts Anatoly Solovyev and Nikolai Budarin to the station and recovering Increment astronaut Norman Thagard.",,,,,,
"Terence T. Henricks, Kevin R. Kregel, Nancy J. Sherlock Currie, Donald A. Thomas, Mary E. Weber",USA,,Deployment of 7th Tracking and Data Relay Satellite (TDRS). Biological and biomedical studies.,N,N,N,9.0,1995-07-13,STS-70 (Discovery),1995-07-22,STS-70 (Discovery),1995,,,"Kennedy, LC-39B","Kennedy, SLF Runway 33",,NASA,8 d 22 h 20 min,https://en.wikipedia.org/wiki/STS-70,"STS-70 was the 21st flight of the Space Shuttle Discovery, and the last of 7 shuttle missions to carry a Tracking and Data Relay Satellite. This was the first shuttle mission controlled from the new mission control center room at the Johnson Space Center in Houston. STS-70 was also the first flight of the new Block 1 orbiter main engine, designed to improve both engine performance and safety.",,,,,,
"Sergey Avdeyev, Yury Gidzenko, Thomas Reiter",USSR/Russia,Mir,Mir crew rotation. First EVA by a German cosmonaut (Reiter).,N,N,N,178.0,1995-09-05,Soyuz TM-22,1996-02-29,Soyuz TM-22,1995,Soyuz-U2,Soyuz 7K-STM no. 71,Baikonur Launch Pad 1,,Ура́н (Uran,Rosaviakosmos,179 d 1 h 41 min,https://en.wikipedia.org/wiki/Soyuz_TM-22,"Soyuz TM-22 was a Soyuz spaceflight to the Soviet space station Mir. It launched from Baikonur Cosmodrome Launch Pad 1 on September 3, 1995. After two days of free flight, the crew docked with Mir to become Mir Principal Expedition 20 and Euromir 95.",,,,,,
"David M. Walker, Kenneth D. Cockrell, James S. Voss, James H. Newman, Michael L. Gernhardt",USA,,Solar observations. Wake Shield Facility-2 deployment.,N,N,N,11.0,1995-09-07,STS-69 (Endeavor),1995-09-18,STS-69 (Endeavor),1995,,,"Kennedy, LC-39A","Kennedy, SLF Runway 33",,NASA,10 d 20 h 29 min,https://en.wikipedia.org/wiki/STS-69,"STS-69 was a Space Shuttle Endeavour mission, and the second flight of the Wake Shield Facility. The mission launched from Kennedy Space Center, Florida on 7 September 1995.",,,,,,
"Kenneth D. Bowersox, Kent V. Rominger, Kathryn C. Thornton, Catherine G. Coleman, Michael E. Lopez-Alegria, Fred W. Leslie, Albert Sacco",USA,,Microgravity experiments.,N,N,N,16.0,1995-10-20,STS-73 (Columbia),1995-11-05,STS-73 (Columbia),1995,,,"Kennedy, LC-39B","Kennedy, SLF Runway 33",,NASA,15 d 21 h 53 min,https://en.wikipedia.org/wiki/STS-73,"STS-73 was a Space Shuttle program mission, during October–November 1995, on board the Space Shuttle Columbia. The mission was the second mission for the United States Microgravity Laboratory. The crew, who spent 16 days in space, were broken up into 2 teams, the red team and the blue team.",,,,,,
"Kenneth D. Cameron, James D. Halsell, Jerry L. Ross, William S. McArthur, Chris A. Hadfield",USA,Mir,Second Shuttle-Mir docking. Delivery of Russian docking module and solar arrays.,N,N,N,8.0,1995-11-12,STS-74 (Atlantis),1995-11-20,STS-74 (Atlantis),1995,,,"Kennedy, LC-39A","Kennedy, SLF Runway 15",,NASA,8 d 04 h 31 min,https://en.wikipedia.org/wiki/STS-74,"STS-74 was the fourth mission of the US/Russian Shuttle–Mir program, and the second docking of the Space Shuttle with Mir. Space Shuttle Atlantis lifted off from Kennedy Space Center launch pad 39A on 12 November 1995. The mission ended 8 days later with the landing of Atlantis back at Kennedy.",,,,,,
"Brian Duffy, Brent W. Jett, Leroy Chiao, Daniel T. Barry, Winston E. Scott, Koichi Wakata",USA,,Capture and return to Earth of Space Flyer Unit (Japanese microgravity research spacecraft).,N,N,N,9.0,1996-01-11,STS-72 (Endeavor),1996-01-20,STS-72 (Endeavor),1996,Space Shuttle,,"Kennedy, LC-39B","Kennedy, SLF Runway 15",,NASA,8 d 22 h 01 min,https://en.wikipedia.org/wiki/STS-72,"STS-72 was a Space Shuttle Endeavour mission to capture and return to Earth a Japanese microgravity research spacecraft known as Space Flyer Unit. The mission launched from Kennedy Space Center, Florida on 11 January 1996.",,,,,,
"Yury Onufriyenko, Yury Usachyev",USSR/Russia,Mir,"Soyuz TM-23 was a Soyuz spaceflight which launched on February 21, 1996, to Mir. The spacecraft launched from Baikonur Cosmodrome, and after two days of flight, Yuri Onufrienko and Yury Usachov docked with Mir and became the 21st resident crew of the Station.",N,N,N,195.0,1996-02-21,Soyuz TM-23,1996-09-02,Soyuz TM-23,1996,Soyuz-U,Soyuz TM-23 (7K-STM No. 72),Baikonur Launch Pad 1,,Скиф (Skiph - Scythian,Rosaviakosmos,193 d 19 h 7 min,https://en.wikipedia.org/wiki/Soyuz_TM-23,"Soyuz TM-23 was a Soyuz spaceflight which launched on February 21, 1996, to Mir. The spacecraft launched from Baikonur Cosmodrome, and after two days of flight, Yuri Onufrienko and Yury Usachov docked with Mir and became the 21st resident crew of the Station. On September 2, 1996, after 191 days docked with Mir, the ship undocked with the launch crew and Claudie André-Deshays onboard, before eventually landing 107 km south west of Akmola, Kazakhstan.",,,,,,
"Andrew M. Allen, Scott J. Horowitz, Franklin R. Chang-Diaz, Maurizio Cheli, Jeffrey A. Hoffman, Claude Nicollier, Umberto Guidoni",USA,,"Deployment of Tethered Satellite System (TSS-1R) (reflight, partial success). Microgravity research.",N,N,N,16.0,1996-02-22,STS-75 (Columbia),1996-03-09,STS-75 (Columbia),1996,,,"Kennedy, LC-39B","Kennedy, SLF Runway 33",,NASA,15 d 17 h 40 min,https://en.wikipedia.org/wiki/STS-75,"STS-75 was a 1996 NASA Space Shuttle mission, the 19th mission of the Columbia orbiter.",,,,,,
"Kevin P. Chilton, Richard A. Searfoss, Linda M. Godwin, Michael R. Clifford, Ronald M. Sega",USA,Mir,Mir crew rotation and resupply. First American woman on Mir (Lucid).,N,N,N,9.0,1996-03-22,STS-76 (Atlantis),1996-03-31,STS-76 (Atlantis),1996,,,"Kennedy, LC-39B","Edwards, Runway22",,NASA,9 d 5 h 15 min,https://en.wikipedia.org/wiki/STS-76,"STS-76 was NASA's 76th Space Shuttle mission, and the 16th mission for Atlantis. STS-76 launched on 22 March 1996 at 08:13:04 UTC from Kennedy Space Center, launch pad 39B. STS-76 lasted over 9 days, traveled about 6,100,000 km while orbiting Earth an estimated 145 times, and landing at 13:28:57 UTC on 31 March 1996 at Edwards Air Force Base, runway 22. The flight was the third Shuttle mission to dock with the Russian Space Station Mir, as part of the Shuttle–Mir program, carrying astronaut Shannon Lucid to the orbital laboratory to replace NASA astronaut Norman Thagard.",,,,,,
Shannon W. Lucid,USA,Mir,Mir crew rotation and resupply. First American woman on Mir (Lucid).,N,N,N,189.0,1996-03-22,STS-76 (Atlantis),1996-09-26,STS-79 (Atlantis),1996,,,"Kennedy, LC-39B","Edwards, Runway22",,NASA,9 d 5 h 15 min,https://en.wikipedia.org/wiki/STS-76,"STS-76 was NASA's 76th Space Shuttle mission, and the 16th mission for Atlantis. STS-76 launched on 22 March 1996 at 08:13:04 UTC from Kennedy Space Center, launch pad 39B. STS-76 lasted over 9 days, traveled about 6,100,000 km while orbiting Earth an estimated 145 times, and landing at 13:28:57 UTC on 31 March 1996 at Edwards Air Force Base, runway 22. The flight was the third Shuttle mission to dock with the Russian Space Station Mir, as part of the Shuttle–Mir program, carrying astronaut Shannon Lucid to the orbital laboratory to replace NASA astronaut Norman Thagard.",,,,,,
"John H. Casper, Curtis L. Brown, Daniel W. Bursch, Mario Runco, Marc Garneau, Andrew S. W. Thomas",USA,,SPACEHAB-4: miscellaneous science experiments. Deployment of Spartan-207/IAE (Inflatable Antenna Experiment) satellite. Rendezvous with experimental satellite.,N,N,N,10.0,1996-05-19,STS-77 (Endeavor),1996-05-29,STS-77 (Endeavor),1996,,,"Kennedy, LC-39B","Kennedy, SLF Runway 33",,NASA,10 d 40 min,https://en.wikipedia.org/wiki/STS-77,"STS-77 was the 77th Space Shuttle mission and the 11th mission of the Space Shuttle Endeavour. The mission began from launch pad 39B from Kennedy Space Center, Florida on 19 May 1996 lasting 10 days and 40 minutes and completing 161 revolutions before landing on runway 33. The defense and aerospace technology company L'Garde was responsible for the design and manufacture of the Antenna in the Inflatable Antenna Experiment, a key component of the STS-77 mission.",,,,,,
"Terence T. Henricks, Kevin R. Kregel, Susan J. Helms, Richard M. Linnehan, Charles E. Brady, Jean-Jacques Favier, Robert Thirsk",USA,,"Microgravity, human physiology and life sciences research.",N,N,N,17.0,1996-06-20,STS-78 (Columbia),1996-07-07,STS-78 (Columbia),1996,,,"Kennedy, LC-39B","Kennedy, SLF Runway 33",,NASA,16 d 21 h 48 min,https://en.wikipedia.org/wiki/STS-78,"STS-78 was the fifth dedicated Life and Microgravity Spacelab mission for the Space Shuttle program, flown partly in preparation for the International Space Station project. The mission used the Space Shuttle Columbia, which lifted off successfully from Kennedy Space Center's Launch Pad 39B on June 20, 1996. This marked the 78th flight of the Space Shuttle and 20th mission for Columbia.",,,,,,
Claudie Haigneré,USSR/Russia,Mir,Mir crew rotation. Biological and medical experiments. First Frenchwoman in space (Andre-Deshays).,N,N,N,15.0,1996-08-18,Soyuz TM-24,1996-09-02,Soyuz TM-23,1996,Soyuz-U,Soyuz 7K-STM No. 73,,,Фрега́т (Fregat - Frigate,Rosaviakosmos,196 d 17 h 26 min,https://en.wikipedia.org/wiki/Soyuz_TM-24,"Soyuz TM-24 was the 27th expedition to Mir. Soyuz TM-24 carried a crew of three. The crew consisted of Cosmonauts Valery Korzun and Aleksandr Kaleri, and the first French woman in space, Claudie André-Deshays.",,,,,,
"Valery Korzun, Alexander Kaleri",USSR/Russia,Mir,Mir crew rotation. Biological and medical experiments. First Frenchwoman in space (Andre-Deshays).,N,N,N,197.0,1996-08-18,Soyuz TM-24,1997-03-02,Soyuz TM-24,1996,Soyuz-U,Soyuz 7K-STM No. 73,,,Фрега́т (Fregat - Frigate,Rosaviakosmos,196 d 17 h 26 min,https://en.wikipedia.org/wiki/Soyuz_TM-24,"Soyuz TM-24 was the 27th expedition to Mir. Soyuz TM-24 carried a crew of three. The crew consisted of Cosmonauts Valery Korzun and Aleksandr Kaleri, and the first French woman in space, Claudie André-Deshays.",,,,,,
"William F. Readdy, Terrence W. Wilcutt, Thomas D. Akers, Jerome Apt, Carl E. Walz",USA,Mir,Mir crew rotation and resupply. Miscellaneous scientific experiments.,N,N,N,10.0,1996-09-16,STS-79 (Atlantis),1996-09-26,STS-79 (Atlantis),1996,,,"Kennedy, LC-39A","Kennedy, SLF Runway 15",,NASA,10 d 3 h,https://en.wikipedia.org/wiki/STS-79,"STS-79 was the 17th flight of Space Shuttle Atlantis, and the 79th mission of the Space Shuttle program. The flight saw Atlantis dock with the Russian space station Mir to deliver equipment, supplies and to exchange personnel participating in long-duration stays aboard the station as part of the Shuttle–Mir program. A variety of scientific experiments were also conducted aboard Atlantis by her crew.",,,,,,
John E. Blaha,USA,Mir,Mir crew rotation and resupply. Miscellaneous scientific experiments.,N,N,N,129.0,1996-09-16,STS-79 (Atlantis),1997-01-22,STS-81 (Atlantis),1996,,,"Kennedy, LC-39A","Kennedy, SLF Runway 15",,NASA,10 d 3 h,https://en.wikipedia.org/wiki/STS-79,"STS-79 was the 17th flight of Space Shuttle Atlantis, and the 79th mission of the Space Shuttle program. The flight saw Atlantis dock with the Russian space station Mir to deliver equipment, supplies and to exchange personnel participating in long-duration stays aboard the station as part of the Shuttle–Mir program. A variety of scientific experiments were also conducted aboard Atlantis by her crew.",,,,,,
"Kenneth D. Cockrell, Kent V. Rominger, Tamara E. Jernigan, Thomas D. Jones, F. Story Musgrave",USA,,Deployment and retrieval of Wake Shield Facility and German-built Orbiting and Retrievable Far and Extreme Ultraviolet Spectrograph-Shuttle Pallet Satellite II (ORFEUS-SPAS II).,N,N,N,18.0,1996-11-19,STS-80 (Columbia),1996-12-07,STS-80 (Columbia),1996,,,"Kennedy, LC-39B","Kennedy, SLF Runway 33",,NASA,17 d 15 h,https://en.wikipedia.org/wiki/STS-80,"STS-80 was a Space Shuttle mission flown by Space Shuttle Columbia. The launch was originally scheduled for October 31, 1996, but was delayed to November 19 for several reasons. Likewise, the landing, which was originally scheduled for December 5, was pushed back to December 7 after bad weather prevented landing for two days.",,,,,,
Jerry M. Linenger,USA,Mir,Mir crew rotation and resupply.,N,N,N,133.0,1997-01-12,STS-81 (Atlantis),1997-05-24,STS-81 (Atlantis),1997,,,"Kennedy, LC-39B","Kennedy, SLF Runway 33",,NASA,10 d 4 h 56 min,https://en.wikipedia.org/wiki/STS-81,STS-81 was a January 1997 Space Shuttle Atlantis mission to the Mir space station.,,,,,,
"Michael A. Baker, Brent W. Jett, John M. Grunsfeld, Marsha S. Ivins, Peter J. Wisoff",USA,Mir,Mir crew rotation and resupply.,N,N,N,10.0,1997-01-12,STS-81 (Atlantis),1997-01-22,STS-84 (Atlantis),1997,,,"Kennedy, LC-39B","Kennedy, SLF Runway 33",,NASA,10 d 4 h 56 min,https://en.wikipedia.org/wiki/STS-81,STS-81 was a January 1997 Space Shuttle Atlantis mission to the Mir space station.,,,,,,
Reinhold Ewald,USSR/Russia,Mir,Mir crew rotation and resupply.,N,N,N,20.0,1997-02-10,Soyuz TM-25,1997-03-02,Soyuz TM-24,1997,Soyuz-U,Soyuz-TM,,SE of Dzhezkazgan,Си́риус (Sirius,Rosaviakosmos,184 d 22 h 7 min,https://en.wikipedia.org/wiki/Soyuz_TM-25,"Soyuz TM-25 was a crewed Soyuz spaceflight, which launched on February 10, 1997. It transported Russian cosmonauts Vasily Tsibliyev, Aleksandr Lazutkin, and German cosmonaut Reinhold Ewald to Mir.",,,,,,
"Vasily Tsiblyev, Alexander Lazutkin",USSR/Russia,Mir,Mir crew rotation and resupply.,N,N,N,186.0,1997-02-10,Soyuz TM-25,1997-08-14,Soyuz TM-25,1997,Soyuz-U,Soyuz-TM,,SE of Dzhezkazgan,Си́риус (Sirius,Rosaviakosmos,184 d 22 h 7 min,https://en.wikipedia.org/wiki/Soyuz_TM-25,"Soyuz TM-25 was a crewed Soyuz spaceflight, which launched on February 10, 1997. It transported Russian cosmonauts Vasily Tsibliyev, Aleksandr Lazutkin, and German cosmonaut Reinhold Ewald to Mir.",,,,,,
"Kenneth D. Bowersox, Scott J. Horowitz, Mark C. Lee, Steven A. Hawley, Gregory J. Harbaugh, Steven L. Smith, Joseph R. Tanner",USA,,Hubble Space Telescope servicing mission.,N,N,N,10.0,1997-02-11,STS-82 (Discovery),1997-02-21,STS-82 (Discovery),1997,,,"Kennedy, LC-39A","Kennedy, SLF Runway 15",,NASA,9 d 23 h 38 min,https://en.wikipedia.org/wiki/STS-82,"STS-82 was the 22nd flight of the Space Shuttle Discovery and the 82nd mission of the Space Shuttle program. It was NASA's second mission to service the Hubble Space Telescope, during which Discovery's crew repaired and upgraded the telescope's scientific instruments, increasing its research capabilities. Discovery launched from Kennedy Space Center, Florida, on February 11, 1997, returning to Earth on February 21, 1997, at Kennedy Space Center.",,,,,,
"James D. Halsell, Susan L. Still, Janice E. Voss, Donald A. Thomas, Michael L. Gernhardt, Roger K. Crouch, Gregory T. Linteris",USA,,Microgravity experiments. Mission cut short due to fuel cell problems.,N,N,N,4.0,1997-04-04,STS-83 (Columbia),1997-04-08,STS-83 (Columbia),1997,,,"Kennedy, LC-39A","Kennedy, SLF Runway 33",,NASA,3 d 23 h,https://en.wikipedia.org/wiki/STS-83,"STS-83 was a NASA Space Shuttle mission flown by Columbia. It was a science research mission that achieved orbit successfully, but the planned duration was a failure due to a technical problem with a fuel cell that resulted in the abort of the 15 day duration. Columbia returned to Earth just shy of four days.",,,,,,
C. Michael Foale,USA,Mir,Mir crew rotation and resupply. First joint US-Russian space walk.,N,N,N,145.0,1997-05-15,STS-84 (Atlantis),1997-10-06,STS-84 (Atlantis),1997,,,"Kennedy, LC-39A","Kennedy, SLF Runway 33",,NASA,9 d 4 h 19 min,https://en.wikipedia.org/wiki/STS-84,STS-84 was a crewed spaceflight mission by Space Shuttle Atlantis to the Mir space station.,,,,,,
"Charles J. Precourt, Eileen M. Collins, Jean-François Clervoy, Carlos I. Noriega, Edward T. Lu, Yelena Kondakova",USA,Mir,Mir crew rotation and resupply. First joint US-Russian space walk.,N,N,N,9.0,1997-05-15,STS-84 (Atlantis),1997-05-24,STS-86 (Atlantis),1997,,,"Kennedy, LC-39A","Kennedy, SLF Runway 33",,NASA,9 d 4 h 19 min,https://en.wikipedia.org/wiki/STS-84,STS-84 was a crewed spaceflight mission by Space Shuttle Atlantis to the Mir space station.,,,,,,
"James D. Halsell, Susan L. Still, Janice E. Voss, Donald A. Thomas, Michael L. Gernhardt, Roger K. Crouch, Gregory T. Linteris",USA,,Microgravity experiments. Reflight of curtailed STS-83 mission.,N,N,N,16.0,1997-07-01,STS-94 (Columbia),1997-07-17,STS-94 (Columbia),1997,,,"Kennedy, LC-39A","Kennedy, SLF Runway 33",,NASA,15 d 16 h,https://en.wikipedia.org/wiki/STS-94,"STS-94 was a mission of the United States Space Shuttle Columbia, launched on 1 July 1997.",,,,,,
"Anatoly Solovyev, Pavel Vinogradov",USSR/Russia,Mir,Mir repair.,N,N,N,198.0,1997-08-06,Soyuz TM-26,1998-02-19,Soyuz TM-26,1997,Soyuz-U,Soyuz-TM,,,Родни́к (Rodnik - Spring,Rosaviakosmos,197 d 17 h 34 min,https://en.wikipedia.org/wiki/Soyuz_TM-26,"Soyuz TM-26 was a Russian spaceflight that ferried cosmonauts and supplies to Mir. It was the 32nd expedition to Mir. It was launched by a Soyuz-U rocket from Baikonur Cosmodrome on August 5, 1997.",,,,,,
"Curtis L. Brown, Kent V. Rominger, N. Jan Davis, Robert L. Curbeam, Stephen K. Robinson, Bjarni V. Tryggvason",USA,,Atmospheric research.,N,N,N,12.0,1997-08-07,STS-85 (Discovery),1997-08-19,STS-85 (Discovery),1997,,,"Kennedy, LC-39A","Kennedy, SLF Runway 33",,NASA,11 d 20 h 28 min,https://en.wikipedia.org/wiki/STS-85,"STS-85 was the 23rd flight of Space Shuttle Discovery that performed multiple space science packages. It was launched from Kennedy Space Center, Florida, on 7 August 1997. The main STS-85 payloads included the satellite known as Cryogenic Infrared Spectrometers and Telescopes for the Atmosphere-Shuttle Pallet Satellite-2 CRISTA-SPAS-02.",,,,,,
David A. Wolf,USA,Mir,Mir crew rotation and resupply.,N,N,N,129.0,1997-09-25,STS-86 (Atlantis),1998-01-31,STS-86 (Atlantis),1997,,,"Kennedy, LC-39A","Kennedy, SLF Runway 15",,NASA,10 d 19 h 22 min,https://en.wikipedia.org/wiki/STS-86,"STS-86 was a Space Shuttle Atlantis mission to the Mir space station. This was the last Atlantis mission before it was taken out of service temporarily for maintenance and upgrades, including the glass cockpit.",,,,,,
"James D. Wetherbee, Michael J. Bloomfield, Vladimir Titov, Scott E. Parazynski, Jean-Loup Chrétien, Wendy B. Lawrence",USA,Mir,Mir crew rotation and resupply.,N,N,N,11.0,1997-09-25,STS-86 (Atlantis),1997-10-06,STS-89 (Endeavor),1997,,,"Kennedy, LC-39A","Kennedy, SLF Runway 15",,NASA,10 d 19 h 22 min,https://en.wikipedia.org/wiki/STS-86,"STS-86 was a Space Shuttle Atlantis mission to the Mir space station. This was the last Atlantis mission before it was taken out of service temporarily for maintenance and upgrades, including the glass cockpit.",,,,,,
"Steven W. Lindsey, Kevin R. Kregel, Winston E. Scott, Kalpana Chawla, Takao Doi, Leonid Kadeniuk",USA,,Miscellaneous scientific experiments. First Japanese EVA (Doi). First Ukrainian in space (Kadenyuk).,N,N,N,16.0,1997-11-19,STS-87 (Columbia),1997-12-05,STS-87 (Columbia),1997,,,"Kennedy, LC-39B","Kennedy, SLF Runway 33",,NASA,15 d 16 h 35 min,https://en.wikipedia.org/wiki/STS-87,"STS-87 was a Space Shuttle mission launched from Launch Complex 39B of the Kennedy Space Center on 19 November 1997. It was the 88th flight of the Space Shuttle and the 24th flight of Columbia. The mission goals were to conduct experiments using the United States Microgravity Payload, conduct two EVAs, and deploy the SPARTAN-201 experiment.",,,,,,
"Terrence W. Wilcutt, Joe F. Edwards, Bonnie J. Dunbar, Michael P. Anderson, James F. Reilly, Salizhan Sharipov",USA,Mir,Mir crew rotation and resupply.,N,N,N,9.0,1998-01-22,STS-89 (Endeavor),1998-01-31,STS-89 (Endeavor),1998,,,"Kennedy, LC-39A","Kennedy, SLF Runway 15",,NASA,8 d 19 h 48 min,https://en.wikipedia.org/wiki/STS-89,"STS-89 was a Space Shuttle mission to the Mir space station flown by Space Shuttle Endeavour, and launched from Kennedy Space Center, Florida on 22 January 1998.",,,,,,
Andrew S. W. Thomas,USA,Mir,Mir crew rotation and resupply.,N,N,N,142.0,1998-01-22,STS-89 (Endeavor),1998-06-12,STS-91 (Discovery),1998,,,"Kennedy, LC-39A","Kennedy, SLF Runway 15",,NASA,8 d 19 h 48 min,https://en.wikipedia.org/wiki/STS-89,"STS-89 was a Space Shuttle mission to the Mir space station flown by Space Shuttle Endeavour, and launched from Kennedy Space Center, Florida on 22 January 1998.",,,,,,
"Talgat Musabayev, Nikolay Budarin",USSR/Russia,Mir,Soyuz TM-27 was a Russian spaceflight that ferried cosmonauts and supplies to the Russian space station Mir. It was the 33rd expedition to Mir.,N,N,N,209.0,1998-01-29,Soyuz TM-27,1998-08-25,Soyuz TM-26,1998,Soyuz-U,Soyuz-TM,,,Криста́лл (Kristall,Rosaviakosmos,207 d 12 h 51 min,https://en.wikipedia.org/wiki/Soyuz_TM-27,"Soyuz TM-27 was a Russian spaceflight that ferried cosmonauts and supplies to the Russian space station Mir. It was the 33rd expedition to Mir. It was launched by a Soyuz-U rocket from Baikonur Cosmodrome on January 29, 1998.",,,,,,
Léopold Eyharts,USSR/Russia,Mir,Mir crew rotation.,N,N,N,21.0,1998-01-29,Soyuz TM-27,1998-02-19,Soyuz TM-27,1998,Soyuz-U,Soyuz-TM,,,Криста́лл (Kristall,Rosaviakosmos,207 d 12 h 51 min,https://en.wikipedia.org/wiki/Soyuz_TM-27,"Soyuz TM-27 was a Russian spaceflight that ferried cosmonauts and supplies to the Russian space station Mir. It was the 33rd expedition to Mir. It was launched by a Soyuz-U rocket from Baikonur Cosmodrome on January 29, 1998.",,,,,,
"Richard A. Searfoss, Scott D. Altman, Richard M. Linnehan, Dafydd R. Williams, Kathryn P. Hire, Jay C. Buckley, James A. Pawelczyk",USA,,Neuroscience research. Final Spacelab mission.,N,N,N,16.0,1998-04-17,STS-90 (Columbia),1998-05-03,STS-90 (Columbia),1998,,,"Kennedy, LC-39B","Kennedy, SLF Runway 33",,NASA,15 d 21 h 50 min,https://en.wikipedia.org/wiki/STS-90,"STS-90 was a 1998 Space Shuttle mission flown by the Space Shuttle Columbia. The 16-day mission marked the last flight of the European Space Agency's Spacelab laboratory module, which had first flown on Columbia on STS-9, and was also the last daytime landing for Columbia.",,,,,,
"Charles J. Precourt, Dominic L. Pudwill Gorie, Wendy B. Lawrence, Franklin R. Chang-Diaz, Janet L. Kavandi, Valery Ryumin",USA,Mir,Final Shuttle-Mir docking. Mir crew rotation and resupply. Astrophysics research.,N,N,N,10.0,1998-06-02,STS-91 (Discovery),1998-06-12,STS-91 (Discovery),1998,,,"Kennedy, LC-39A","Kennedy, SLF Runway 15",,NASA,9 d 19 h 54 min,https://en.wikipedia.org/wiki/STS-91,"STS-91 was the 24th flight of Discovery, and the final Space Shuttle mission to the Mir space station. It was flown by Space Shuttle Discovery, and launched from Kennedy Space Center, Florida, on 2 June 1998.",,,,,,
Yury Baturin,USSR/Russia,Mir,Mir crew rotation.,N,N,N,10.0,1998-08-15,Soyuz TM-28,1998-08-25,Soyuz TM-27,1998,Soyuz-U,Soyuz-TM,,south of Kijma,Альтаи́р (Altair,Rosaviakosmos,198 d 16 h 31 min,https://en.wikipedia.org/wiki/Soyuz_TM-28,TM-28 was a Soyuz mission to the Mir space station.,,,,,,
Sergey Avdeyev,USSR/Russia,Mir,Mir crew rotation.,N,N,N,379.0,1998-08-15,Soyuz TM-28,1999-08-28,Soyuz TM-28,1998,Soyuz-U,Soyuz-TM,,south of Kijma,Альтаи́р (Altair,Rosaviakosmos,198 d 16 h 31 min,https://en.wikipedia.org/wiki/Soyuz_TM-28,TM-28 was a Soyuz mission to the Mir space station.,,,,,,
Gennady Padalka,USSR/Russia,Mir,Mir crew rotation.,N,N,N,198.0,1998-08-15,Soyuz TM-28,1999-02-28,Soyuz TM-29,1998,Soyuz-U,Soyuz-TM,,south of Kijma,Альтаи́р (Altair,Rosaviakosmos,198 d 16 h 31 min,https://en.wikipedia.org/wiki/Soyuz_TM-28,TM-28 was a Soyuz mission to the Mir space station.,,,,,,
"Curtis L. Brown, Steven W. Lindsey, Scott E. Parazynski, Stephen K. Robinson, Pedro Duque, Chiaki Mukai, John H. Glenn",USA,,Miscellaneous scientific experiments. First Spaniard in space (Duque). Veteran John Glenn returned to space aged 77.,N,N,N,9.0,1998-10-29,STS-95 (Discovery),1998-11-07,STS-95 (Discovery),1998,,,"Kennedy, LC-39B","Kennedy, SLF Runway 33",,NASA,8 d 21 h 43 min,https://en.wikipedia.org/wiki/STS-95,"STS-95 was a Space Shuttle mission launched from Kennedy Space Center, Florida on 29 October 1998, using the orbiter Discovery. It was the 25th flight of Discovery and the 92nd mission flown since the start of the Space Shuttle program in April 1981. It was a highly publicized mission due to former Project Mercury astronaut and United States Senator John H. Glenn Jr.'s return to space for his second space flight.",,,,,,
"Robert D. Cabana, Frederick W. Sturckow, Nancy J. Sherlock Currie, Jerry L. Ross, James H. Newman, Sergey Krikalev",USA,ISS,First ISS construction mission. Delivery of Unity Node Module.,N,N,N,11.0,1998-12-04,STS-88 (Endeavor),1998-12-15,STS-88 (Endeavor),1998,,,"Kennedy, LC-39A","Kennedy, SLF Runway 15",,NASA,11 d 19 h 18 min,https://en.wikipedia.org/wiki/STS-88,"STS-88 was the first Space Shuttle mission to the International Space Station. It was flown by Space Shuttle Endeavour, and took the first American module, the Unity node, to the station. The seven-day mission was highlighted by the mating of the U.S.-built Unity node to the Functional Cargo Block already in orbit, and three spacewalks to connect power and data transmission cables between the Node and the FGB. Zarya, built by Boeing and the Russian Space Agency, was launched on a Russian Proton rocket from the Baikonur Cosmodrome in Kazakhstan in November 1998.",,,,,,
Ivan Bella,USSR/Russia,Mir,Mir crew rotation. First Slovak in space (Bella).,N,N,N,8.0,1999-02-20,Soyuz TM-29,1999-02-28,Soyuz TM-28,1999,Soyuz-U,Soyuz-TM,,NE of Arkalyk,Дербе́нт (Derbent,Rosaviakosmos,188 d 20 h 16 min,https://en.wikipedia.org/wiki/Soyuz_TM-29,"Soyuz TM-29 was a Russian Soyuz spaceflight launched from the Baikonur Cosmodrome aboard a Soyuz 11A511U rocket. It docked with Mir on February 22, 1999 at 05:36 GMT with cosmonauts Viktor Afanasyev of Russia, Jean-Pierre Haigneré of France, and Ivan Bella of Slovakia aboard. Since two crew seats had been sold, Afanasyev was the only Russian cosmonaut aboard.",,,,,,
"Victor Afanasyev, Jean-Pierre Haigneré",USSR/Russia,Mir,Mir crew rotation. First Slovak in space (Bella).,N,N,N,190.0,1999-02-20,Soyuz TM-29,1999-08-28,Soyuz TM-29,1999,Soyuz-U,Soyuz-TM,,NE of Arkalyk,Дербе́нт (Derbent,Rosaviakosmos,188 d 20 h 16 min,https://en.wikipedia.org/wiki/Soyuz_TM-29,"Soyuz TM-29 was a Russian Soyuz spaceflight launched from the Baikonur Cosmodrome aboard a Soyuz 11A511U rocket. It docked with Mir on February 22, 1999 at 05:36 GMT with cosmonauts Viktor Afanasyev of Russia, Jean-Pierre Haigneré of France, and Ivan Bella of Slovakia aboard. Since two crew seats had been sold, Afanasyev was the only Russian cosmonaut aboard.",,,,,,
"Kent V. Rominger, Rick D. Husband, Ellen L. Ochoa, Tamara E. Jernigan, Daniel T. Barry, Julie Payette, Valery Tokarev",USA,ISS,Second ISS flight. ISS assembly and resupply.,N,N,N,10.0,1999-05-27,STS-96 (Discovery),1999-06-06,STS-96 (Discovery),1999,,,"Kennedy, LC-39B","Kennedy, SLF Runway 15",,NASA,9 d 19 h 13 min,https://en.wikipedia.org/wiki/STS-96,"STS-96 was a Space Shuttle mission to the International Space Station flown by Space Shuttle Discovery, and the first shuttle flight to dock at the International Space Station. It was Discovery's 26th flight. The shuttle carried the Spacehab module in the payload, filled with cargo for station outfitting.",,,,,,
"Eileen M. Collins, Jeffrey S. Ashby, Steven A. Hawley, Catherine G. Coleman, Michel Tognini",USA,,Deployment of Chandra X-ray Observatory. First female Shuttle Commander (Collins).,N,N,N,4.0,1999-07-23,STS-93 (Columbia),1999-07-27,STS-93 (Columbia),1999,,,"Kennedy, LC-39B","Kennedy, SLF Runway 33",,NASA,4 d 22 h,https://en.wikipedia.org/wiki/STS-93,"STS-93 in 1999 marked the 95th launch of the Space Shuttle, the 26th launch of Columbia, and the 21st night launch of a Space Shuttle. Eileen Collins became the first female shuttle Commander on this flight. Its primary mission was to launch the Chandra X-ray Observatory, the heaviest payload ever carried by the Space Shuttle system, at 22,780 kilograms.",,,,,,
"Curtis L. Brown, Scott J. Kelly, Steven L. Smith, C. Michael Foale, John M. Grunsfeld, Claude Nicollier, Jean-François Clervoy",USA,,Hubble Space Telescope servicing.,N,N,N,8.0,1999-12-19,STS-103 (Discovery),1999-12-27,STS-103 (Discovery),1999,,,"Kennedy, LC-39B","Kennedy, SLF Runway 33",,NASA,7 d 23 h 11 min,https://en.wikipedia.org/wiki/STS-103,"STS-103, the 96th launch of the Space Shuttle and the 27th launch of Space Shuttle Discovery, was Hubble Space Telescope Servicing Mission 3A. It launched from Kennedy Space Center, Florida, on 19 December 1999 and returned on 27 December 1999 and was the last Shuttle mission of the 1990s. It was the only mission to span Christmas after being delayed by 13 days for technical and weather reasons.",,,,,,
"Kevin R. Kregel, Dominic L. Pudwill Gorie, Janet L. Kavandi, Janice E. Voss, Mamoru Mohri, Gerhard Thiele",USA,,Radar topographic mapping of Earth's surface.,N,N,N,11.0,2000-02-11,STS-99 (Endeavor),2000-02-22,STS-99 (Endeavor),2000,,,"Kennedy, LC-39A","Kennedy, SLF Runway 33",,NASA,11 d 5 h 39 min,https://en.wikipedia.org/wiki/STS-99,"STS-99 was a Space Shuttle mission using Endeavour, that launched on 11 February 2000 from Kennedy Space Center, Florida. The primary objective of the mission was the Shuttle Radar Topography Mission project. This was also the last solo flight of Endeavour; all future flights for Endeavour became devoted to the International Space Station.",,,,,,
"Sergey Zalyotin, Alexander Kaleri",USSR/Russia,Mir,Mir repairs. 39th and final Mir mission.,N,N,N,74.0,2000-04-04,Soyuz TM-30,2000-06-16,Soyuz TM-30,2000,Soyuz-U,Soyuz 7K-STM No.204,Baikonur 1/5,,Енисе́й (Yenisei,RosaviakosmosMirCorp,72 d 19 h 42 min,https://en.wikipedia.org/wiki/Soyuz_TM-30,"Soyuz TM-30, also known as Mir EO-28, was a Soyuz mission, the 39th and final human spaceflight to the Mir space station. The crew of the mission was sent by MirCorp, a privately funded company, to reactivate and repair the station. The crew also resupplied the station and boosted the station to an orbit with a low point of 360 and a high point of 378 kilometers; the boost in the station's orbit was done by utilizing the engines of the Progress M1-1 and M1-2 spacecraft.",,,,,,
"James D. Halsell, Scott J. Horowitz, Mary E. Weber, Jeffrey Williams, James S. Voss, Susan J. Helms, Yury Usachyev",USA,ISS,ISS construction and supply.,N,N,N,10.0,2000-05-19,STS-101 (Atlantis),2000-05-29,STS-101 (Atlantis),2000,,,"Kennedy, LC-39A","Kennedy, SLF Runway 15",,NASA,9 d 21 h 10 min,https://en.wikipedia.org/wiki/STS-101,STS-101 was a Space Shuttle mission to the International Space Station flown by Space Shuttle Atlantis. The mission was a 10-day mission conducted between 19 May 2000 and 29 May 2000. The mission was designated 2A.2a and was a resupply mission to the International Space Station.,,,,,,
"Terrence W. Wilcutt, Scott D. Altman, Daniel C. Burbank, Edward T. Lu, Richard A. Mastracchio, Yury Malenchenko, Boris Morukov",USA,ISS,ISS supply. Preparation for first long-term crew.,N,N,N,11.0,2000-09-08,STS-106 (Atlantis),2000-09-19,STS-106 (Atlantis),2000,,,"Kennedy, LC-39B","Kennedy, SLF Runway 15",,NASA,11 d 19 h 12 min,https://en.wikipedia.org/wiki/STS-106,STS-106 was a 2000 Space Shuttle mission to the International Space Station flown by Space Shuttle Atlantis.,,,,,,
"Brian Duffy, Pamela A. Melroy, Koichi Wakata, Leroy Chiao, Peter J. Wisoff, Michael E. Lopez-Alegria, William S. McArthur",USA,ISS,ISS construction and outfitting. 100th Space Shuttle mission.,N,N,N,13.0,2000-10-11,STS-92 (Discovery),2000-10-24,STS-92 (Discovery),2000,,,"Kennedy, LC-39A","Edwards, Runway22",,NASA,12 d 21 h,https://en.wikipedia.org/wiki/STS-92,"STS-92 was a Space Shuttle mission to the International Space Station flown by Space Shuttle Discovery. STS-92 marked the 100th mission of the Space Shuttle and Discovery's 28th flight. It was launched from Kennedy Space Center, Florida, 11 October 2000.",,,,,,
"Yury Gidzenko, Sergey Krikalev, William M. Shepherd",USSR/Russia,ISS,First ISS Expedition Crew.,N,N,N,142.0,2000-10-31,Soyuz TM-31,2001-03-21,STS-102 (Discovery),2000,Soyuz-U,Soyuz 7K-STM No.205,"Baikonur, Site 1/5",NE of Arkalyk,Uran,Russian Space Agency,186 d 21 h,https://en.wikipedia.org/wiki/Soyuz_TM-31,"Soyuz TM-31 was the first Soyuz spaceflight to dock with the International Space Station. The spacecraft carried the members of Expedition 1, the first long-duration ISS crew. It was launched from Baikonur Cosmodrome in Kazakhstan at 07:52 UT on October 31, 2000, by a Soyuz-U rocket.",,,,,,
"Brent W. Jett, Michael J. Bloomfield, Joseph R. Tanner, Marc Garneau, Carlos I. Noriega",USA,ISS,ISS construction and supply. Delivery of the first set of solar arrays and batteries.,N,N,N,11.0,2000-11-30,STS-97 (Endeavor),2000-12-11,STS-97 (Endeavor),2000,,,"Kennedy, LC-39B","Kennedy, SLF Runway 15",,NASA,10 d 19 h 58 min,https://en.wikipedia.org/wiki/STS-97,"STS-97 was a Space Shuttle mission to the International Space Station flown by Space Shuttle Endeavour. The mission launched from Kennedy Space Center, Florida on 1 December 2000, and was the 15th flight of Endeavour and the 101st Space Shuttle mission. The crew installed the first set of solar arrays to the ISS, prepared a docking port for arrival of the Destiny Laboratory Module, and delivered supplies for the station's crew.",,,,,,
"Kenneth D. Cockrell, Mark L. Polansky, Robert L. Curbeam, Marsha S. Ivins, Thomas D. Jones",USA,ISS,ISS assembly and supply. Delivery of Destiny Laboratory Module.,N,N,N,13.0,2001-02-07,STS-98 (Atlantis),2001-02-20,STS-98 (Atlantis),2001,,,"Kennedy, LC-39A","Edwards, Runway22",,NASA,12 d 21 h 21 min,https://en.wikipedia.org/wiki/STS-98,STS-98 was a 2001 Space Shuttle mission to the International Space Station flown by Space Shuttle Atlantis. It was the first human spaceflight launch of the 21st century. STS-98 delivered to the station the Destiny Laboratory Module.,,,,,,
"James D. Wetherbee, James M. Kelly, Andrew S. W. Thomas, Paul W. Richards",USA,ISS,"ISS crew rotation, outfitting and resupply.",N,N,N,13.0,2001-03-08,STS-102 (Discovery),2001-03-21,STS-102 (Discovery),2001,,,"Kennedy, LC-39B","Kennedy, SLF Runway 15",,NASA,12 d 19 h,https://en.wikipedia.org/wiki/STS-102,"STS-102 was a Space Shuttle mission to the International Space Station flown by Space Shuttle Discovery and launched from Kennedy Space Center, Florida. STS-102 flew in March 2001; its primary objectives were resupplying the ISS and rotating the Expedition 1 and Expedition 2 crews. It was Discovery's 29th flight.",,,,,,
"Yury Usachyev, James S. Voss, Susan J. Helms",USA,ISS,"ISS crew rotation, outfitting and resupply.",N,N,N,168.0,2001-03-08,STS-102 (Discovery),2001-08-22,STS-105 (Discovery),2001,,,"Kennedy, LC-39B","Kennedy, SLF Runway 15",,NASA,12 d 19 h,https://en.wikipedia.org/wiki/STS-102,"STS-102 was a Space Shuttle mission to the International Space Station flown by Space Shuttle Discovery and launched from Kennedy Space Center, Florida. STS-102 flew in March 2001; its primary objectives were resupplying the ISS and rotating the Expedition 1 and Expedition 2 crews. It was Discovery's 29th flight.",,,,,,
"Kent V. Rominger, Jeffrey S. Ashby, Scott E. Parazynski, John L. Phillips, Chris A. Hadfield, Umberto Guidoni, Yury Lonchakov",USA,ISS,ISS supply and assembly: delivery of Canadarm2 robotic arm. First European on board ISS (Guidoni). First Canadian EVA(Hadfield).,N,N,N,12.0,2001-04-19,STS-100 (Endeavor),2001-05-01,STS-100 (Endeavor),2001,,,"Kennedy, LC-39A","Edwards, Runway22",,NASA,11 d 21 h 31 min,https://en.wikipedia.org/wiki/STS-100,"STS-100 was a Space Shuttle mission to the International Space Station flown by Space Shuttle Endeavour. STS-100 launched on 19 April 2001, and installed the ISS Canadarm2 robotic arm.",,,,,,
"Talgat Musabayev, Yury Baturin, Dennis A. Tito",USSR/Russia,ISS,First paying space tourist (Tito).,N,N,N,6.0,2001-04-29,Soyuz TM-32,2001-05-05,Soyuz TM-31,2001,Soyuz-U,Soyuz-TM,,Near Arkalyk,Криста́лл (Kristall,Rosaviakosmos,185 d 21 h 22 min,https://en.wikipedia.org/wiki/Soyuz_TM-32,"Soyuz TM-32 was a crewed Soyuz spaceflight which was launched on April 28, 2001, and docked with the International Space Station two days later. It launched the crew of the visiting mission ISS EP-1, which included the first paying space tourist Dennis Tito, as well as two Russian cosmonauts. The Soyuz TM-32 remained docked to the station until October; during this time it served as the lifeboat for the crew of Expedition 2 and later for the crew of Expedition 3.",,,,,,
"Steven W. Lindsey, Charles O. Hobaugh, Michael L. Gernhardt, James F. Reilly, Janet L. Kavandi",USA,ISS,ISS assembly and maintenance: delivery of Quest Airlock,N,N,N,12.0,2001-07-12,STS-104 (Atlantis),2001-07-24,STS-104 (Atlantis),2001,,,"Kennedy, LC-39B","Kennedy, SLF Runway 15",,NASA,12 d 18 h 36 min,https://en.wikipedia.org/wiki/STS-104,"STS-104 was a Space Shuttle mission to the International Space Station flown by Space Shuttle Atlantis. Its primary objectives were to install the Quest Joint Airlock and help perform maintenance on the International Space Station. It launched on 12 July 2001 at 09:04 UTC, and returned to Earth without incident after successful docking, equipment installation, and three spacewalks.",,,,,,
"Scott J. Horowitz, Frederick W. Sturckow, Daniel T. Barry, Patrick G. Forrester",USA,ISS,"ISS crew rotation, assembly and supply.",N,N,N,12.0,2001-08-10,STS-105 (Discovery),2001-08-22,STS-105 (Discovery),2001,,,"Kennedy, LC-39A","Kennedy, SLF Runway 15",,NASA,11 d 21 h 13 min,https://en.wikipedia.org/wiki/STS-105,"STS-105 was the 30th mission of Space Shuttle Discovery, in which Discovery went to the International Space Station. It launched from Kennedy Space Center, Florida, on 10 August 2001. This mission was Discovery's final mission until STS-114, because Discovery was grounded for a refit, and then all Shuttles were grounded in the wake of the Columbia disaster.",,,,,,
"Frank L. Culbertson, Vladimir Dezhurov, Mikhail TYuryn",USA,ISS,"ISS crew rotation, assembly and supply.",N,N,N,130.0,2001-08-10,STS-105 (Discovery),2001-12-17,STS-108 (Endeavor),2001,,,"Kennedy, LC-39A","Kennedy, SLF Runway 15",,NASA,11 d 21 h 13 min,https://en.wikipedia.org/wiki/STS-105,"STS-105 was the 30th mission of Space Shuttle Discovery, in which Discovery went to the International Space Station. It launched from Kennedy Space Center, Florida, on 10 August 2001. This mission was Discovery's final mission until STS-114, because Discovery was grounded for a refit, and then all Shuttles were grounded in the wake of the Columbia disaster.",,,,,,
"Victor Afanasyev, Konstantin Kozeyev, Claudie Haigneré",USSR/Russia,ISS,"Soyuz TM-33 was a crewed Russian spaceflight which launched on October 21, 2001, on the Soyuz-U launch vehicle. It carried Russian cosmonauts Viktor Afanasyev, Konstantin Kozeyev, and French cosmonaut Claudie Haigneré to the International Space Station.",N,N,N,10.0,2001-10-21,Soyuz TM-33,2001-10-31,Soyuz TM-32,2001,Soyuz-U,Soyuz-TM,"Baikonur, Site 1/5",SE of Arkalyk,Uran,Russian Space Agency,195 d 18 h 52 min,https://en.wikipedia.org/wiki/Soyuz_TM-33,"Soyuz TM-33 was a crewed Russian spaceflight which launched on October 21, 2001, on the Soyuz-U launch vehicle. It carried Russian cosmonauts Viktor Afanasyev, Konstantin Kozeyev, and French cosmonaut Claudie Haigneré to the International Space Station. The European segment of the mission was called ""Andromède"".",,,,,,
"Yury Onufriyenko, Carl E. Walz, Daniel W. Bursch",USA,ISS,"ISS crew rotation, assembly and supply.",N,N,N,197.0,2001-12-05,STS-108 (Endeavor),2002-06-19,STS-108 (Endeavor),2001,,,"Kennedy, LC-39B","Kennedy, SLF Runway 15",,NASA,11 d 19 h 36 min,https://en.wikipedia.org/wiki/STS-108,STS-108 was a Space Shuttle mission to the International Space Station flown by Space Shuttle Endeavour. Its primary objective was to deliver supplies to and help maintain the ISS. STS-108 was the 12th shuttle flight to visit the ISS and the first since the installation of the Russian airlock called Pirs on the station. Endeavour delivered the Expedition 4 crew to the orbital outpost.,,,,,,
"Dominic L. Pudwill Gorie, Mark Kelly, Linda M. Godwin, Daniel M. Tani",USA,ISS,"ISS crew rotation, assembly and supply.",N,N,N,12.0,2001-12-05,STS-108 (Endeavor),2001-12-17,STS-111 (Endeavor),2001,,,"Kennedy, LC-39B","Kennedy, SLF Runway 15",,NASA,11 d 19 h 36 min,https://en.wikipedia.org/wiki/STS-108,STS-108 was a Space Shuttle mission to the International Space Station flown by Space Shuttle Endeavour. Its primary objective was to deliver supplies to and help maintain the ISS. STS-108 was the 12th shuttle flight to visit the ISS and the first since the installation of the Russian airlock called Pirs on the station. Endeavour delivered the Expedition 4 crew to the orbital outpost.,,,,,,
"Scott D. Altman, Duane G. Carey, John M. Grunsfeld, Nancy J. Sherlock Currie, James H. Newman, Richard M. Linnehan, Michael J. Massimino",USA,,Hubble Space Telescope servicing mission.,N,N,N,11.0,2002-03-01,STS-109 (Columbia),2002-03-12,STS-109 (Columbia),2002,,,"Kennedy, LC-39A","Kennedy, SLF Runway 33",,NASA,10 d 22 h 11 min,https://en.wikipedia.org/wiki/STS-109,"STS-109 was a Space Shuttle mission that launched from the Kennedy Space Center on 1 March 2002. It was the 108th mission of the Space Shuttle program, the 27th flight of the orbiter Columbia and the fourth servicing of the Hubble Space Telescope. It was also the penultimate mission of the orbiter Columbia before the STS-107 mission, which was destroyed during re-entry in the Columbia disaster.",,,,,,
"Michael J. Bloomfield, Stephen N. Frick, Jerry L. Ross, Steven L. Smith, Ellen L. Ochoa, Lee Morin, Rex J. Walheim",USA,ISS,ISS assembly and supply.,N,N,N,11.0,2002-04-08,STS-110 (Atlantis),2002-04-19,STS-110 (Atlantis),2002,,,"Kennedy, LC-39B","Kennedy, SLF Runway 33",,NASA,10 d 19 h 43 min,https://en.wikipedia.org/wiki/STS-110,"STS-110 was a Space Shuttle mission to the International Space Station on 8–19 April 2002 flown by Space Shuttle Atlantis. The main purpose was to install the S0 Truss segment, which forms the backbone of the truss structure on the station.",,,,,,
"Yury Gidzenko, Roberto Vittori, Mark Shuttleworth",USSR/Russia,ISS,First South African in space (Shuttleworth). Second space tourist (Shuttleworth).,N,N,N,10.0,2002-04-25,Soyuz TM-34,2002-05-05,Soyuz TM-33,2002,Soyuz-U,Soyuz-TM,"Baikonur, Site 1/5",NE of Arkalyk,Uran,Russian Space Agency,198 d 17 h 37 min,https://en.wikipedia.org/wiki/Soyuz_TM-34,"Soyuz TM-34 was the fourth Soyuz mission to the International Space Station. Soyuz TM-34 was launched by a Soyuz-U launch vehicle. The European segment of the mission was called ""Marco Polo"".",,,,,,
"Kenneth D. Cockrell, Paul S. Lockhart, Franklin R. Chang-Diaz, Philippe Perrin",USA,ISS,"ISS crew rotation, assembly and supply.",N,N,N,14.0,2002-06-05,STS-111 (Endeavor),2002-06-19,STS-111 (Endeavor),2002,,,"Kennedy, LC-39A","Edwards, Runway22",,NASA,13 d 20 h 35 min,https://en.wikipedia.org/wiki/STS-111,"STS-111 was a space shuttle mission to the International Space Station flown by Space Shuttle Endeavour. STS-111 resupplied the station and replaced the Expedition 4 crew with the Expedition 5 crew. It was launched on 5 June 2002, from Kennedy Space Center, Florida.",,,,,,
"Valery Korzun, Sergey Treshchev, Peggy Whitson",USA,ISS,"ISS crew rotation, assembly and supply.",N,N,N,186.0,2002-06-05,STS-111 (Endeavor),2002-12-07,STS-113 (Endeavor),2002,,,"Kennedy, LC-39A","Edwards, Runway22",,NASA,13 d 20 h 35 min,https://en.wikipedia.org/wiki/STS-111,"STS-111 was a space shuttle mission to the International Space Station flown by Space Shuttle Endeavour. STS-111 resupplied the station and replaced the Expedition 4 crew with the Expedition 5 crew. It was launched on 5 June 2002, from Kennedy Space Center, Florida.",,,,,,
"Jeffrey S. Ashby, Pamela A. Melroy, David A. Wolf, Piers J. Sellers, Sandra H. Magnus, Fyodor Yurchikhin",USA,ISS,"ISS assembly, maintenance and supply.",N,N,N,11.0,2002-10-07,STS-112 (Atlantis),2002-10-18,STS-112 (Atlantis),2002,,,"Kennedy, LC-39B","Kennedy, SLF Runway 33",,NASA,10 d 19 h 58 min,https://en.wikipedia.org/wiki/STS-112,"STS-112 was an 11-day Space Shuttle mission to the International Space Station flown by Space Shuttle Atlantis. Space Shuttle Atlantis was launched on 7 October 2002 at 19:45 UTC from the Kennedy Space Center's launch pad 39B to deliver the 28,000 pound Starboard 1 truss segment to the Space Station. Ending a 4.5-million-mile journey, Atlantis landed at 15:44 UTC on 18 October 2002 on runway 33 at the Kennedy Space Center's Shuttle Landing Facility.",,,,,,
"Sergey Zalyotin, Yury Lonchakov, Frank De Winne",USSR/Russia,ISS,"Soyuz TMA-1, also catalogued as Soyuz TM-35, was a 2002 Soyuz mission to the International Space Station (ISS) launched by a Soyuz FG launch vehicle with a Russian-Belgian cosmonaut crew blasted off from the Baikonur Cosmodrome in Kazakhstan. This was the fifth Russian Soyuz spacecraft to fly to the ISS.",N,N,N,12.0,2002-10-29,Soyuz TMA-1,2002-11-10,Soyuz TM-34,2002,Soyuz-FG,Soyuz-TMA-1 11F732 No. 211,"Baikonur, Site 1/5",Kazakh Steppe,Yenisey,Russian Space Agency,185 d 22 h 53 min,https://en.wikipedia.org/wiki/Soyuz_TMA-1,"Soyuz TMA-1, also catalogued as Soyuz TM-35, was a 2002 Soyuz mission to the International Space Station launched by a Soyuz FG launch vehicle with a Russian-Belgian cosmonaut crew blasted off from the Baikonur Cosmodrome in Kazakhstan. This was the fifth Russian Soyuz spacecraft to fly to the ISS. It was also the first flight of the TMA-class Soyuz spacecraft. Soyuz TM-34 was the last of the prior Soyuz-TM spacecraft to be launched.",,,,,,
"James D. Wetherbee, Paul S. Lockhart, Michael E. Lopez-Alegria, John B. Herrington",USA,ISS,"ISS assembly, crew rotation and supply.",N,N,N,14.0,2002-11-23,STS-113 (Endeavor),2002-12-07,STS-113 (Endeavor),2002,,,"Kennedy, LC-39A","Kennedy, SLF Runway 33",,NASA,13 d 18 h 48 min,https://en.wikipedia.org/wiki/STS-113,"STS-113 was a Space Shuttle mission to the International Space Station flown by Space Shuttle Endeavour. During the 14-day mission in late 2002, Endeavour and its crew extended the ISS backbone with the P1 truss and exchanged the Expedition 5 and Expedition 6 crews aboard the station. With commander Jim Wetherbee and pilot Paul Lockhart at the controls, Endeavour docked with the station on 25 November 2002 to begin seven days of station assembly, spacewalks, and crew and equipment transfers.",,,,,,
"Kenneth D. Bowersox, Donald R. Pettit, Nikolay Budarin",USA,ISS,"ISS assembly, crew rotation and supply.",N,N,N,163.0,2002-11-23,STS-113 (Endeavor),2003-05-04,Soyuz TMA-1,2002,,,"Kennedy, LC-39A","Kennedy, SLF Runway 33",,NASA,13 d 18 h 48 min,https://en.wikipedia.org/wiki/STS-113,"STS-113 was a Space Shuttle mission to the International Space Station flown by Space Shuttle Endeavour. During the 14-day mission in late 2002, Endeavour and its crew extended the ISS backbone with the P1 truss and exchanged the Expedition 5 and Expedition 6 crews aboard the station. With commander Jim Wetherbee and pilot Paul Lockhart at the controls, Endeavour docked with the station on 25 November 2002 to begin seven days of station assembly, spacewalks, and crew and equipment transfers.",,,,,,
"Rick D. Husband, William C. McCool, David M. Brown, Kalpana Chawla, Michael P. Anderson, Laurel B. Clark, Ilan Ramon",USA,,Microgravity and Earth science research. First Israeli in space (Ramon). Broke up during re-entry with loss of all crew.,Y,N,N,16.0,2003-01-16,STS-107 (Columbia),2003-02-01,STS-107 (Columbia),2003,,,"Kennedy, LC-39A","Kennedy, SLF Runway 33 (planned)",,NASA,15 d 22 h 20 min,https://en.wikipedia.org/wiki/STS-107,"STS-107 was the 113th flight of the Space Shuttle program, and the 28th and final flight of Space Shuttle Columbia. The mission ended on February 1, 2003, with the Space Shuttle Columbia disaster, in which all seven crew members were killed upon re-entry into the Earth's atmosphere; the shuttle was destroyed along with most of its scientific payloads. The flight launched from Kennedy Space Center in Florida on January 16, 2003.",,,,,,
"Yury Malenchenko, Edward T. Lu",USSR/Russia,ISS,ISS crew rotation.,N,N,N,186.0,2003-04-25,Soyuz TMA-2,2003-10-27,Soyuz TMA-2,2003,Soyuz-FG,Soyuz-TMA 11F732,"Baikonur, Site 1/5",Near Arkalyk,Agat (Agate,Russian Space Agency,184 d 22 h 46 min,https://en.wikipedia.org/wiki/Soyuz_TMA-2,"Soyuz TMA-2 was a Soyuz mission to the International Space Station launched by a Soyuz FG launch vehicle. The spacecraft docked with the ISS on April 28, 2003 and undocked on October 28, 2003. Soyuz TMA-2 was the second flight for the TMA modification of the Soyuz spacecraft, and the 6th Soyuz to fly to the ISS. The commander was Yuri Ivanovich Malenchenko, and the flight engineer was Edward Tsang Lu.",,,,,,
Yang Liwei,China,,First human spaceflight of the People's Republic of China.,N,N,N,0.0,2003-10-15,Shenzhou 5,2003-10-15,Shenzhou 5,2003,Long March 2F (Y5),Shenzhou,"Jiuquan, LA-4/SLS-1",Inner Mongolia,,China Manned Space Agency,21 h 22 min,https://en.wikipedia.org/wiki/Shenzhou_5,"Shenzhou 5 was the first human spaceflight mission of the Chinese space program, launched on 15 October 2003. The Shenzhou spacecraft was launched on a Long March 2F launch vehicle. There had been four previous flights of uncrewed Shenzhou missions since 1999.",,,,,,
Pedro Duque,USSR/Russia,ISS,ISS crew rotation.,N,N,N,9.0,2003-10-18,Soyuz TMA-3,2003-10-27,Soyuz TMA-2,2003,Soyuz-FG,Soyuz-TMA 11F732,"Baikonur, Site 1/5","50.38° N, 67.20° E",Ingul,Russian Space Agency,194 d 18 h 33 min,https://en.wikipedia.org/wiki/Soyuz_TMA-3,"Soyuz TMA-3 was a Soyuz mission to the International Space Station launched by a Soyuz FG launch vehicle which was the third flight for the TMA modification of the Soyuz spacecraft, and the 7th Soyuz to fly to the ISS.",,,,,,
"Alexander Kaleri, C. Michael Foale",USSR/Russia,ISS,ISS crew rotation.,N,N,N,195.0,2003-10-18,Soyuz TMA-3,2004-04-29,Soyuz TMA-3,2003,Soyuz-FG,Soyuz-TMA 11F732,"Baikonur, Site 1/5","50.38° N, 67.20° E",Ingul,Russian Space Agency,194 d 18 h 33 min,https://en.wikipedia.org/wiki/Soyuz_TMA-3,"Soyuz TMA-3 was a Soyuz mission to the International Space Station launched by a Soyuz FG launch vehicle which was the third flight for the TMA modification of the Soyuz spacecraft, and the 7th Soyuz to fly to the ISS.",,,,,,
André Kuipers,USSR/Russia,ISS,ISS crew rotation.,N,N,N,10.0,2004-04-19,Soyuz TMA-4,2004-04-29,Soyuz TMA-3,2004,Soyuz-FG,Soyuz-TMA 11F732,"Baikonur, Site 1/5",north of Arkalyk,Altair,Roscosmos,187 d 21 h,https://en.wikipedia.org/wiki/Soyuz_TMA-4,"Soyuz TMA-4 was a Soyuz mission to the International Space Station launched by a Soyuz FG launch vehicle. It was launched on 19 April 2004 from Baikonur Cosmodrome. Gennady Padalka from Russia, Michael Fincke from the US and André Kuipers from the Netherlands were flown to the International Space Station.",,,,,,
"Gennady Padalka, E. Michael Fincke",USSR/Russia,ISS,ISS crew rotation.,N,N,N,189.0,2004-04-19,Soyuz TMA-4,2004-10-24,Soyuz TMA-4,2004,Soyuz-FG,Soyuz-TMA 11F732,"Baikonur, Site 1/5",north of Arkalyk,Altair,Roscosmos,187 d 21 h,https://en.wikipedia.org/wiki/Soyuz_TMA-4,"Soyuz TMA-4 was a Soyuz mission to the International Space Station launched by a Soyuz FG launch vehicle. It was launched on 19 April 2004 from Baikonur Cosmodrome. Gennady Padalka from Russia, Michael Fincke from the US and André Kuipers from the Netherlands were flown to the International Space Station.",,,,,,
"Salizhan Sharipov, Leroy Chiao",USSR/Russia,ISS,ISS crew rotation.,N,N,N,193.0,2004-10-14,Soyuz TMA-5,2005-04-24,Soyuz TMA-4,2004,Soyuz-FG,Soyuz-TMA 11F732,Baikonur 1/5,north of the town of Arkalyk,"Tyan-Shan (""Heavenly Mountains",Roscosmos,192 d 19 h 2 min,https://en.wikipedia.org/wiki/Soyuz_TMA-5,Soyuz TMA-5 was a Soyuz mission to the International Space Station launched by a Soyuz-FG launch vehicle.,,,,,,
Yury Shargin,USSR/Russia,ISS,ISS crew rotation.,N,N,N,10.0,2004-10-14,Soyuz TMA-5,2004-10-24,Soyuz TMA-5,2004,Soyuz-FG,Soyuz-TMA 11F732,Baikonur 1/5,north of the town of Arkalyk,"Tyan-Shan (""Heavenly Mountains",Roscosmos,192 d 19 h 2 min,https://en.wikipedia.org/wiki/Soyuz_TMA-5,Soyuz TMA-5 was a Soyuz mission to the International Space Station launched by a Soyuz-FG launch vehicle.,,,,,,
Roberto Vittori,USSR/Russia,ISS,ISS crew rotation.,N,N,N,9.0,2005-04-15,Soyuz TMA-6,2005-04-24,Soyuz TMA-5,2005,Soyuz-FG,Soyuz-TMA 11F732,Baikonur 1/5,,,Roscosmos,179 d 23 h 36 min,https://en.wikipedia.org/wiki/Soyuz_TMA-6,Soyuz TMA-6 was a human spaceflight to the International Space Station. It carried three crew members of Expedition 11 to the International Space Station.,,,,,,
"Sergey Krikalev, John L. Phillips",USSR/Russia,ISS,ISS crew rotation.,N,N,N,180.0,2005-04-15,Soyuz TMA-6,2005-10-11,Soyuz TMA-6,2005,Soyuz-FG,Soyuz-TMA 11F732,Baikonur 1/5,,,Roscosmos,179 d 23 h 36 min,https://en.wikipedia.org/wiki/Soyuz_TMA-6,Soyuz TMA-6 was a human spaceflight to the International Space Station. It carried three crew members of Expedition 11 to the International Space Station.,,,,,,
"Eileen M. Collins, James M. Kelly, Stephen K. Robinson, Andrew S. W. Thomas, Wendy B. Lawrence, Charles J. Camarda, Soichi Noguchi",USA,ISS,"First ""Return to Flight"" Space Shuttle mission after the loss of Columbia. ISS assembly and supply.",N,N,N,14.0,2005-07-26,STS-114 (Discovery),2005-08-09,STS-114 (Discovery),2005,,,"Kennedy, LC-39B","Edwards, Runway22",,NASA,13 d 21 h 32 min,https://en.wikipedia.org/wiki/STS-114,"STS-114 was the first ""Return to Flight"" Space Shuttle mission following the Space Shuttle Columbia disaster. Discovery launched at 10:39 EDT on its 31st flight on July 26, 2005. The launch, 907 days (approx.",,,,,,
Gregory H. Olsen,USSR/Russia,ISS,ISS crew rotation. Third space tourist (Olsen).,N,N,N,10.0,2005-10-01,Soyuz TMA-7,2005-10-11,Soyuz TMA-6,2005,Soyuz-FG,Soyuz-TMA 11F732,Baikonur 1/5,,,Roscosmos,189 d 19 h 53 min,https://en.wikipedia.org/wiki/Soyuz_TMA-7,"Soyuz TMA-7 was a transport mission for portions of the International Space Station Expedition 12 crew launched October 1, 2005. The flight delivered ISS Commander William McArthur and ISS Flight Engineer Valery Tokarev to the station to replace Expedition 11 crew members. Spaceflight Participant Gregory Olsen joined the TMA-7 crew for the ascent and docking with the ISS, spent approximately eight days aboard conducting experiments, then returned to Earth with the outgoing members of Expedition 11 aboard Soyuz TMA-6.",,,,,,
"Valery Tokarev, William S. McArthur",USSR/Russia,ISS,ISS crew rotation.,N,N,N,190.0,2005-10-01,Soyuz TMA-7,2006-04-08,Soyuz TMA-7,2005,Soyuz-FG,Soyuz-TMA 11F732,Baikonur 1/5,,,Roscosmos,189 d 19 h 53 min,https://en.wikipedia.org/wiki/Soyuz_TMA-7,"Soyuz TMA-7 was a transport mission for portions of the International Space Station Expedition 12 crew launched October 1, 2005. The flight delivered ISS Commander William McArthur and ISS Flight Engineer Valery Tokarev to the station to replace Expedition 11 crew members. Spaceflight Participant Gregory Olsen joined the TMA-7 crew for the ascent and docking with the ISS, spent approximately eight days aboard conducting experiments, then returned to Earth with the outgoing members of Expedition 11 aboard Soyuz TMA-6.",,,,,,
"Fei Junlong, Nie Haisheng",China,,Second human spaceflight of the People's Republic of China.,N,N,N,4.0,2005-10-12,Shenzhou 6,2005-10-16,Shenzhou 6,2005,Long March 2F (Y6),Shenzhou,"Jiuquan, LA-4/SLS-1","Honggor Sum, Siziwang Banner, Inner Mongolia",,China Manned Space Agency,4 d 19 h,https://en.wikipedia.org/wiki/Shenzhou_6,"Shenzhou 6 was the second human spaceflight of the Chinese space program, launched on October 12, 2005, on a Long March 2F rocket from the Jiuquan Satellite Launch Center. The Shenzhou spacecraft carried a crew of Fei Junlong and Nie Haisheng for five days in low Earth orbit. It launched three days before the second anniversary of China's first human spaceflight, Shenzhou 5.",,,,,,
Marcos Pontes,USSR/Russia,ISS,ISS crew rotation. First Brazilian in space (Pontes).,N,N,N,9.0,2006-03-30,Soyuz TMA-8,2006-04-08,Soyuz TMA-7,2006,Soyuz-FG,Soyuz-TMA 11F732,Baikonur 1/5,Kazakhstan,Carat,Roscosmos,182 d 22 h 43 min,https://en.wikipedia.org/wiki/Soyuz_TMA-8,Soyuz TMA-8 was a Soyuz mission to the International Space Station launched by a Soyuz FG launch vehicle.,,,,,,
"Pavel Vinogradov, Jeffrey Williams",USSR/Russia,ISS,ISS crew rotation.,N,N,N,184.0,2006-03-30,Soyuz TMA-8,2006-09-29,Soyuz TMA-8,2006,Soyuz-FG,Soyuz-TMA 11F732,Baikonur 1/5,Kazakhstan,Carat,Roscosmos,182 d 22 h 43 min,https://en.wikipedia.org/wiki/Soyuz_TMA-8,Soyuz TMA-8 was a Soyuz mission to the International Space Station launched by a Soyuz FG launch vehicle.,,,,,,
Thomas Reiter,USA,ISS,"STS-121 was a 2006 Space Shuttle mission to the International Space Station (ISS) flown by Space Shuttle Discovery on its 32nd flight. The main purposes of the mission were to test new safety and repair techniques introduced following the Columbia disaster of February 2003 as well as to deliver supplies, equipment, and European Space Agency (ESA) astronaut Thomas Reiter to the ISS.",N,N,N,172.0,2006-07-04,STS-121 (Discovery),2006-12-22,STS-121 (Discovery),2006,,,"Kennedy, LC-39B","Kennedy, SLF Runway 15",,NASA,12 d 18 h 37 min,https://en.wikipedia.org/wiki/STS-121,"STS-121 was a 2006 Space Shuttle mission to the International Space Station flown by Space Shuttle Discovery on its 32nd flight. The main purposes of the mission were to test new safety and repair techniques introduced following the Columbia disaster of February 2003 as well as to deliver supplies, equipment, and European Space Agency astronaut Thomas Reiter to the ISS. The European segment of the mission was called ""Astrolab"". After two weather-related delays, the shuttle successfully launched on Tuesday, July 4, 2006, at 14:37:55 EDT. It was the first and only shuttle launch on the United States' Independence Day.",,,,,,
"Steven W. Lindsey, Mark Kelly, Michael E. Fossum, Piers J. Sellers, Lisa M. Nowak, Stephanie D. Wilson",USA,ISS,ISS crew rotation and supply. Safety and repair system testing. First long-duration ISS mission by an ESA astronaut (Reiter).,N,N,N,13.0,2006-07-04,STS-121 (Discovery),2006-07-17,STS-116 (Discovery),2006,,,"Kennedy, LC-39B","Kennedy, SLF Runway 15",,NASA,12 d 18 h 37 min,https://en.wikipedia.org/wiki/STS-121,"STS-121 was a 2006 Space Shuttle mission to the International Space Station flown by Space Shuttle Discovery on its 32nd flight. The main purposes of the mission were to test new safety and repair techniques introduced following the Columbia disaster of February 2003 as well as to deliver supplies, equipment, and European Space Agency astronaut Thomas Reiter to the ISS. The European segment of the mission was called ""Astrolab"". After two weather-related delays, the shuttle successfully launched on Tuesday, July 4, 2006, at 14:37:55 EDT. It was the first and only shuttle launch on the United States' Independence Day.",,,,,,
"Brent W. Jett, Christopher J. Ferguson, Joseph R. Tanner, Daniel C. Burbank, Heidemarie M. Stefanyshyn-Piper, Steven G. MacLean",USA,ISS,Resumption of ISS assembly. First Canadian to operate Canadarm2. Delivery of the second set of solar arrays and batteries.,N,N,N,12.0,2006-09-09,STS-115 (Atlantis),2006-09-21,STS-115 (Atlantis),2006,Space Shuttle,,"Kennedy, LC-39B","Kennedy, SLF Runway 33",,NASA,11 d 19 h 6 min,https://en.wikipedia.org/wiki/STS-115,"STS-115 was a Space Shuttle mission to the International Space Station flown by Space Shuttle Atlantis. It was the first assembly mission to the ISS after the Columbia disaster, following the two successful Return to Flight missions, STS-114 and STS-121. STS-115 launched from LC-39B at the Kennedy Space Center on September 9, 2006, at 11:14:55 EDT.",,,,,,
Anousheh Ansari,USSR/Russia,ISS,ISS crew rotation. First female space tourist (Ansari). First Persian in space (Ansari).,N,N,N,11.0,2006-09-18,Soyuz TMA-9,2006-09-29,Soyuz TMA-8,2006,Soyuz-FG,Soyuz-TMA 11F732,Baikonur 1/5,,Vostok,Roscosmos,215 d 8 h 22 min,https://en.wikipedia.org/wiki/Soyuz_TMA-9,"Soyuz TMA-9 was a Soyuz mission to the International Space Station launched by a Soyuz FG launch vehicle. It was a human spaceflight mission transporting personnel to and from the ISS. It launched from the Baikonur Cosmodrome on 18 September 2006 at 08:09 MSD, docked with the ISS at 09:21 MSD on 20 September, and returned to Earth on 21 April 2007. Soyuz TMA-9 transported two-thirds of ISS Expedition 14 to the space station along with one ""spaceflight participant"" who performed several experiments on behalf of the European Space Agency.",,,,,,
"Mikhail TYuryn, Michael E. Lopez-Alegria",USSR/Russia,ISS,ISS crew rotation. First female space tourist (Ansari). First Persian in space (Ansari).,N,N,N,216.0,2006-09-18,Soyuz TMA-9,2007-04-21,Soyuz TMA-9,2006,Soyuz-FG,Soyuz-TMA 11F732,Baikonur 1/5,,Vostok,Roscosmos,215 d 8 h 22 min,https://en.wikipedia.org/wiki/Soyuz_TMA-9,"Soyuz TMA-9 was a Soyuz mission to the International Space Station launched by a Soyuz FG launch vehicle. It was a human spaceflight mission transporting personnel to and from the ISS. It launched from the Baikonur Cosmodrome on 18 September 2006 at 08:09 MSD, docked with the ISS at 09:21 MSD on 20 September, and returned to Earth on 21 April 2007. Soyuz TMA-9 transported two-thirds of ISS Expedition 14 to the space station along with one ""spaceflight participant"" who performed several experiments on behalf of the European Space Agency.",,,,,,
Sunita L. Williams,USA,ISS,"ISS crew rotation and assembly
 First Swede in space (Fuglesang)",N,N,N,195.0,2006-12-10,STS-116 (Discovery),2007-06-22,STS-116 (Discovery),2006,,,"Kennedy, LC-39B","Kennedy, SLF Runway 15",,NASA,12 d 20 h 44 min,https://en.wikipedia.org/wiki/STS-116,"STS-116 was a Space Shuttle mission to the International Space Station flown by Space Shuttle Discovery. Discovery lifted off on December 9, 2006, for her 33rd flight at 20:47:35 EST. A previous launch attempt on December 7 had been canceled due to cloud cover. It was the first night launch of a Space Shuttle since STS-113 in November 2002.",,,,,,
"Mark L. Polansky, William A. Oefelein, Robert L. Curbeam, Joan E. Higginbotham, Nicolas J.M. Patrick, Christer Fuglesang",USA,ISS,"ISS crew rotation and assembly
 First Swede in space (Fuglesang)",N,N,N,12.0,2006-12-10,STS-116 (Discovery),2006-12-22,STS-117 (Atlantis),2006,,,"Kennedy, LC-39B","Kennedy, SLF Runway 15",,NASA,12 d 20 h 44 min,https://en.wikipedia.org/wiki/STS-116,"STS-116 was a Space Shuttle mission to the International Space Station flown by Space Shuttle Discovery. Discovery lifted off on December 9, 2006, for her 33rd flight at 20:47:35 EST. A previous launch attempt on December 7 had been canceled due to cloud cover. It was the first night launch of a Space Shuttle since STS-113 in November 2002.",,,,,,
Charles Simonyi,USSR/Russia,ISS,ISS crew rotation. Space tourist flight.,N,N,N,14.0,2007-04-07,Soyuz TMA-10,2007-04-21,Soyuz TMA-9,2007,Soyuz-FG,Soyuz-TMA 11F732,Baikonur 1/5,west of Arkalyk,Pulsar,Roscosmos,196 d 17 h,https://en.wikipedia.org/wiki/Soyuz_TMA-10,"Soyuz TMA-10 was a human spaceflight mission using a Soyuz-TMA spacecraft to transport personnel to and from the International Space Station. The mission began at 17:31:09 UTC on April 7, 2007 when the spacecraft was launched from the Baikonur Cosmodrome by a Soyuz FG launch vehicle. Soyuz TMA-10 brought to the station two members of ISS Expedition 15 crew, along with one spaceflight participant.",,,,,,
"Oleg Kotov, Fyodor Yurchikhin",USSR/Russia,ISS,ISS crew rotation. Space tourist flight.,N,N,N,198.0,2007-04-07,Soyuz TMA-10,2007-10-21,Soyuz TMA-10,2007,Soyuz-FG,Soyuz-TMA 11F732,Baikonur 1/5,west of Arkalyk,Pulsar,Roscosmos,196 d 17 h,https://en.wikipedia.org/wiki/Soyuz_TMA-10,"Soyuz TMA-10 was a human spaceflight mission using a Soyuz-TMA spacecraft to transport personnel to and from the International Space Station. The mission began at 17:31:09 UTC on April 7, 2007 when the spacecraft was launched from the Baikonur Cosmodrome by a Soyuz FG launch vehicle. Soyuz TMA-10 brought to the station two members of ISS Expedition 15 crew, along with one spaceflight participant.",,,,,,
Clayton C. Anderson,USA,ISS,ISS crew rotation and assembly,N,N,N,153.0,2007-06-08,STS-117 (Atlantis),2007-11-07,STS-117 (Atlantis),2007,Space Shuttle,,"Kennedy, LC-39A","Edwards, Runway22",,NASA,13 d 20 h 12 min,https://en.wikipedia.org/wiki/STS-117,"STS-117 was a Space Shuttle mission flown by Space Shuttle Atlantis, launched from pad 39A of the Kennedy Space Center on June 8, 2007. Atlantis lifted off from the launch pad at 19:38 EDT. Damage from a hail storm on February 26, 2007, had previously caused the launch to be postponed from an originally-planned launch date of March 15, 2007. The launch of STS-117 marked the 250th orbital human spaceflight.",,,,,,
"Frederick W. Sturckow, Lee J. Archambault, Patrick G. Forrester, Steven R. Swanson, John D. Olivas, James F. Reilly",USA,ISS,ISS crew rotation and assembly,N,N,N,14.0,2007-06-08,STS-117 (Atlantis),2007-06-22,STS-120 (Discovery),2007,Space Shuttle,,"Kennedy, LC-39A","Edwards, Runway22",,NASA,13 d 20 h 12 min,https://en.wikipedia.org/wiki/STS-117,"STS-117 was a Space Shuttle mission flown by Space Shuttle Atlantis, launched from pad 39A of the Kennedy Space Center on June 8, 2007. Atlantis lifted off from the launch pad at 19:38 EDT. Damage from a hail storm on February 26, 2007, had previously caused the launch to be postponed from an originally-planned launch date of March 15, 2007. The launch of STS-117 marked the 250th orbital human spaceflight.",,,,,,
"Scott J. Kelly, Charles O. Hobaugh, Tracy E. Caldwell Dyson, Richard A. Mastracchio, Barbara R. Morgan, Benjamin A. Drew, Dafydd R. Williams",USA,ISS,ISS assembly,N,N,N,13.0,2007-08-08,STS-118 (Endeavor),2007-08-21,STS-118 (Endeavor),2007,,,"Kennedy, LC-39A","Kennedy, SLF Runway 15",,NASA,12 d 17 h 55 min,https://en.wikipedia.org/wiki/STS-118,"STS-118 was a Space Shuttle mission to the International Space Station flown by the orbiter Endeavour. STS-118 lifted off on August 8, 2007, from launch pad 39A at Kennedy Space Center, Florida and landed at the Shuttle Landing Facility at KSC on August 21, 2007. This was the first flight of Endeavour since STS-113 in November 2002, which was also the last successful shuttle flight before STS-107, which culminated in the loss of Columbia when it disintegrated during reentry.",,,,,,
Sheikh Muszaphar Shukor,USSR/Russia,ISS,ISS crew rotation. First Malaysian in space (Shukor). First female ISS commander (Whitson).,N,N,N,11.0,2007-10-10,Soyuz TMA-11,2007-10-21,Soyuz TMA-10,2007,Soyuz-FG,Soyuz-TMA 11F732,Baikonur 1/5,,,Roscosmos,191 d 19 h 17 min,https://en.wikipedia.org/wiki/Soyuz_TMA-11,"Soyuz TMA-11 was a human spaceflight mission using a Soyuz-TMA spacecraft to transport personnel to and from the International Space Station. The mission began at 13:22 UTC on October 10, 2007, when the spacecraft was launched from the Baikonur Cosmodrome by a Soyuz FG launch vehicle. It brought to the station two members of the ISS Expedition 16 crew, as well as Sheikh Muszaphar, the first Malaysian in space.",,,,,,
"Yury Malenchenko, Peggy Whitson",USSR/Russia,ISS,ISS crew rotation. First Malaysian in space (Shukor). First female ISS commander (Whitson).,N,N,N,193.0,2007-10-10,Soyuz TMA-11,2008-04-19,Soyuz TMA-11,2007,Soyuz-FG,Soyuz-TMA 11F732,Baikonur 1/5,,,Roscosmos,191 d 19 h 17 min,https://en.wikipedia.org/wiki/Soyuz_TMA-11,"Soyuz TMA-11 was a human spaceflight mission using a Soyuz-TMA spacecraft to transport personnel to and from the International Space Station. The mission began at 13:22 UTC on October 10, 2007, when the spacecraft was launched from the Baikonur Cosmodrome by a Soyuz FG launch vehicle. It brought to the station two members of the ISS Expedition 16 crew, as well as Sheikh Muszaphar, the first Malaysian in space.",,,,,,
Daniel M. Tani,USA,ISS,ISS crew rotation and assembly,N,N,N,121.0,2007-10-23,STS-120 (Discovery),2008-02-20,STS-120 (Discovery),2007,,,"Kennedy, LC-39A","Kennedy, SLF Runway 33",,NASA,15 d 2 h 24 min,https://en.wikipedia.org/wiki/STS-120,"STS-120 was a Space Shuttle mission to the International Space Station that launched on October 23, 2007, from the Kennedy Space Center, Florida. The mission is also referred to as ISS-10A by the ISS program. STS-120 delivered the Harmony module and reconfigured a portion of the station in preparation for future assembly missions.",,,,,,
"Pamela A. Melroy, George D. Zamka, Scott E. Parazynski, Stephanie D. Wilson, Douglas H. Wheelock, Paolo Nespoli",USA,ISS,ISS crew rotation and assembly,N,N,N,15.0,2007-10-23,STS-120 (Discovery),2007-11-07,STS-122 (Atlantis),2007,,,"Kennedy, LC-39A","Kennedy, SLF Runway 33",,NASA,15 d 2 h 24 min,https://en.wikipedia.org/wiki/STS-120,"STS-120 was a Space Shuttle mission to the International Space Station that launched on October 23, 2007, from the Kennedy Space Center, Florida. The mission is also referred to as ISS-10A by the ISS program. STS-120 delivered the Harmony module and reconfigured a portion of the station in preparation for future assembly missions.",,,,,,
"Stephen N. Frick, Alan G. Poindexter, Leland D. Melvin, Rex J. Walheim, Stanley G. Love, Hans Schlegel",USA,ISS,ISS crew rotation and assembly,N,N,N,13.0,2008-02-07,STS-122 (Atlantis),2008-02-20,STS-122 (Atlantis),2008,,,"Kennedy, LC-39A","Kennedy, SLF Runway 15",,NASA,12 d 18 h 21 min,https://en.wikipedia.org/wiki/STS-122,"STS-122 was a NASA Space Shuttle mission to the International Space Station, flown by the Space Shuttle Atlantis. STS-122 marked the 24th shuttle mission to the ISS, and the 121st Space Shuttle flight overall. The mission was also referred to as ISS-1E by the ISS program.",,,,,,
Léopold Eyharts,USA,ISS,ISS crew rotation and assembly,N,N,N,49.0,2008-02-07,STS-122 (Atlantis),2008-03-27,STS-123 (Endeavor),2008,,,"Kennedy, LC-39A","Kennedy, SLF Runway 15",,NASA,12 d 18 h 21 min,https://en.wikipedia.org/wiki/STS-122,"STS-122 was a NASA Space Shuttle mission to the International Space Station, flown by the Space Shuttle Atlantis. STS-122 marked the 24th shuttle mission to the ISS, and the 121st Space Shuttle flight overall. The mission was also referred to as ISS-1E by the ISS program.",,,,,,
"Dominic L. Pudwill Gorie, Gregory H. Johnson, Robert L. Behnken, Michael J. Foreman, Richard M. Linnehan, Takao Doi",USA,ISS,ISS crew rotation and assembly,N,N,N,16.0,2008-03-11,STS-123 (Endeavor),2008-03-27,STS-123 (Endeavor),2008,,,"Kennedy, LC-39A","Kennedy, SLF Runway 15",,NASA,15 d 18 h 12 min,https://en.wikipedia.org/wiki/STS-123,"STS-123 was a Space Shuttle mission to the International Space Station which was flown by Space Shuttle Endeavour. STS-123 was the 1J/A ISS assembly mission. The original launch target date was February 14, 2008, but after the delay of STS-122, the shuttle was launched on March 11, 2008.",,,,,,
Garrett E. Reisman,USA,ISS,ISS crew rotation and assembly,N,N,N,96.0,2008-03-11,STS-123 (Endeavor),2008-06-14,STS-124 (Discovery),2008,,,"Kennedy, LC-39A","Kennedy, SLF Runway 15",,NASA,15 d 18 h 12 min,https://en.wikipedia.org/wiki/STS-123,"STS-123 was a Space Shuttle mission to the International Space Station which was flown by Space Shuttle Endeavour. STS-123 was the 1J/A ISS assembly mission. The original launch target date was February 14, 2008, but after the delay of STS-122, the shuttle was launched on March 11, 2008.",,,,,,
"Sergey Volkov, Oleg Kononenko",USSR/Russia,ISS,"ISS crew rotation. First South Korean in space (Yi)
 First second-generation cosmonaut (Volkov).",N,N,N,200.0,2008-04-08,Soyuz TMA-12,2008-10-24,Soyuz TMA-11,2008,Soyuz-FG,Soyuz-TMA,Baikonur 1/5,,Eridan,Roscosmos,198 d 16 h,https://en.wikipedia.org/wiki/Soyuz_TMA-12,Soyuz TMA-12 was a Soyuz mission to the International Space Station which was launched by a Soyuz FG rocket at 11:16 UTC on 8 April 2008. It docked to the Pirs module of the station on 10 April 2008. Landing occurred at 03:37 on 24 October.,,,,,,
Yi So-yeon,USSR/Russia,ISS,"ISS crew rotation. First South Korean in space (Yi)
 First second-generation cosmonaut (Volkov).",N,N,N,11.0,2008-04-08,Soyuz TMA-12,2008-04-19,Soyuz TMA-12,2008,Soyuz-FG,Soyuz-TMA,Baikonur 1/5,,Eridan,Roscosmos,198 d 16 h,https://en.wikipedia.org/wiki/Soyuz_TMA-12,Soyuz TMA-12 was a Soyuz mission to the International Space Station which was launched by a Soyuz FG rocket at 11:16 UTC on 8 April 2008. It docked to the Pirs module of the station on 10 April 2008. Landing occurred at 03:37 on 24 October.,,,,,,
Gregory E. Chamitoff,USA,ISS,"ISS assembly and crew rotation
 Delivery of Kibo Japanese Experiment Module",N,N,N,184.0,2008-05-31,STS-124 (Discovery),2008-11-30,STS-124 (Discovery),2008,,,"Kennedy, LC-39A","Kennedy, SLF Runway 15",,NASA,13 d 18 h 13 min,https://en.wikipedia.org/wiki/STS-124,"STS-124 was the 35th mission of Space Shuttle Discovery. It went to the International Space Station on this mission. Discovery launched on May 31, 2008, at 17:02 EDT, moved from an earlier scheduled launch date of May 25, 2008, and landed safely at the Kennedy Space Center's Shuttle Landing Facility, at 11:15 EDT on June 14, 2008.",,,,,,
"Mark Kelly, Kenneth T. Ham, Karen L. Nyberg, Ronald J. Garan, Michael E. Fossum, Akihiko Hoshide",USA,ISS,"ISS assembly and crew rotation
 Delivery of Kibo Japanese Experiment Module",N,N,N,14.0,2008-05-31,STS-124 (Discovery),2008-06-14,STS-126 (Endeavor),2008,,,"Kennedy, LC-39A","Kennedy, SLF Runway 15",,NASA,13 d 18 h 13 min,https://en.wikipedia.org/wiki/STS-124,"STS-124 was the 35th mission of Space Shuttle Discovery. It went to the International Space Station on this mission. Discovery launched on May 31, 2008, at 17:02 EDT, moved from an earlier scheduled launch date of May 25, 2008, and landed safely at the Kennedy Space Center's Shuttle Landing Facility, at 11:15 EDT on June 14, 2008.",,,,,,
"Zhai Zhigang, Liu Boming, Jing Haipeng",China,,Third human spaceflight and first spacewalk for China.,N,N,N,3.0,2008-09-25,Shenzhou 7,2008-09-28,Shenzhou 7,2008,Long March 2F,Shenzhou,"Jiuquan, LA-4/SLS-1","Siziwang Banner, Inner Mongolia",,China Manned Space Agency,2 d 20 h,https://en.wikipedia.org/wiki/Shenzhou_7,"Shenzhou 7 was the third human spaceflight mission of the Chinese space program. The mission, which included the first Chinese extra-vehicular activity carried out by crew members Zhai Zhigang and Liu Boming, marked the start of the ""second step"" of the China Manned Space Program. The Shenzhou spacecraft carrying the three crew members was launched 25 September 2008, by a Long March 2F rocket, making its final flight before being replaced by the 2F/G, which lifted off from the Jiuquan Satellite Launch Center at 21:10 CST. The mission lasted three days, after which the craft landed safely in Siziwang Banner in central Inner Mongolia on 28 September 2008, at 17:37 CST. The Shenzhou 7 EVA made ",,,,,,
"Yury Lonchakov, E. Michael Fincke",USSR/Russia,ISS,ISS crew rotation.,N,N,N,179.0,2008-10-12,Soyuz TMA-13,2009-04-08,Soyuz TMA-12,2008,Soyuz-FG,Soyuz-TMA,Baikonur 1/5,,Titan,Roscosmos,178 d,https://en.wikipedia.org/wiki/Soyuz_TMA-13,"Soyuz TMA-13 was a Soyuz mission to the International Space Station. The spacecraft was launched by a Soyuz-FG rocket at 07:01 GMT on 12 October 2008. It undocked at 02:55 GMT on 8 April 2009, performed a deorbit burn at 06:24, and landed at 07:16.",,,,,,
Richard A. Garriott,USSR/Russia,ISS,ISS crew rotation.,N,N,N,12.0,2008-10-12,Soyuz TMA-13,2008-10-24,Soyuz TMA-13,2008,Soyuz-FG,Soyuz-TMA,Baikonur 1/5,,Titan,Roscosmos,178 d,https://en.wikipedia.org/wiki/Soyuz_TMA-13,"Soyuz TMA-13 was a Soyuz mission to the International Space Station. The spacecraft was launched by a Soyuz-FG rocket at 07:01 GMT on 12 October 2008. It undocked at 02:55 GMT on 8 April 2009, performed a deorbit burn at 06:24, and landed at 07:16.",,,,,,
Sandra H. Magnus,USA,ISS,ISS logistics and crew rotation,N,N,N,135.0,2008-11-15,STS-126 (Endeavor),2009-03-29,STS-126 (Endeavor),2008,,,"Kennedy, LC-39A","Edwards, Runway4L",,NASA,15 d 20 h 30 min,https://en.wikipedia.org/wiki/STS-126,"STS-126 was the one hundred and twenty-fourth NASA Space Shuttle mission, and twenty-second orbital flight of the Space Shuttle Endeavour to the International Space Station. The purpose of the mission, referred to as ULF2 by the ISS program, was to deliver equipment and supplies to the station, to service the Solar Alpha Rotary Joints, and repair the problem in the starboard SARJ that had limited its use since STS-120. STS-126 launched on 15 November 2008 at 00:55:39 UTC from Launch Pad 39A at NASA's Kennedy Space Center with no delays or issues.",,,,,,
"Christopher J. Ferguson, Eric A. Boe, Donald R. Pettit, Stephen G. Bowen, Heidemarie M. Stefanyshyn-Piper, Robert S. Kimbrough",USA,ISS,ISS logistics and crew rotation,N,N,N,15.0,2008-11-15,STS-126 (Endeavor),2008-11-30,STS-119 (Discovery),2008,,,"Kennedy, LC-39A","Edwards, Runway4L",,NASA,15 d 20 h 30 min,https://en.wikipedia.org/wiki/STS-126,"STS-126 was the one hundred and twenty-fourth NASA Space Shuttle mission, and twenty-second orbital flight of the Space Shuttle Endeavour to the International Space Station. The purpose of the mission, referred to as ULF2 by the ISS program, was to deliver equipment and supplies to the station, to service the Solar Alpha Rotary Joints, and repair the problem in the starboard SARJ that had limited its use since STS-120. STS-126 launched on 15 November 2008 at 00:55:39 UTC from Launch Pad 39A at NASA's Kennedy Space Center with no delays or issues.",,,,,,
"Lee J. Archambault, Dominic A. Antonelli, Joseph M. Acaba, Steven R. Swanson, Richard R. Arnold, John L. Phillips",USA,ISS,Delivery of final solar power generation module and crew rotation,N,N,N,14.0,2009-03-15,STS-119 (Discovery),2009-03-29,STS-119 (Discovery),2009,,,"Kennedy, LC-39A","Kennedy, SLF Runway 15",,NASA,12 d 19 h 29 min,https://en.wikipedia.org/wiki/STS-119,"STS-119 was a Space Shuttle mission to the International Space Station which was flown by Space Shuttle Discovery during March 2009. It was Discovery's 36th flight. It delivered and assembled the fourth starboard Integrated Truss Segment, and the fourth set of solar arrays and batteries to the station.",,,,,,
Koichi Wakata,USA,ISS,Delivery of final solar power generation module and crew rotation,N,N,N,139.0,2009-03-15,STS-119 (Discovery),2009-07-31,STS-127 (Endeavor),2009,,,"Kennedy, LC-39A","Kennedy, SLF Runway 15",,NASA,12 d 19 h 29 min,https://en.wikipedia.org/wiki/STS-119,"STS-119 was a Space Shuttle mission to the International Space Station which was flown by Space Shuttle Discovery during March 2009. It was Discovery's 36th flight. It delivered and assembled the fourth starboard Integrated Truss Segment, and the fourth set of solar arrays and batteries to the station.",,,,,,
Charles Simonyi,USSR/Russia,ISS,ISS crew rotation.,N,N,N,13.0,2009-03-26,Soyuz TMA-14,2009-04-08,Soyuz TMA-13,2009,Soyuz-FG,Soyuz-TMA No.224,"Baikonur, Site 1/5",,Altair,Roscosmos,198 d 16 h,https://en.wikipedia.org/wiki/Soyuz_TMA-14,"The Soyuz TMA-14 was a Soyuz flight to the International Space Station, which launched on 26 March 2009. It transported two members of the Expedition 19 crew as well as spaceflight participant Charles Simonyi on his second self-funded flight to the space station. TMA-14 was the 101st crewed flight of a Soyuz spacecraft, including launch failures; however, it was the 100th to launch and land crewed, as Soyuz 34 was launched uncrewed to replace Soyuz 32, which landed empty.",,,,,,
"Gennady Padalka, Michael R. Barratt",USSR/Russia,ISS,ISS crew rotation.,N,N,N,200.0,2009-03-26,Soyuz TMA-14,2009-10-11,Soyuz TMA-14,2009,Soyuz-FG,Soyuz-TMA No.224,"Baikonur, Site 1/5",,Altair,Roscosmos,198 d 16 h,https://en.wikipedia.org/wiki/Soyuz_TMA-14,"The Soyuz TMA-14 was a Soyuz flight to the International Space Station, which launched on 26 March 2009. It transported two members of the Expedition 19 crew as well as spaceflight participant Charles Simonyi on his second self-funded flight to the space station. TMA-14 was the 101st crewed flight of a Soyuz spacecraft, including launch failures; however, it was the 100th to launch and land crewed, as Soyuz 34 was launched uncrewed to replace Soyuz 32, which landed empty.",,,,,,
"Scott D. Altman, Gregory C. Johnson, Michael T. Good, K. Megan McArthur, John M. Grunsfeld, Michael J. Massimino, Andrew J. Feustel",USA,,Hubble Space Telescope Servicing Mission 4,N,N,N,13.0,2009-05-11,STS-125 (Atlantis),2009-05-24,STS-125 (Atlantis),2009,,,"Kennedy, LC-39A","Edwards, Runway22",,NASA,12 d 21 h 37 min,https://en.wikipedia.org/wiki/STS-125,"STS-125, or HST-SM4, was the fifth and final Space Shuttle mission to the Hubble Space Telescope. The launch of the Space Shuttle Atlantis occurred on May 11, 2009, at 2:01 pm EDT. Landing occurred on May 24 at 11:39 am EDT, with the mission lasting a total of just under 13 days. Space Shuttle Atlantis carried two new instruments to the Hubble Space Telescope, the Cosmic Origins Spectrograph and the Wide Field Camera 3.",,,,,,
"Roman Romanenko, Frank De Winne, Robert Thirsk",USSR/Russia,ISS,ISS crew rotation.,N,N,N,189.0,2009-05-27,Soyuz TMA-15,2009-12-01,Soyuz TMA-15,2009,Soyuz-FG,Soyuz-TMA 11F732,Baikonur 1/5,,"Таймыр (Taymyr) orПарус (Parus, meaning",Roscosmos,187 d 20 h,https://en.wikipedia.org/wiki/Soyuz_TMA-15,"Soyuz TMA-15 was a crewed spaceflight to the International Space Station. Part of the Soyuz programme, it transported three members of the Expedition 20 crew to the space station. TMA-15 was the 102nd crewed flight of a Soyuz spacecraft, since Soyuz 1 in 1967.",,,,,,
"Mark L. Polansky, Douglas G. Hurley, Christopher J. Cassidy, Thomas H. Marshburn, David A. Wolf, Julie Payette",USA,ISS,Delivery of Japanese exposed facility and crew rotation,N,N,N,16.0,2009-07-15,STS-127 (Endeavor),2009-07-31,STS-127 (Endeavor),2009,,,"Kennedy, LC-39A","Kennedy, SLF Runway 15",,NASA,15 d 16 h 44 min,https://en.wikipedia.org/wiki/STS-127,"STS-127 was a NASA Space Shuttle mission to the International Space Station. It was the twenty-third flight of Space Shuttle Endeavour. The primary purpose of the STS-127 mission was to deliver and install the final two components of the Japanese Experiment Module: the Exposed Facility, and the Exposed Section of the Experiment Logistics Module.",,,,,,
Timothy L. Kopra,USA,ISS,Delivery of Japanese exposed facility and crew rotation,N,N,N,58.0,2009-07-15,STS-127 (Endeavor),2009-09-11,STS-128 (Discovery),2009,,,"Kennedy, LC-39A","Kennedy, SLF Runway 15",,NASA,15 d 16 h 44 min,https://en.wikipedia.org/wiki/STS-127,"STS-127 was a NASA Space Shuttle mission to the International Space Station. It was the twenty-third flight of Space Shuttle Endeavour. The primary purpose of the STS-127 mission was to deliver and install the final two components of the Japanese Experiment Module: the Exposed Facility, and the Exposed Section of the Experiment Logistics Module.",,,,,,
"Frederick W. Sturckow, Kevin A. Ford, Patrick G. Forrester, Jose M. Hernandez, John D. Olivas, Christer Fuglesang",USA,ISS,"Delivery of experiments, logistics, and crew rotation",N,N,N,14.0,2009-08-28,STS-128 (Discovery),2009-09-11,STS-128 (Discovery),2009,,,"Kennedy, LC-39A","Edwards, Runway22",,NASA,13 d 20 h 54 min,https://en.wikipedia.org/wiki/STS-128,"STS-128 was a NASA Space Shuttle mission to the International Space Station that launched on August 28, 2009. Space Shuttle Discovery carried the Multi-Purpose Logistics Module Leonardo as its primary payload. It was Discovery's 37th flight.",,,,,,
Nicole P. Stott,USA,ISS,"STS-128 (ISS assembly flight 17A) was a NASA Space Shuttle mission to the International Space Station (ISS) that launched on August 28, 2009. Space Shuttle Discovery carried the Multi-Purpose Logistics Module Leonardo as its primary payload.",N,N,N,92.0,2009-08-28,STS-128 (Discovery),2009-11-27,STS-129 (Atlantis),2009,,,"Kennedy, LC-39A","Edwards, Runway22",,NASA,13 d 20 h 54 min,https://en.wikipedia.org/wiki/STS-128,"STS-128 was a NASA Space Shuttle mission to the International Space Station that launched on August 28, 2009. Space Shuttle Discovery carried the Multi-Purpose Logistics Module Leonardo as its primary payload. It was Discovery's 37th flight.",,,,,,
"Maksim Surayev, Jeffrey Williams",USSR/Russia,ISS,The Soyuz TMA-16 (Russian: Союз TMA-16) was a crewed flight to and from the International Space Station (ISS). It transported two members of the Expedition 21 crew and a Canadian entrepreneur from the Baikonur Cosmodrome in Kazakhstan to the ISS.,N,N,N,170.0,2009-09-30,Soyuz TMA-16,2010-03-18,Soyuz TMA-14,2009,Soyuz-FG,Soyuz No.226,Baikonur 1/5,,,Roscosmos,168 d,https://en.wikipedia.org/wiki/Soyuz_TMA-16,"The Soyuz TMA-16 was a crewed flight to and from the International Space Station. It transported two members of the Expedition 21 crew and a Canadian entrepreneur from the Baikonur Cosmodrome in Kazakhstan to the ISS. TMA-16 was the 103rd flight of a Soyuz spacecraft, the first flight launching in 1967. The launch of Soyuz TMA-16 marked the first time since 1969 that three Soyuz craft were in orbit simultaneously.",,,,,,
Guy Laliberté,USSR/Russia,ISS,ISS crew rotation.,N,N,N,11.0,2009-09-30,Soyuz TMA-16,2009-10-11,Soyuz TMA-16,2009,Soyuz-FG,Soyuz No.226,Baikonur 1/5,,,Roscosmos,168 d,https://en.wikipedia.org/wiki/Soyuz_TMA-16,"The Soyuz TMA-16 was a crewed flight to and from the International Space Station. It transported two members of the Expedition 21 crew and a Canadian entrepreneur from the Baikonur Cosmodrome in Kazakhstan to the ISS. TMA-16 was the 103rd flight of a Soyuz spacecraft, the first flight launching in 1967. The launch of Soyuz TMA-16 marked the first time since 1969 that three Soyuz craft were in orbit simultaneously.",,,,,,
"Charles O. Hobaugh, Barry E. Wilmore, Leland D. Melvin, Randolph J. Bresnik, Michael J. Foreman, Robert L. Satcher",USA,ISS,"ISS assembly
 Delivery of ELC1 and ELC2",N,N,N,11.0,2009-11-16,STS-129 (Atlantis),2009-11-27,STS-129 (Atlantis),2009,,,"Kennedy, LC-39A","Kennedy, SLF Runway 33",,NASA,10 d 19 h 16 min,https://en.wikipedia.org/wiki/STS-129,"STS-129 was a NASA Space Shuttle mission to the International Space Station. Atlantis was launched on November 16, 2009, at 14:28 EST, and landed at 09:44 EST on November 27, 2009, on runway 33 at the Kennedy Space Center's Shuttle Landing Facility. It was also the last Shuttle mission of the 2000s decade.",,,,,,
"Oleg Kotov, Timothy J. Creamer, Soichi Noguchi",USSR/Russia,ISS,ISS crew rotation.,N,N,N,165.0,2009-12-20,Soyuz TMA-17,2010-06-02,Soyuz TMA-17,2009,Soyuz-FG,Soyuz-TMA 11F732,"Baikonur, site 1/5",Steppes of Kazakhstan,Pulsar,Roscosmos,164 d,https://en.wikipedia.org/wiki/Soyuz_TMA-17,Soyuz TMA-17 was a human spaceflight mission to the International Space Station. TMA-17 crew members participated in ISS Expedition 22 and Expedition 23. The mission ended when the Soyuz TMA-17 capsule landed on 2 June 2010.,,,,,,
"George D. Zamka, Terry W. Virts, Kathryn P. Hire, Stephen K. Robinson, Nicolas J.M. Patrick, Robert L. Behnken",USA,ISS,"ISS assembly
 Delivery of Tranquility and Cupola",N,N,N,14.0,2010-02-08,STS-130 (Endeavor),2010-02-22,STS-130 (Endeavor),2010,,,"Kennedy, LC-39A","Kennedy, SLF Runway 15",,NASA,13 d 18 h 6 min,https://en.wikipedia.org/wiki/STS-130,"STS-130 was a NASA Space Shuttle mission to the International Space Station. Space Shuttle Endeavour's primary payloads were the Tranquility module and the Cupola, a robotic control station with six windows around its sides and another in the center, providing a 360-degree view around the station. Endeavour launched at 04:14 EST on February 8, 2010, and landed at 22:22 EST on February 21, 2010, on runway 15 at the Kennedy Space Center's Shuttle Landing Facility.",,,,,,
"Alexander Skvortsov, Mikhail Korniyenko, Tracy E. Caldwell Dyson",USSR/Russia,ISS,ISS crew rotation.,N,N,N,177.0,2010-04-02,Soyuz TMA-18,2010-09-25,Soyuz TMA-18,2010,Soyuz-FG,Soyuz TMA 11F732,"Baikonur, Site 1/5",,"утес (""cliff",Roscosmos,176 d,https://en.wikipedia.org/wiki/Soyuz_TMA-18,Soyuz TMA-18 was a 2010 Soyuz flight to the International Space Station. TMA-18 was the 105th crewed flight of a Soyuz spacecraft since the first crewed flight in 1967.,,,,,,
"Alan G. Poindexter, James P. Dutton, Richard A. Mastracchio, Clayton C. Anderson, Dorothy M. Metcalf-Lindenberger, Stephanie D. Wilson, Naoko Yamazaki",USA,ISS,"ISS assembly
 Delivery of experiments and logistics",N,N,N,15.0,2010-04-05,STS-131 (Discovery),2010-04-20,STS-131 (Discovery),2010,,,"Kennedy, LC-39A","Kennedy, SLF Runway 15",,NASA,15 d 2 h 47 min,https://en.wikipedia.org/wiki/STS-131,"STS-131 was a NASA Space Shuttle mission to the International Space Station. Space Shuttle Discovery launched on April 5, 2010, at 6:21 am from LC-39A, and landed at 9:08 am on April 20, 2010, on runway 33 at the Kennedy Space Center's Shuttle Landing Facility. The mission marked the longest flight for Space Shuttle Discovery and its 38th and penultimate flight.",,,,,,
"Kenneth T. Ham, Dominic A. Antonelli, Garrett E. Reisman, Michael T. Good, Stephen G. Bowen, Piers J. Sellers",USA,ISS,"Delivery of experiments
 Delivery of Rassvet",N,N,N,12.0,2010-05-14,STS-132 (Atlantis),2010-05-26,STS-132 (Atlantis),2010,,,"Kennedy, LC-39A","Kennedy, SLF Runway 33",,NASA,11 d 18 h 29 min,https://en.wikipedia.org/wiki/STS-132,"STS-132 was a NASA Space Shuttle mission, during which Space Shuttle Atlantis docked with the International Space Station on May 16, 2010. STS-132 was launched from the Kennedy Space Center on May 14, 2010. The primary payload was the Russian Rassvet Mini-Research Module, along with an Integrated Cargo Carrier-Vertical Light Deployable.",,,,,,
"Fyodor Yurchikhin, Shannon Walker, Douglas H. Wheelock",USSR/Russia,ISS,ISS crew rotation.,N,N,N,165.0,2010-06-15,Soyuz TMA-19,2010-11-26,Soyuz TMA-19,2010,Soyuz-FG,Soyuz-TMA 11F732,"Baikonur, Site 1/5",84 km from the city of Arkalyk.,Olympus,Roscosmos,164 d,https://en.wikipedia.org/wiki/Soyuz_TMA-19,"Soyuz TMA-19 was a crewed spaceflight to the International Space Station and is part of the Soyuz programme. It was launched on 15 June 2010 carrying three members of the Expedition 24 crew to the International Space Station, who remained aboard the station for around six months. Soyuz TMA-19 was the 106th crewed flight of a Soyuz spacecraft, since the first mission which was launched in 1967.",,,,,,
"Alexander Kaleri, Oleg Skripochka, Scott J. Kelly",USSR/Russia,ISS,ISS crew rotation.,N,N,N,161.0,2010-10-07,Soyuz TMA-01M,2011-03-16,Soyuz TMA-01M,2010,Soyuz-FG,Soyuz-TMA 11F747,Baikonur 1/5,,Ingul,Roscosmos,159 d 8 h 43 min,https://en.wikipedia.org/wiki/Soyuz_TMA-01M,"Soyuz TMA-01M was a Soyuz flight that transported three members of the Expedition 25 crew to the International Space Station. TMA-01M was the 107th flight of a Soyuz spacecraft, and the first flight of the modernized TMA-M series. The spacecraft remained docked to the space station during Expedition 25, to serve as an emergency escape vehicle.",,,,,,
"Dmitri Kondratyev, Catherine G. Coleman, Paolo Nespoli",USSR/Russia,ISS,ISS crew rotation.,N,N,N,161.0,2010-12-15,Soyuz TMA-20,2011-05-24,Soyuz TMA-20,2010,Soyuz-FG,Soyuz-TMA 11F732,Baikonur 1/5,,"Варяг (""Varangian",Roscosmos,159 d 7 h 17 min,https://en.wikipedia.org/wiki/Soyuz_TMA-20,"Soyuz TMA-20 was a human spaceflight to the International Space Station and was part of the Soyuz programme. It lifted off from the Baikonur Cosmodrome in Kazakhstan on December 15, 2010, and docked with the ISS two days later. On May 24, 2011, after spending 159 days in space, the Soyuz TMA-20 descent module landed safely in Zhezkazgan, Kazakhstan, carrying Kondratyev, Coleman and Nespoli.",,,,,,
"Steven W. Lindsey, Eric A. Boe, Nicole P. Stott, Benjamin A. Drew, Michael R. Barratt, Stephen G. Bowen",USA,ISS,ISS assembly and supply. Delivery of PLM. Delivery of Robonaut. Final mission of Discovery.,N,N,N,13.0,2011-02-24,STS-133 (Discovery),2011-03-09,STS-133 (Discovery),2011,,,"Kennedy, LC-39A","Kennedy, SLF Runway 15",,NASA,12 d 19 h 4 min,https://en.wikipedia.org/wiki/STS-133,"STS-133 was the 133rd mission in NASA's Space Shuttle program; during the mission, Space Shuttle Discovery docked with the International Space Station. It was Discovery's 39th and final mission. The mission launched on February 24, 2011, and landed on March 9, 2011.",,,,,,
"Alexander Samokutyayev, Andrey Borisenko, Ronald J. Garan",USSR/Russia,ISS,ISS crew rotation.,N,N,N,166.0,2011-04-04,Soyuz TMA-21,2011-09-16,Soyuz TMA-21,2011,Soyuz-FG,Soyuz-TMA 11F732,Baikonur 1/5,,Tarkhany,Roscosmos,164 d 17 h 42 min,https://en.wikipedia.org/wiki/Soyuz_TMA-21,"Soyuz TMA-21 was a Soyuz flight to the International Space Station. It transported three members of the Expedition 27 crew to the ISS, and docked at the station on April 6, 2011. TMA-21 is the 109th flight of a Soyuz spacecraft, the first of which launched in 1967.",,,,,,
"Mark Kelly, Gregory H. Johnson, E. Michael Fincke, Roberto Vittori, Andrew J. Feustel, Gregory E. Chamitoff",USA,ISS,ISS assembly and supply. Delivery of Alpha Magnetic Spectrometer. Delivery of ELC3. Final flight of Endeavor.,N,N,N,16.0,2011-05-16,STS-134 (Endeavor),2011-06-01,STS-134 (Endeavor),2011,,,"Kennedy, LC-39A","Kennedy, SLF Runway 15",,NASA,15 d 17 h 38 min,https://en.wikipedia.org/wiki/STS-134,STS-134 was the penultimate mission of NASA's Space Shuttle program and the 25th and last spaceflight of Space Shuttle Endeavour. This flight delivered the Alpha Magnetic Spectrometer and an ExPRESS Logistics Carrier to the International Space Station. Mark Kelly served as the mission commander.,,,,,,
"Sergey Volkov, Satoshi Furukawa, Michael E. Fossum",USSR/Russia,ISS,ISS crew rotation.,N,N,N,169.0,2011-06-07,Soyuz TMA-02M,2011-11-22,Soyuz TMA-02M,2011,Soyuz-FG,Soyuz-TMA 11F747,Baikonur 1/5,,,Roscosmos,166 d 06 h 13 min,https://en.wikipedia.org/wiki/Soyuz_TMA-02M,Soyuz TMA-02M was a space mission that transported three members of the Expedition 28 crew to the International Space Station. TMA-02M was the 110th flight of a Soyuz spacecraft and the second flight of the improved Soyuz-TMA-M series. The Soyuz remained docked to the space station for the Expedition 28 increment to serve as a potential emergency escape vehicle.,,,,,,
"Christopher J. Ferguson, Douglas G. Hurley, Sandra H. Magnus, Rex J. Walheim",USA,ISS,ISS assembly and supply. Final flight of Atlantis. Final mission of the Space Shuttle.,N,N,N,13.0,2011-07-08,STS-135 (Atlantis),2011-07-21,STS-135 (Atlantis),2011,,,"Kennedy, LC-39A","Kennedy, SLF Runway 15",,NASA,12 d 18 h,https://en.wikipedia.org/wiki/STS-135,"STS-135 was the 135th and final mission of the American Space Shuttle program. It was Atlantis's 33rd and final mission. STS-135 launched on July 8, 2011, and landed on July 21, 2011, following a one-day mission extension.",,,,,,
"Anton Shkaplerov, Anatoly Ivanishin, Daniel C. Burbank",USSR/Russia,ISS,ISS crew rotation.,N,N,N,166.0,2011-11-14,Soyuz TMA-22,2012-04-27,Soyuz TMA-22,2011,Soyuz-FG,Soyuz-TMA 11F732,Baikonur 1/5,,Astraeus,Roscosmos,165 d 07 h 31 min,https://en.wikipedia.org/wiki/Soyuz_TMA-22,"Soyuz TMA-22 was a crewed spaceflight to the International Space Station. TMA-22 was the 111th flight of a Soyuz spacecraft, and transported three members of the Expedition 29 crew to the ISS. The spacecraft docked to the ISS on 16 November 2011, and remained docked to serve as an emergency escape vehicle until its undocking on 27 April 2012. Soyuz TMA-22 successfully landed in Kazakhstan on 27 April 2012 11:45 GMT. TMA-22 was the final flight of a Soyuz-TMA vehicle, following the design's replacement by the modernized TMA-M series.",,,,,,
"Oleg Kononenko, André Kuipers, Donald R. Pettit",USSR/Russia,ISS,ISS crew rotation.,N,N,N,194.0,2011-12-21,Soyuz TMA-03M,2012-07-01,Soyuz TMA-03M,2011,Soyuz FG,Soyuz TMA-M,"Baikonur, Site 1/5","146 km SE of Dzhezkazgan, Kazakhstan",Antares,Roscosmos,192 d 18 h 58 min,https://en.wikipedia.org/wiki/Soyuz_TMA-03M,"Soyuz TMA-03M was a spaceflight to the International Space Station. It launched on 21 December 2011 from Site One at the Baikonur Cosmodrome, Kazakhstan, carrying three members of Expedition 30 to the ISS. TMA-03M was the 112th flight of a Russian Soyuz spacecraft, since the first in 1967, and the third flight of the modernised Soyuz-TMA-M version. The docking with the International Space Station took place at 19:19 Moscow Time on 23 December, three minutes ahead of schedule.",,,,,,
"Gennady Padalka, Sergey Revin, Joseph M. Acaba",USSR/Russia,ISS,ISS crew rotation.,N,N,N,126.0,2012-05-15,Soyuz TMA-04M,2012-09-17,Soyuz TMA-04M,2012,Soyuz-FG,Soyuz-TMA 11F747,Baikonur 1/5,,Altair,Roscosmos,124 d 23 h 51 min,https://en.wikipedia.org/wiki/Soyuz_TMA-04M,"Soyuz TMA-04M was a spaceflight to Low Earth orbit that transported three members of the Expedition 31 crew to the International Space Station, which was launched on 15 May 2012 and landed on 17 September 2012. TMA-04M was the Soyuz spacecraft's 113th flight since its initial launch in 1967, and the fourth launch of the improved Soyuz TMA-M series. As per the mission plan, the spacecraft remained docked to the space station to serve as an emergency escape vehicle during Expedition 31.",,,,,,
"Jing Haipeng, Liu Wang, Liu Yang",China,Tiangong 1,Fourth human spaceflight and first manned space station docking for China.,N,N,N,13.0,2012-06-16,Shenzhou 9,2012-06-29,Shenzhou 9,2012,Long March 2F/G (Y9),Shenzhou,"Jiuquan, LA-4/SLS-1",Inner Mongolia,,China Manned Space Agency,12 d 15 h,https://en.wikipedia.org/wiki/Shenzhou_9,"Shenzhou 9 was the fourth crewed spacecraft flight of China's Shenzhou program, launched at 18:37:24 CST, 16 June 2012. Shenzhou 9 was the second spacecraft and first crewed mission and expedition to dock with the Tiangong-1 space station, which took place on 18 June. The Shenzhou 9 spacecraft landed at 10:01:16 CST on 29 June in the Inner Mongolia Autonomous Region.",,,,,,
"Yury Malenchenko, Sunita L. Williams, Akihiko Hoshide",USSR/Russia,ISS,ISS crew rotation.,N,N,N,128.0,2012-07-15,Soyuz TMA-05M,2012-11-19,Soyuz TMA-05M,2012,Soyuz-FG,Soyuz-TMA 11F747,Baikonur 1/5,,Agate,Roscosmos,126 d 23 h 13 min,https://en.wikipedia.org/wiki/Soyuz_TMA-05M,"Soyuz TMA-05M was the 114th flight of a Soyuz spacecraft. It was launched on 15 July 2012, transporting three members of the Expedition 32 crew to the International Space Station. The Soyuz remained docked to the ISS throughout the mission to serve as an emergency escape vehicle.",,,,,,
"Oleg Novitskiy, Evgeny Tarelkin, Kevin A. Ford",USSR/Russia,ISS,ISS crew rotation.,N,N,N,145.0,2012-10-23,Soyuz TMA-06M,2013-03-16,Soyuz TMA-06M,2012,Soyuz-FG,Soyuz-TMA 11F747,Baikonur 31/6,,Kazbek,Roscosmos,143 d 16 h 20 min,https://en.wikipedia.org/wiki/Soyuz_TMA-06M,"Soyuz TMA-06M was a spaceflight to the International Space Station launched on 23 October 2012, transporting three members of the Expedition 33 crew. TMA-06M was the 115th flight of a Soyuz spacecraft, the first flight launching in 1967. Soyuz TMA-06M launch was also the first crewed flight from the remote Site 31 pad since July 1984.",,,,,,
"Roman Romanenko, Chris A. Hadfield, Thomas H. Marshburn",USSR/Russia,ISS,ISS crew rotation.,N,N,N,147.0,2012-12-19,Soyuz TMA-07M,2013-05-14,Soyuz TMA-07M,2012,Soyuz-FG,,Baikonur 1/5,,Sail,Roscosmos,145 d 14 h 19 min,https://en.wikipedia.org/wiki/Soyuz_TMA-07M,"Soyuz TMA-07M was a spaceflight launched to the International Space Station in 2012 which transported three members of the Expedition 34 crew to the station. The Soyuz remained docked to the space station and served as an emergency escape vehicle for the Expedition 35 increment, before returning its crew to Earth in May 2013.",,,,,,
"Pavel Vinogradov, Alexander Misurkin, Christopher J. Cassidy",USSR/Russia,ISS,ISS crew rotation.,N,N,N,168.0,2013-03-28,Soyuz TMA-08M,2013-09-11,Soyuz TMA-08M,2013,Soyuz-FG,,Baikonur 1/5,,Carat,Roscosmos,166 d 6 h 15 min,https://en.wikipedia.org/wiki/Soyuz_TMA-08M,"Soyuz TMA-08M, identified as Soyuz 34 or 34S by NASA, was a 2013 flight to the International Space Station. It transported three members of the Expedition 35 crew to the International Space Station. TMA-08M was the 117th flight of a Soyuz spacecraft, the first flight launching in 1967.",,,,,,
"Fyodor Yurchikhin, Karen L. Nyberg, Luca Parmitano",USSR/Russia,ISS,ISS crew rotation.,N,N,N,168.0,2013-05-28,Soyuz TMA-09M,2013-11-11,Soyuz TMA-09M,2013,Soyuz-FG,,Baikonur 1/5,,Olympus,Roscosmos,166 d 6 h 18 min,https://en.wikipedia.org/wiki/Soyuz_TMA-09M,Soyuz TMA-09M was a Russian Soyuz mission to the International Space Station. It transported three members of the Expedition 36 crew to the space station. The Soyuz remained docked to the space station during Expeditions 36 and 37 to serve as an emergency escape vehicle.,,,,,,
"Nie Haisheng, Zhang Xiaoguang, Wang Yaping",China,Tiangong 1,Fifth human spaceflight and second manned space station docking for China.,N,N,N,15.0,2013-06-11,Shenzhou 10,2013-06-26,Shenzhou 10,2013,Long March 2F,Shenzhou,Jiuquan LA-4/SLS,Inner Mongolia,,China Aerospace Science and Technology Corporation,14 d 14 h 29 min,https://en.wikipedia.org/wiki/Shenzhou_10,"Shenzhou 10 was a crewed spaceflight of China's Shenzhou program that was launched on 11 June 2013. It was China's fifth crewed space mission. The mission had a crew of three astronauts: Nie Haisheng, who was mission commander and previously flew on Shenzhou 6; Zhang Xiaoguang, a former PLAAF squadron commander who conducted the rendezvous and docking; and Wang Yaping, the second Chinese female astronaut.",,,,,,
"Oleg Kotov, Sergey Ryazansky, Michael S. Hopkins",USSR/Russia,ISS,ISS crew rotation.,N,N,N,168.0,2013-09-25,Soyuz TMA-10M,2014-03-11,Soyuz TMA-10M,2013,Soyuz-FG,,Baikonur 1/5,,Pulsar,Roscosmos,166 d 6 h 26 min,https://en.wikipedia.org/wiki/Soyuz_TMA-10M,"Soyuz TMA-10M was a 2013 flight to the International Space Station. It transported three members of the Expedition 37 crew to the International Space Station. TMA-10M is the 119th flight of a Soyuz spacecraft, the first flight launching in 1967.",,,,,,
"Mikhail TYuryn, Richard A. Mastracchio, Koichi Wakata",USSR/Russia,ISS,ISS crew rotation.,N,N,N,189.0,2013-11-07,Soyuz TMA-11M,2014-05-14,Soyuz TMA-11M,2013,Soyuz-FG,Soyuz 11F732A47 No.711,Baikonur 1/5,,Vostok,Roscosmos,187 d 21 h 44 min,https://en.wikipedia.org/wiki/Soyuz_TMA-11M,"Soyuz TMA-11M was a 2013 flight to the International Space Station. It transported three members of the Expedition 38 crew to the International Space Station. TMA-11M is the 120th flight of a Soyuz spacecraft, with the first flight launching in 1967.",,,,,,
"Alexander Skvortsov, Oleg Artemyev, Steven R. Swanson",USSR/Russia,ISS,ISS crew rotation.,N,N,N,171.0,2014-03-25,Soyuz TMA-12M,2014-09-11,Soyuz TMA-12M,2014,Soyuz-FG,Soyuz 11F732A47 No.712,"Baikonur 1/5, Kazakhstan","Kazakh Steppe, Kazakhstan",Cliff,Roscosmos,169 d 5 h 6 min,https://en.wikipedia.org/wiki/Soyuz_TMA-12M,"Soyuz TMA-12M was a 2014 flight to the International Space Station. It transported three members of the Expedition 39 crew to the International Space Station. TMA-12M was the 121st flight of a Soyuz spacecraft since the first in 1967 and the 38th Soyuz mission to the ISS. After a successful launch on 25 March 2014, docking was scheduled to occur on 26 March via the relatively new six-hour duration orbital trajectory.",,,,,,
"Yury Lonchakov, E. Michael Fincke",USSR/Russia,ISS,ISS crew rotation.,N,N,N,167.0,2014-05-28,Soyuz TMA-13M,2014-11-10,Soyuz TMA-13M,2014,Soyuz-FG,Soyuz 11F732A47 No.713,Baikonur 1/5,"Kazakh Steppe, Kazakhstan",Cepheus,Roscosmos,165 d 8 h 1 min,https://en.wikipedia.org/wiki/Soyuz_TMA-13M,"Soyuz TMA-13M was a 2014 flight to the International Space Station. It transported three members of the Expedition 40 crew to the International Space Station. TMA-13M was the 122nd flight of a Soyuz spacecraft since 1967, and the 39th Soyuz mission to the ISS. The Soyuz remained docked to the space station for the Expedition 41 increment to serve as an emergency escape vehicle until its departure in November 2014.",,,,,,
"Alexander Samokutyayev, Yelena Serova, Barry E. Wilmore",USSR/Russia,ISS,ISS crew rotation.,N,N,N,169.0,2014-09-25,Soyuz TMA-14M,2015-03-12,Soyuz TMA-14M,2014,Soyuz-FG,Soyuz 11F732A47 No.714,"Baikonur 1/5, Kazakhstan","Kazakh Steppe, Kazakhstan",,Roscosmos,167 d 5 h 43 min,https://en.wikipedia.org/wiki/Soyuz_TMA-14M,"Soyuz TMA-14M was a 2014 flight to the International Space Station. It transported three members of the Expedition 41 crew to the International Space Station. TMA-14M is the 123rd flight of a Soyuz spacecraft, the first flight launching in 1967.",,,,,,
"Anton Shkaplerov, Samantha Cristoforetti, Terry W. Virts",USSR/Russia,ISS,ISS crew rotation.,N,N,N,201.0,2014-11-23,Soyuz TMA-15M,2015-06-11,Soyuz TMA-15M,2014,Soyuz-FG,Soyuz 11F732A47 No.715,Baikonur 31/6,,"Астрей (""Astraeus",Roscosmos,199 d 16 h 42 min,https://en.wikipedia.org/wiki/Soyuz_TMA-15M,"Soyuz TMA-15M was a 2014 flight to the International Space Station. It transported three members of the Expedition 42 crew to the International Space Station. TMA-15M was the 124th flight of a Soyuz spacecraft, the first flight launching in 1967.",,,,,,
"Mikhail Korniyenko, Scott J. Kelly",USSR/Russia,ISS,ISS crew rotation.,N,N,N,342.0,2015-03-27,Soyuz TMA-16M,2016-03-02,Soyuz TMA-16M,2015,Soyuz-FG,Soyuz-TMA 11F732A47 No.716,Baikonur 1/5,Kazakhstan,Altair,Roscosmos,168 d 5 h,https://en.wikipedia.org/wiki/Soyuz_TMA-16M,"Soyuz TMA-16M was a 2015 flight to the International Space Station. It transported three members of the Expedition 43 crew to the station. TMA-16M was the 125th flight of a Soyuz spacecraft, the first having launched in 1967.",,,,,,
Gennady Padalka,USSR/Russia,ISS,ISS crew rotation.,N,N,N,170.0,2015-03-27,Soyuz TMA-16M,2015-09-12,Soyuz TMA-18M,2015,Soyuz-FG,Soyuz-TMA 11F732A47 No.716,Baikonur 1/5,Kazakhstan,Altair,Roscosmos,168 d 5 h,https://en.wikipedia.org/wiki/Soyuz_TMA-16M,"Soyuz TMA-16M was a 2015 flight to the International Space Station. It transported three members of the Expedition 43 crew to the station. TMA-16M was the 125th flight of a Soyuz spacecraft, the first having launched in 1967.",,,,,,
"Oleg Kononenko, Kimiya Yui, Kjell N. Lindgren",USSR/Russia,ISS,ISS crew rotation.,N,N,N,143.0,2015-07-22,Soyuz TMA-17M,2015-12-11,Soyuz TMA-17M,2015,Soyuz-FG,Soyuz-TMA 11F732A47 No.717,Baikonur 1/5,Kazakhstan,,Roscosmos,141 d 16 h,https://en.wikipedia.org/wiki/Soyuz_TMA-17M,Soyuz TMA-17M was a 2015 flight to the International Space Station. It transported three members of the Expedition 44 crew to the International Space Station. TMA-17M was the 126th flight of a Soyuz spacecraft; the first having occurred in 1967.,,,,,,
Sergey Volkov,USSR/Russia,ISS,ISS crew rotation.,N,N,N,183.0,2015-09-02,Soyuz TMA-18M,2016-03-02,Soyuz TMA-18M,2015,Soyuz-FG,Soyuz-TMA 11F747 No.718,,,Eridan,Roskosmos,181 d 23 h,https://en.wikipedia.org/wiki/Soyuz_TMA-18M,Soyuz TMA-18M was a 2015 Soyuz spaceflight to the International Space Station. It provided the two twelve-months occupants at the International Space Station with a fresh Soyuz capsule. TMA-18M was the 127th flight of a Soyuz spacecraft; the first having occurred in 1967.,,,,,,
"Andreas Mogensen, Aidyn Aimbetov",USSR/Russia,ISS,ISS crew rotation.,N,N,N,10.0,2015-09-02,Soyuz TMA-18M,2015-09-12,Soyuz TMA-16M,2015,Soyuz-FG,Soyuz-TMA 11F747 No.718,,,Eridan,Roskosmos,181 d 23 h,https://en.wikipedia.org/wiki/Soyuz_TMA-18M,Soyuz TMA-18M was a 2015 Soyuz spaceflight to the International Space Station. It provided the two twelve-months occupants at the International Space Station with a fresh Soyuz capsule. TMA-18M was the 127th flight of a Soyuz spacecraft; the first having occurred in 1967.,,,,,,
"Fyodor Yurchikhin, Shannon Walker, Douglas H. Wheelock",USSR/Russia,ISS,ISS crew rotation.,N,N,N,187.0,2015-12-15,Soyuz TMA-19M,2016-06-18,Soyuz TMA-19M,2015,Soyuz-FG,Soyuz-TMA-M 11F747 No.719,Baikonur 1/5,Kazakhstan,Agate,Roskosmos,185 d 22 h 11 min,https://en.wikipedia.org/wiki/Soyuz_TMA-19M,"Soyuz TMA-19M was a 2015 Russian Soyuz spaceflight to the International Space Station. It was launched on December 15, 2015 from Baikonur Cosmodrome, transporting three members of the Expedition 46 crew to the International Space Station. TMA-19M was the 128th flight of a Soyuz spacecraft since the first in 1967.",,,,,,
"Alexey Ovchinin, Oleg Skripochka, Jeffrey Williams",USSR/Russia,ISS,ISS crew rotation.,N,N,N,174.0,2016-03-18,Soyuz TMA-20M,2016-09-07,Soyuz TMA-20M,2016,Soyuz-FG,Soyuz-TMA-M 11F747 No.720,Baikonur 1/5,Kazakhstan,Burlak,Roscosmos,172 d 3 h 47 min,https://en.wikipedia.org/wiki/Soyuz_TMA-20M,"Soyuz TMA-20M was a 2016 Russian Soyuz spaceflight to the International Space Station. It transported three members of the Expedition 47 crew to the ISS. TMA-20M was the 129th flight of a Soyuz spacecraft. The crew consisted of a Russian commander and flight engineer, as well as an American flight engineer.",,,,,,
"Anatoly Ivanishin, Takuya Onishi, Kathleen Rubins",USSR/Russia,ISS,ISS crew rotation.,N,N,N,116.0,2016-07-07,Soyuz MS-01,2016-10-30,Soyuz MS-01,2016,Soyuz-FG,Soyuz MS,"Baikonur, Site 1/5",Steppe of Kazakhstan,Irkut,Roscosmos,115 d 2 h 22 min,https://en.wikipedia.org/wiki/Soyuz_MS-01,"Soyuz MS-01 was a 2016 Soyuz spaceflight to the International Space Station. Originally scheduled for launch in June 2016, the mission successfully lifted off from Kazakhstan on 7 July 2016. It transported three members of the Expedition 48 crew to the International Space Station.",,,,,,
"Jing Haipeng, Chen Dong",China,Tiangong 2,Testbed mission for the Chinese to gain experience from an extended stay on a space laboratory and test its life-support systems.,N,N,N,33.0,2016-10-16,Shenzhou 11,2016-11-18,Shenzhou 11,2016,Long March 2F/G (Y11),Shenzhou,"Jiuquan, LA-4/SLS-1",Inner Mongolia,,China Manned Space Agency,32 d 6 h,https://en.wikipedia.org/wiki/Shenzhou_11,"Shenzhou 11 was a crewed spaceflight of the Shenzhou program of China, launched on 17 October 2016 from the Jiuquan Satellite Launch Center. It was China's sixth crewed space mission, at 33 days, it was the longest until the follow-up Shenzhou 12 mission which lasted 3 months. Two days after launch, it docked with the Tiangong-2 space laboratory, which had been launched on 15 September 2016.",,,,,,
"Sergey Ryzhikov, Andrey Borisenko, Robert S. Kimbrough",USSR/Russia,ISS,ISS crew rotation.,N,N,N,174.0,2016-10-19,Soyuz MS-02,2017-04-10,Soyuz MS-02,2016,Soyuz-FG,Soyuz MS,"Baikonur, Site 31",Steppes of the Kazakhstan,Favor,Roscosmos,173 d 3 h 16 min,https://en.wikipedia.org/wiki/Soyuz_MS-02,"Soyuz MS-02 was a 2016 Soyuz spaceflight that was planned for a 23 September 2016 launch, but because of technical difficulties it launched on 19 October 2016. It transported three members of the Expedition 49 crew to orbit and docked with the International Space Station. Soyuz MS-02 was the 131st flight of a Soyuz spacecraft.",,,,,,
Peggy Whitson,USSR/Russia,ISS,ISS crew rotation.,N,N,N,291.0,2016-11-17,Soyuz MS-03,2017-09-03,Soyuz MS-03,2016,Soyuz-FG,Soyuz MS,"Baikonur, Site 1",Steppes of the Kazakhstan,Kazbek,Roscosmos,196 d 17 h 49 min,https://en.wikipedia.org/wiki/Soyuz_MS-03,Soyuz MS-03 was a Soyuz spaceflight launched on 17 November 2016. It transported three members of the Expedition 50 crew to the International Space Station. MS-03 was the 132nd flight of a Soyuz spacecraft.,,,,,,
"Oleg Novitskiy, Thomas Pesquet",USSR/Russia,ISS,ISS crew rotation.,N,N,N,198.0,2016-11-17,Soyuz MS-03,2017-06-02,Soyuz MS-04,2016,Soyuz-FG,Soyuz MS,"Baikonur, Site 1",Steppes of the Kazakhstan,Kazbek,Roscosmos,196 d 17 h 49 min,https://en.wikipedia.org/wiki/Soyuz_MS-03,Soyuz MS-03 was a Soyuz spaceflight launched on 17 November 2016. It transported three members of the Expedition 50 crew to the International Space Station. MS-03 was the 132nd flight of a Soyuz spacecraft.,,,,,,
"Fyodor Yurchikhin, Jack D. Fischer",USSR/Russia,ISS,ISS crew rotation.,N,N,N,137.0,2017-04-20,Soyuz MS-04,2017-09-03,Soyuz MS-04,2017,Soyuz-FG,Soyuz MS,"Baikonur, Site 1",Steppes of the Kazakhstan,Olimp (Olympus,Roscosmos,135 d 18 h 08 min,https://en.wikipedia.org/wiki/Soyuz_MS-04,Soyuz MS-04 was a Soyuz spaceflight that launched on 20 April 2017 to the ISS. It transported two members of the Expedition 52 crew to the International Space Station. Soyuz MS-04 was the 133rd flight of a Soyuz spacecraft. The crew consisted of a Russian commander and an American flight engineer.,,,,,,
"Sergey Ryazansky, Paolo Nespoli, Randolph J. Bresnik",USSR/Russia,ISS,ISS crew rotation.,N,N,N,140.0,2017-07-28,Soyuz MS-05,2017-12-14,Soyuz MS-05,2017,Soyuz-FG,Soyuz MS,"Baikonur, Pad 1/5",Steppes of the Kazakhstan,Borei (Boreas,Roscosmos,139 d 4 h 57 min,https://en.wikipedia.org/wiki/Soyuz_MS-05,Soyuz MS-05 was a Soyuz spaceflight which launched on 28 July 2017. It transported three members of the Expedition 52 crew to the International Space Station. Soyuz MS-05 was the 134th flight of a Soyuz spacecraft.,,,,,,
"Alexander Misurkin, Mark T. Vande Hei, Joseph M. Acaba",USSR/Russia,ISS,ISS crew rotation.,N,N,N,169.0,2017-09-12,Soyuz MS-06,2018-02-28,Soyuz MS-06,2017,Soyuz-FG,Soyuz MS,"Baikonur, Site 1/5",Steppes of Kazakhstan,,Roscosmos,168 d 5 h 13 min,https://en.wikipedia.org/wiki/Soyuz_MS-06,Soyuz MS-06 was a Soyuz spaceflight which launched on 13 September 2017. It transported three members of the Expedition 53 crew to the International Space Station. Soyuz MS-06 was the 135th flight of a Soyuz spacecraft.,,,,,,
"Anton Shkaplerov, Scott D. Tingle, Norishige Kanai",USSR/Russia,ISS,ISS crew rotation.,N,N,N,168.0,2017-12-17,Soyuz MS-07,2018-06-03,Soyuz MS-07,2017,Soyuz-FG,Soyuz MS,"Baikonur, Site 1/5",Steppes of the Kazakhstan,Astraeus,Roscosmos,168 d 5 h 18 min,https://en.wikipedia.org/wiki/Soyuz_MS-07,"Soyuz MS-07 was a Soyuz spaceflight launched on 17 December 2017 at 07:21 UTC. It transported three members of the Expedition 54 crew to the International Space Station. Soyuz MS-07 was the 136th flight of a Soyuz spacecraft. The crew consisted of a Russian commander, Japanese doctor, and an American flight engineer.",,,,,,
"Andrew J. Feustel, Oleg Artemyev, Richard R. Arnold",USSR/Russia,ISS,Soyuz MS-08 was a Soyuz spaceflight that launched on 21 March 2018. It transported three members of the Expedition 55 crew to the International Space Station.,N,N,N,197.0,2018-03-21,Soyuz MS-08,2018-10-04,Soyuz MS-08,2018,Soyuz-FG,Soyuz-MS 11F747,Baikonur Pad 1/5,Kazakhstan,Hawaii,Roscosmos,196 d 18 h 1 min,https://en.wikipedia.org/wiki/Soyuz_MS-08,Soyuz MS-08 was a Soyuz spaceflight that launched on 21 March 2018. It transported three members of the Expedition 55 crew to the International Space Station. MS-08 was the 137th flight of a Soyuz spacecraft.,,,,,,
"Alexander Gerst, Serena M. Aunon, Sergey Prokopyev",USSR/Russia,ISS,Soyuz MS-09 was a Soyuz spaceflight that launched on 6 June 2018. It transported three members of the Expedition 56/57 crew to the International Space Station (ISS).,N,N,N,197.0,2018-06-06,Soyuz MS-09,2018-12-20,Soyuz MS-09,2018,Soyuz-FG,Soyuz MS No. 739,"Baikonur, Pad 1/5",Kazakh Steppe,Altai,Roscosmos,196 d 17 h,https://en.wikipedia.org/wiki/Soyuz_MS-09,Soyuz MS-09 was a Soyuz spaceflight that launched on 6 June 2018. It transported three members of the Expedition 56/57 crew to the International Space Station. MS-09 is the 138th flight of a Soyuz spacecraft.,,,,,,
"Alexey Ovchinin, Nick Hague",USSR/Russia,ISS,Launch abort: booster failure two minutes after lift-off; the crew landed safely after a ballistic descent.,N,N,Y,0.0,2018-10-11,Soyuz MS-10,2018-10-11,Soyuz MS-10,2018,Soyuz-FG (U15000-064),Soyuz MS No. 740,"Baikonur, Pad 1/5","east of Jezkazgan, Kazakhstan",Burlak,Roscosmos,180 d 19 min,https://en.wikipedia.org/wiki/Soyuz_MS-10,Soyuz MS-10 was a crewed Soyuz MS spaceflight that aborted shortly after launch on 11 October 2018 due to a failure of the Soyuz-FG launch vehicle boosters. MS-10 was the 139th flight of a Soyuz spacecraft. It was intended to transport two members of the Expedition 57 crew to the International Space Station.,,,,,,
"Anne McClain, David Saint-Jacques, Oleg Kononenko",USSR/Russia,ISS,"Soyuz MS-11 was a Soyuz spaceflight that launched on 3 December 2018, marking the 100th orbital launch of the year. Originally scheduled for 20 December, the launch date was advanced to 3 December following the failure of Soyuz MS-10.",N,N,N,204.0,2018-12-03,Soyuz MS-11,2019-06-25,Soyuz MS-11,2018,Soyuz-FG,Soyuz-MS 11F747 No. 741,"Baikonur, Site 1/5",148 km SE of Dzheskasgan,Antares,Roscosmos,203 d 15 h 15 min,https://en.wikipedia.org/wiki/Soyuz_MS-11,"Soyuz MS-11 was a Soyuz spaceflight that launched on 3 December 2018, marking the 100th orbital launch of the year. Originally scheduled for 20 December, the launch date was advanced to 3 December following the failure of Soyuz MS-10. MS-11 was the 140th flight of a Soyuz spacecraft and carried the three members of the Expedition 58 crew to the International Space Station.",,,,,,
"Alexey Ovchinin, Nick Hague",USSR/Russia,ISS,"Soyuz MS-12 was a Soyuz spaceflight that launched on 14 March 2019, carrying three members of the Expedition 59 crew to the International Space Station. The mission ended on 3 October 2019 when Soyuz-MS-12 successfully landed.",N,N,N,203.0,2019-03-14,Soyuz MS-12,2019-10-03,Soyuz MS-12,2019,Soyuz-FG,Soyuz Spacecraft,"Baikonur, Pad 1/5","47°24'04.44""N, 69°34'14.1""E",Burlak,Roscosmos,202 d 15 h,https://en.wikipedia.org/wiki/Soyuz_MS-12,"Soyuz MS-12 was a Soyuz spaceflight that launched on 14 March 2019, carrying three members of the Expedition 59 crew to the International Space Station. The mission ended on 3 October 2019 when Soyuz-MS-12 successfully landed.",,,,,,
Christina Koch,USSR/Russia,ISS,"Soyuz MS-12 was a Soyuz spaceflight that launched on 14 March 2019, carrying three members of the Expedition 59 crew to the International Space Station. The mission ended on 3 October 2019 when Soyuz-MS-12 successfully landed.",N,N,N,329.0,2019-03-14,Soyuz MS-12,2020-02-06,Soyuz MS-13,2019,Soyuz-FG,Soyuz Spacecraft,"Baikonur, Pad 1/5","47°24'04.44""N, 69°34'14.1""E",Burlak,Roscosmos,202 d 15 h,https://en.wikipedia.org/wiki/Soyuz_MS-12,"Soyuz MS-12 was a Soyuz spaceflight that launched on 14 March 2019, carrying three members of the Expedition 59 crew to the International Space Station. The mission ended on 3 October 2019 when Soyuz-MS-12 successfully landed.",,,,,,
"Alexander Skvortsov, Luca Parmitano",USSR/Russia,ISS,"Soyuz MS-13, also designated ISS flight 59S, was a crewed Soyuz mission launched on 20 July 2019 – the 50th anniversary of the first Moon landing –  carrying three members of the Expedition 60 crew to the International Space Station: a Russian commander, an American flight engineer, and a European flight engineer. Soyuz MS-13 was the 142nd flight of a Soyuz spacecraft.",N,N,N,201.0,2019-07-20,Soyuz MS-13,2020-02-06,Soyuz MS-13,2019,Soyuz-FG,Soyuz-MS,"Baikonur, Site 1/5",Steppes of Kazakhstan.,Cliff,Roscosmos,200 d 16 h,https://en.wikipedia.org/wiki/Soyuz_MS-13,"Soyuz MS-13, also designated ISS flight 59S, was a crewed Soyuz mission launched on 20 July 2019 – the 50th anniversary of the first Moon landing – carrying three members of the Expedition 60 crew to the International Space Station: a Russian commander, an American flight engineer, and a European flight engineer. Soyuz MS-13 was the 142nd flight of a Soyuz spacecraft. It was at one point the last Soyuz flight contracted by NASA in the expectation that subsequent astronaut transport would be provided by the Commercial Crew Program, but in early 2019, NASA sought to purchase two additional Soyuz seats to provide greater certainty given delays in that program.",,,,,,
Andrew R. Morgan,USSR/Russia,ISS,"Soyuz MS-13, also designated ISS flight 59S, was a crewed Soyuz mission launched on 20 July 2019 – the 50th anniversary of the first Moon landing –  carrying three members of the Expedition 60 crew to the International Space Station: a Russian commander, an American flight engineer, and a European flight engineer. Soyuz MS-13 was the 142nd flight of a Soyuz spacecraft.",N,N,N,272.0,2019-07-20,Soyuz MS-13,2020-04-17,Soyuz MS-15,2019,Soyuz-FG,Soyuz-MS,"Baikonur, Site 1/5",Steppes of Kazakhstan.,Cliff,Roscosmos,200 d 16 h,https://en.wikipedia.org/wiki/Soyuz_MS-13,"Soyuz MS-13, also designated ISS flight 59S, was a crewed Soyuz mission launched on 20 July 2019 – the 50th anniversary of the first Moon landing – carrying three members of the Expedition 60 crew to the International Space Station: a Russian commander, an American flight engineer, and a European flight engineer. Soyuz MS-13 was the 142nd flight of a Soyuz spacecraft. It was at one point the last Soyuz flight contracted by NASA in the expectation that subsequent astronaut transport would be provided by the Commercial Crew Program, but in early 2019, NASA sought to purchase two additional Soyuz seats to provide greater certainty given delays in that program.",,,,,,
Hazza Al Mansouri,USSR/Russia,ISS,"Soyuz MS-15 was a Soyuz spaceflight launched on 25 September 2019, transporting two members of the Expedition 61 crew and a short duration visiting crew member to the International Space Station. Soyuz MS-15 was the 143rd flight of a Soyuz spacecraft with a crew.",N,N,N,8.0,2019-09-25,Soyuz MS-15,2019-10-03,Soyuz MS-12,2019,Soyuz-FG No. Ya15000-071,Soyuz-MS No. 744,"Baikonur, Site 1/5",Steppe of Kazakhstan near the town of Dzhezkazgan,Sarmat,Roscosmos,204 d 15 h,https://en.wikipedia.org/wiki/Soyuz_MS-15,"Soyuz MS-15 was a Soyuz spaceflight launched on 25 September 2019, transporting two members of the Expedition 61 crew and a short duration visiting crew member to the International Space Station. Soyuz MS-15 was the 143rd flight of a Soyuz spacecraft with a crew. It was the last flight of Soyuz-FG launcher before its replacement by the Soyuz-2 in the crewed spaceflight role, and also the final launch from Site 1/5.",,,,,,
"Jessica Meir, Oleg Skripochka",USSR/Russia,ISS,"Soyuz MS-15 was a Soyuz spaceflight launched on 25 September 2019, transporting two members of the Expedition 61 crew and a short duration visiting crew member to the International Space Station. Soyuz MS-15 was the 143rd flight of a Soyuz spacecraft with a crew.",N,N,N,205.0,2019-09-25,Soyuz MS-15,2020-04-17,Soyuz MS-15,2019,Soyuz-FG No. Ya15000-071,Soyuz-MS No. 744,"Baikonur, Site 1/5",Steppe of Kazakhstan near the town of Dzhezkazgan,Sarmat,Roscosmos,204 d 15 h,https://en.wikipedia.org/wiki/Soyuz_MS-15,"Soyuz MS-15 was a Soyuz spaceflight launched on 25 September 2019, transporting two members of the Expedition 61 crew and a short duration visiting crew member to the International Space Station. Soyuz MS-15 was the 143rd flight of a Soyuz spacecraft with a crew. It was the last flight of Soyuz-FG launcher before its replacement by the Soyuz-2 in the crewed spaceflight role, and also the final launch from Site 1/5.",,,,,,
"Anatoly Ivanishin, Christopher J. Cassidy, Ivan Vagner",USSR/Russia,ISS,"Soyuz MS-16 was a Soyuz spaceflight launched on 9 April 2020, which transported three members of the Expedition 62/63 crew to the International Space Station. This flight was the first crewed launch using the Soyuz 2.1a launch vehicle, and the first crewed Russian mission not to launch from Gagarin's Start since Soyuz MS-02 in 2016.",N,N,N,196.0,2020-04-09,Soyuz MS-16,2020-10-22,Soyuz MS-16,2020,Soyuz-2.1a No. B15000-042,Soyuz MS-16 No. 745,"Baikonur, Site 31/6","Kazakh Steppe, southeast of Zhezkazgan",Irkut,Roscosmos,195 d 18 h,https://en.wikipedia.org/wiki/Soyuz_MS-16,"Soyuz MS-16 was a Soyuz spaceflight launched on 9 April 2020, which transported three members of the Expedition 62/63 crew to the International Space Station. This flight was the first crewed launch using the Soyuz 2.1a launch vehicle, and the first crewed Russian mission not to launch from Gagarin's Start since Soyuz MS-02 in 2016.",,,,,,
"Douglas G. Hurley, Robert L. Behnken",USA,ISS,"Crew Dragon Demo-2 (officially Crew Demo-2, SpaceX Demo-2, or Demonstration Mission-2) was the first crewed test flight of the Crew Dragon spacecraft. The spacecraft, named Endeavour, launched on May 30, 2020 on a Falcon 9 rocket, and carried NASA astronauts Doug Hurley and Bob Behnken to the International Space Station in the first crewed orbital spaceflight launched from the United States since ",N,N,N,64.0,2020-05-30,Crew Dragon Demo-2,2020-08-02,Crew Dragon Demo-2,2020,Falcon 9 Block 5 B1058-1,,"Kennedy, LC-39A","Gulf of Mexico, near Gulf Shores, Alabama",,SpaceX,63 d 23 h,https://en.wikipedia.org/wiki/Crew_Dragon_Demo-2,"Crew Dragon Demo-2 was the first crewed test flight of the Crew Dragon spacecraft. The spacecraft, named Endeavour, launched on May 30, 2020 on a Falcon 9 rocket, and carried NASA astronauts Doug Hurley and Bob Behnken to the International Space Station in the first crewed orbital spaceflight launched from the United States since the final Space Shuttle mission in 2011, and the first ever operated by a commercial provider. Demo-2 was also the first two-person orbital spaceflight launched from the United States since STS-4 in 1982.",,,,,,
"Kathleen Rubins, Sergey Kud-Sverchkov, Sergey Ryzhikov",USSR/Russia,ISS,Soyuz MS-17 was a Soyuz spaceflight that was launched on 14 October 2020. It transported three crew members of the Expedition 63/64 crew to the International Space Station.,N,N,N,185.0,2020-10-14,Soyuz MS-17,2021-04-17,Soyuz MS-17,2020,Soyuz-2.1a No. Х15000-045,Soyuz MS-17 No. 747,"Baikonur, Site 31/6","Kazakh Steppe, southeast of Jezkazgan",Фавор (Favor,Roscosmos,184 d 23 h,https://en.wikipedia.org/wiki/Soyuz_MS-17,Soyuz MS-17 was a Soyuz spaceflight that was launched on 14 October 2020. It transported three crew members of the Expedition 63/64 crew to the International Space Station. Soyuz MS-17 was the 145th crewed flight of a Soyuz spacecraft.,,,,,,
"Michael S. Hopkins, Shannon Walker, Soichi Noguchi, Victor Glover",USA,ISS,SpaceX Crew-1 (also known as USCV-1 or simply Crew-1) was the first operational crewed flight of a Crew Dragon spacecraft and the maiden flight of the Crew Dragon Resilience spacecraft. It was also the second crewed orbital flight launch by the United States since that of STS-135 in July 2011.,N,N,N,167.0,2020-11-16,SpaceX Crew-1,2021-05-02,SpaceX Crew-1,2020,Falcon 9 Block 5 B1061-1,,"Kennedy, LC39A","Gulf of Mexico, near Panama City, Florida",,SpaceX,167 d 6 h,https://en.wikipedia.org/wiki/SpaceX_Crew-1,"SpaceX Crew-1 was the first operational crewed flight of a Crew Dragon spacecraft and the maiden flight of the Crew Dragon Resilience spacecraft. It was also the second crewed orbital flight launch by the United States since that of STS-135 in July 2011. Resilience launched on November 16, 2020, at 00:27:17 UTC on a Falcon 9 from Kennedy Space Center Launch Complex 39A, carrying NASA astronauts Mike Hopkins, Victor Glover and Shannon Walker, along with JAXA astronaut Soichi Noguchi, all members of the Expedition 64 crew.",,,,,,
Oleg Novitskiy,USSR/Russia,ISS,"Soyuz MS-18 (spacecraft named ""Y. A.",N,N,N,191.0,2021-04-09,Soyuz MS-18,2021-10-17,Soyuz MS-18,2021,Soyuz-2.1a,Soyuz MS no. 748 Y. A. Gagarin,"Baikonur Cosmodrome, Site 31","Kazakh Steppe, Kazakhstan",Kazbek,Roscosmos,190 d 20 h,https://en.wikipedia.org/wiki/Soyuz_MS-18,"Soyuz MS-18 was a Soyuz spaceflight that was launched on 9 April 2021 at 07:42:41 UTC. It transported three members of the Expedition 64 crew to the International Space Station. Soyuz MS-18 was the 146th crewed flight of a Soyuz spacecraft. The launching crew consisted of a Russian commander, a Russian flight engineer, and an American flight engineer of NASA. The spacecraft returned to Earth on 17 October 2021 following 191 days in space.",,,,,,
"Mark T. Vande Hei, Pyotr Dubrov",USSR/Russia,ISS,"Soyuz MS-18 (spacecraft named ""Y. A.",N,N,N,355.0,2021-04-09,Soyuz MS-18,2022-03-30,Soyuz MS-19,2021,Soyuz-2.1a,Soyuz MS no. 748 Y. A. Gagarin,"Baikonur Cosmodrome, Site 31","Kazakh Steppe, Kazakhstan",Kazbek,Roscosmos,190 d 20 h,https://en.wikipedia.org/wiki/Soyuz_MS-18,"Soyuz MS-18 was a Soyuz spaceflight that was launched on 9 April 2021 at 07:42:41 UTC. It transported three members of the Expedition 64 crew to the International Space Station. Soyuz MS-18 was the 146th crewed flight of a Soyuz spacecraft. The launching crew consisted of a Russian commander, a Russian flight engineer, and an American flight engineer of NASA. The spacecraft returned to Earth on 17 October 2021 following 191 days in space.",,,,,,
"Akihiko Hoshide, K. Megan McArthur, Robert S. Kimbrough, Thomas Pesquet",USA,ISS,"SpaceX Crew-2 was the second operational flight of a Crew Dragon spacecraft, and the third overall crewed orbital flight of the Commercial Crew Program. The mission was launched on April 23, 2021, at 09:49:02 UTC, and docked to the International Space Station on April 24 at 09:08 UTC.",N,N,N,200.0,2021-04-23,SpaceX Crew-2,2021-11-09,SpaceX Crew-2,2021,Falcon 9 Block 5 B1061-2,,"Kennedy, LC39A","Gulf of Mexico, near Pensacola, Florida",,SpaceX,199 d 17 h,https://en.wikipedia.org/wiki/SpaceX_Crew-2,"SpaceX Crew-2 was the second operational flight of a Crew Dragon spacecraft, and the third overall crewed orbital flight of the Commercial Crew Program. The mission was launched on April 23, 2021, at 09:49:02 UTC, and docked to the International Space Station on April 24 at 09:08 UTC. SpaceX Crew-2 used the same capsule as Crew Dragon Demo-2 and launched on the same Falcon 9 booster as SpaceX Crew-1. With its return to Earth the evening of November 9, 2021, the mission set a record for the longest spaceflight by a U.S. crewed spacecraft with a mission duration of 199 days before being surpassed by SpaceX Crew-8 with a mission duration of 235 days respectively.",,,,,,
"Liu Boming, Nie Haisheng, Tang Hongbo",China,Tiangong,"Shenzhou 12 (Chinese: 神舟十二号; pinyin: Shénzhōu shí'èr hào; lit. 'Divine Boat Number 12') was a Chinese spaceflight to the Tiangong space station, launched on 17 June 2021. It carried three People's Liberation Army Astronaut Corps (PLAAC) taikonauts on board a Shenzhou spacecraft.",N,N,N,92.0,2021-06-17,Shenzhou 12,2021-09-17,Shenzhou 12,2021,Long March 2F/G (Y12),Shenzhou,"Jiuquan, LA-4/SLS-1",Inner Mongolia,,China Manned Space Agency,92 d 4 h,https://en.wikipedia.org/wiki/Shenzhou_12,"Shenzhou 12 was a Chinese spaceflight to the Tiangong space station, launched on 17 June 2021. It carried three People's Liberation Army Astronaut Corps taikonauts on board a Shenzhou spacecraft.",,,,,,
"Christopher Sembroski, Hayley Arceneaux, Jared Isaacman, Sian Proctor",USA,,"Inspiration4 (stylized as Inspirati④n) was a 2021 human spaceflight operated by SpaceX on behalf of Shift4 Payments CEO Jared Isaacman. The mission launched the Crew Dragon Resilience on September 16, 2021, at 00:02:56 UTC from Kennedy Space Center's Launch Complex 39A atop a Falcon 9 launch vehicle.",N,N,N,2.0,2021-09-16,Inspiration4,2021-09-18,Inspiration4,2021,Falcon 9 Block 5 B1062-3,,"Kennedy, LC39A","Atlantic Ocean, near Cape Canaveral, Florida",,SpaceX,2 d 23 h,https://en.wikipedia.org/wiki/Inspiration4,"Inspiration4 was a 2021 human spaceflight operated by SpaceX on behalf of Shift4 Payments CEO Jared Isaacman. The mission launched the Crew Dragon Resilience on September 16, 2021, at 00:02:56 UTC from Kennedy Space Center's Launch Complex 39A atop a Falcon 9 launch vehicle. It placed the Dragon capsule into a low Earth orbit.",,,,,,
"Klim Shipenko, Yulia Peresild",USSR/Russia,ISS,"Soyuz MS-19 was a Soyuz spaceflight which launched on 5 October 2021, at 08:55:02 UTC. It was the 147th flight of a crewed Soyuz spacecraft.",N,N,N,12.0,2021-10-05,Soyuz MS-19,2021-10-17,Soyuz MS-18,2021,Soyuz-2.1a,Soyuz MS-19 No. 749 Astraeus,"Baikonur, Site 31",147 km southeast of Zhezkazgan,,Roscosmos,176 d 2 h,https://en.wikipedia.org/wiki/Soyuz_MS-19,"Soyuz MS-19 was a Soyuz spaceflight which launched on 5 October 2021, at 08:55:02 UTC. It was the 147th flight of a crewed Soyuz spacecraft. The launching crew consisted of Russian commander Anton Shkaplerov, Russian film director Klim Shipenko and Russian actress Yulia Peresild. Shipenko and Peresild spent about twelve days on the International Space Station before returning to Earth aboard Soyuz MS-18, while filming a movie in space, The Challenge.",,,,,,
Anton Shkaplerov,USSR/Russia,ISS,"Soyuz MS-19 was a Soyuz spaceflight which launched on 5 October 2021, at 08:55:02 UTC. It was the 147th flight of a crewed Soyuz spacecraft.",N,N,N,176.0,2021-10-05,Soyuz MS-19,2022-03-30,Soyuz MS-19,2021,Soyuz-2.1a,Soyuz MS-19 No. 749 Astraeus,"Baikonur, Site 31",147 km southeast of Zhezkazgan,,Roscosmos,176 d 2 h,https://en.wikipedia.org/wiki/Soyuz_MS-19,"Soyuz MS-19 was a Soyuz spaceflight which launched on 5 October 2021, at 08:55:02 UTC. It was the 147th flight of a crewed Soyuz spacecraft. The launching crew consisted of Russian commander Anton Shkaplerov, Russian film director Klim Shipenko and Russian actress Yulia Peresild. Shipenko and Peresild spent about twelve days on the International Space Station before returning to Earth aboard Soyuz MS-18, while filming a movie in space, The Challenge.",,,,,,
"Wang Yaping, Ye Guangfu, Zhai Zhigang",China,Tiangong,"Shenzhou 13 (Chinese: 神舟十三号; pinyin: Shénzhōu Shísān-hào; lit. 'Divine Boat Number 13') was a Chinese spaceflight to the Tiangong space station, launched on 16 October 2021. It carried three People's Liberation Army Astronaut Corps (PLAAC) taikonauts on board a Shenzhou spacecraft.",N,N,N,183.0,2021-10-15,Shenzhou 13,2022-04-16,Shenzhou 13,2021,Long March 2F/G (Y13),Shenzhou,"Jiuquan, LA-4/SLS",Inner Mongolia,,China Manned Space Agency,182 d 9 h,https://en.wikipedia.org/wiki/Shenzhou_13,"Shenzhou 13 was a Chinese spaceflight to the Tiangong space station, launched on 16 October 2021. It carried three People's Liberation Army Astronaut Corps taikonauts on board a Shenzhou spacecraft.",,,,,,
"Kayla Barron, Matthias Maurer, Raja Chari, Thomas H. Marshburn",USA,ISS,"SpaceX Crew-3 was the Crew Dragon's third NASA Commercial Crew operational flight, and its fifth overall crewed orbital flight. The mission successfully launched on November 11, 2021, at 02:03:31 UTC to the International Space Station.",N,N,N,176.0,2021-11-11,SpaceX Crew-3,2022-05-06,SpaceX Crew-3,2021,Falcon 9 Block 5 B1067-2,,"Kennedy, LC39A","Gulf of Mexico, near Clearwater, Florida",,SpaceX,176 d 2 h,https://en.wikipedia.org/wiki/SpaceX_Crew-3,"SpaceX Crew-3 was the Crew Dragon's third NASA Commercial Crew operational flight, and its fifth overall crewed orbital flight. The mission successfully launched on November 11, 2021, at 02:03:31 UTC to the International Space Station. It was the maiden flight of Crew Dragon Endurance.",,,,,,
"Alexander Misurkin, Yozo Hirano, Yusaku Maezawa",USSR/Russia,ISS,"Soyuz MS-20 was a Russian Soyuz spaceflight to the International Space Station (ISS) on 8–20 December 2021. Unlike previous Soyuz flights to the ISS, Soyuz MS-20 did not deliver any crew members for an ISS Expedition or serve as a lifeboat for any crew members on board the station.",N,N,N,12.0,2021-12-08,Soyuz MS-20,2021-12-20,Soyuz MS-20,2021,Soyuz-2.1a,Soyuz MS No. 752,"Baikonur, Site 31/6","Kazakh Steppe, Kazakhstan",Altair,Roscosmos,11 d 19 h,https://en.wikipedia.org/wiki/Soyuz_MS-20,"Soyuz MS-20 was a Russian Soyuz spaceflight to the International Space Station on 8–20 December 2021. Unlike previous Soyuz flights to the ISS, Soyuz MS-20 did not deliver any crew members for an ISS Expedition or serve as a lifeboat for any crew members on board the station. Instead, it was commanded by a single professional cosmonaut.",,,,,,
"Denis Matveev, Oleg Artemyev, Sergey Korsakov",USSR/Russia,ISS,"Soyuz MS-21 was a Russian Soyuz spaceflight to the International Space Station (ISS) with a crew of three launched from Baikonur on 18 March 2022. The launch was previously planned for 30 March 2022, but in the provisional flight manifest prepared by Roscosmos by the end of summer 2020, the launch of Soyuz MS-21 was advanced to 18 March 2022.",N,N,N,195.0,2022-03-18,Soyuz MS-21,2022-09-29,Soyuz MS-21,2022,Soyuz 2.1a,Soyuz MS-21 No. 750 Korolyov,"Baikonur, Site 31/6",Kazakh Steppe,Don,Roscosmos,194 d 19 h,https://en.wikipedia.org/wiki/Soyuz_MS-21,"Soyuz MS-21 was a Russian Soyuz spaceflight to the International Space Station with a crew of three launched from Baikonur on 18 March 2022. The launch was previously planned for 30 March 2022, but in the provisional flight manifest prepared by Roscosmos by the end of summer 2020, the launch of Soyuz MS-21 was advanced to 18 March 2022. It was the first mission to the ISS with three Roscosmos cosmonauts.",,,,,,
"Eytan Stibbe, Larry Connor, Mark Pathy, Michael E. Lopez-Alegria",USA,ISS,"Axiom Mission 1 (or Ax-1) was a privately funded and operated crewed mission to the International Space Station (ISS). The mission was operated by Axiom Space out of Axiom's Mission Control Center MCC-A in Houston, Texas.",N,N,N,17.0,2022-04-08,Axiom Mission 1,2022-04-25,Axiom Mission 1,2022,Falcon 9 Block 5 B1062-5,,"Kennedy, LC39A",Atlantic Ocean,,Axiom Space,17 d 1 h,https://en.wikipedia.org/wiki/Axiom_Mission_1,"Axiom Mission 1 was a privately funded and operated crewed mission to the International Space Station. The mission was operated by Axiom Space out of Axiom's Mission Control Center MCC-A in Houston, Texas. The flight launched on April 8, 2022, from Kennedy Space Center in Florida.",,,,,,
"Jessica Watkins, Kjell N. Lindgren, Robert Hines, Samantha Cristoforetti",USA,ISS,"SpaceX Crew-4 was the Crew Dragon's fourth NASA Commercial Crew operational flight, and its seventh overall crewed orbital flight. The mission launched on April 27, 2022, at 07:52 UTC before docking with the International Space Station (ISS) at 23:37 UTC.",N,N,N,170.0,2022-04-27,SpaceX Crew-4,2022-10-14,SpaceX Crew-4,2022,Falcon 9 Block 5 B1067-4,,"Kennedy, LC39A","Atlantic Ocean, near Jacksonville, Florida",,SpaceX,170 d 13 h,https://en.wikipedia.org/wiki/SpaceX_Crew-4,"SpaceX Crew-4 was the Crew Dragon's fourth NASA Commercial Crew operational flight, and its seventh overall crewed orbital flight. The mission launched on April 27, 2022, at 07:52 UTC before docking with the International Space Station at 23:37 UTC. It followed shortly after the private Axiom 1 mission to the ISS earlier in the month utilizing SpaceX hardware. Three American astronauts and one European astronaut were on board the mission.",,,,,,
"Cai Xuzhe, Chen Dong, Liu Yang",China,Tiangong,"Shenzhou 14 (Chinese: 神舟十四号; pinyin: Shénzhōu Shísì-hào; lit. 'Divine Boat Number 14') was a Chinese spaceflight to the Tiangong space station, launched on 5 June 2022. It carried three People's Liberation Army Astronaut Corps (PLAAC) taikonauts on board a Shenzhou spacecraft.",N,N,N,182.0,2022-06-05,Shenzhou 14,2022-12-04,Shenzhou 14,2022,Long March 2F/G (Y14),Shenzhou,"Jiuquan, LA-4/SLS-1",Inner Mongolia,,China Manned Space Agency,182 d 9 h,https://en.wikipedia.org/wiki/Shenzhou_14,"Shenzhou 14 was a Chinese spaceflight to the Tiangong space station, launched on 5 June 2022. It carried three People's Liberation Army Astronaut Corps taikonauts on board a Shenzhou spacecraft.",,,,,,
"Dmitrij Petelin, Francisco Rubio, Sergey Prokopyev",USSR/Russia,ISS,"Soyuz MS-22 was a Russian Soyuz spaceflight to the International Space Station with a crew of three launched from Baikonur Cosmodrome on 21 September 2022. The launch, previously planned for 13 September 2022, was subsequently delayed to 21 September 2022 for a mission length of 188 days.",N,N,N,371.0,2022-09-21,Soyuz MS-22,2023-09-27,Soyuz MS-23,2022,Soyuz 2.1a,Soyuz MS-22 No. 751,"Baikonur, 31/6","Kazakh Steppe, Kazakhstan",Altai,Roscosmos,187 d 21 h,https://en.wikipedia.org/wiki/Soyuz_MS-22,"Soyuz MS-22 was a Russian Soyuz spaceflight to the International Space Station with a crew of three launched from Baikonur Cosmodrome on 21 September 2022. The launch, previously planned for 13 September 2022, was subsequently delayed to 21 September 2022 for a mission length of 188 days.",,,,,,
"Anna Kikina, Josh A. Cassada, Koichi Wakata, Nicole Mann",USA,ISS,"SpaceX Crew-5 was the fifth operational NASA Commercial Crew Program flight of a Crew Dragon spacecraft, and the eighth overall crewed orbital flight. The mission was successfully launched on October 5, 2022, with the aim of transporting four crew members to the International Space Station (ISS).",N,N,N,158.0,2022-10-05,SpaceX Crew-5,2023-03-12,SpaceX Crew-5,2022,Falcon 9 Block 5 B1077-1,,"Kennedy, LC39A","Gulf of Mexico, near Clearwater, Florida",,SpaceX,157 d 10 h,https://en.wikipedia.org/wiki/SpaceX_Crew-5,"SpaceX Crew-5 was the fifth operational NASA Commercial Crew Program flight of a Crew Dragon spacecraft, and the eighth overall crewed orbital flight. The mission was successfully launched on October 5, 2022, with the aim of transporting four crew members to the International Space Station. The Crew Dragon spacecraft docked at the ISS on October 6, 2022, at 21:01 UTC. The crew for this mission comprised two NASA astronauts, one JAXA astronaut, and one Russian cosmonaut.",,,,,,
"Deng Qingming, Fei Junlong, Zhang Lu",China,Tiangong,"Shenzhou 15 (Chinese: 神舟十五号; pinyin: Shénzhōu Shíwǔ-hào; lit. 'Divine Boat Number 15') was a Chinese spaceflight to the Tiangong space station, launched on 29 November 2022 at 15:08:17 UTC. It carried three People's Liberation Army Astronaut Corps (PLAAC) taikonauts aboard a Shenzhou spacecraft.",N,N,N,186.0,2022-11-29,Shenzhou 15,2023-06-03,Shenzhou 15,2022,Long March 2F/G (Y23),Shenzhou,"Jiuquan, LA-4/SLS-1",Inner Mongolia,,China Manned Space Agency,186 d 7 h,https://en.wikipedia.org/wiki/Shenzhou_15,"Shenzhou 15 was a Chinese spaceflight to the Tiangong space station, launched on 29 November 2022 at 15:08:17 UTC. It carried three People's Liberation Army Astronaut Corps taikonauts aboard a Shenzhou spacecraft. The flight was the tenth crewed Chinese spaceflight and the fifteenth mission overall of the China Manned Space Program.",,,,,,
"Andrey Fedyayev, Stephen G. Bowen, Sultan Al Niadi, Warren Hoburg",USA,ISS,"SpaceX Crew-6 was the sixth crewed operational NASA Commercial Crew flight of a Crew Dragon spacecraft, and the ninth overall crewed orbital flight. The mission launched on 2 March 2023 at 05:34:14 UTC, and it successfully docked to the International Space Station (ISS) on 3 March 2023 at 06:40 UTC.",N,N,N,186.0,2023-03-02,SpaceX Crew-6,2023-09-04,SpaceX Crew-6,2023,"Falcon 9 Block 5 (B10781), Flight 207",,"Kennedy, LC39A","Atlantic Ocean, near Jacksonville, Florida",,SpaceX,185 d 22 h,https://en.wikipedia.org/wiki/SpaceX_Crew-6,"SpaceX Crew-6 was the sixth crewed operational NASA Commercial Crew flight of a Crew Dragon spacecraft, and the ninth overall crewed orbital flight. The mission launched on 2 March 2023 at 05:34:14 UTC, and it successfully docked to the International Space Station on 3 March 2023 at 06:40 UTC. The Crew-6 mission transported four crew members to the International Space Station. Two NASA astronauts, a United Arab Emirates astronaut, and a Russian cosmonaut were assigned to the mission.",,,,,,
"Ali AlQarni, John Shoffner, Peggy Whitson, Rayyanah Barnawi",USA,ISS,"Axiom Mission 2 (or Ax-2) was a private crewed spaceflight operated by Axiom Space. Ax-2 was launched on May 21, 2023, on a SpaceX Falcon 9, successfully docking with the International Space Station (ISS) on May 22.",N,N,N,10.0,2023-05-21,Axiom Mission 2,2023-05-31,Axiom Mission 2,2023,Falcon 9 Block 5 B1080-1,,"Kennedy, LC39A",Gulf of Mexico,,Axiom Space,9 d 5 h,https://en.wikipedia.org/wiki/Axiom_Mission_2,"Axiom Mission 2 was a private crewed spaceflight operated by Axiom Space. Ax-2 was launched on May 21, 2023, on a SpaceX Falcon 9, successfully docking with the International Space Station on May 22. After eight days docked to the ISS, the Dragon crew capsule Freedom undocked and returned to Earth twelve hours later.",,,,,,
"Gui Haichao, Jing Haipeng, Zhu Yangzhu",China,Tiangong,Shenzhou 16 (Chinese: 神舟十六号; pinyin: Shénzhōu Shíliù-hào; lit. 'Divine Boat Number 16') was a Chinese spaceflight to the Tiangong space station launched on 30 May 2023. The mission carried a crew of three aboard a Shenzhou spacecraft.,N,N,N,154.0,2023-05-30,Shenzhou 16,2023-10-31,Shenzhou 16,2023,Long March 2F/G (Y16),Shenzhou,"Jiuquan, LA-4/SLS-1",Inner Mongolia,,China Manned Space Agency,153 d 22 h,https://en.wikipedia.org/wiki/Shenzhou_16,Shenzhou 16 was a Chinese spaceflight to the Tiangong space station launched on 30 May 2023. The mission carried a crew of three aboard a Shenzhou spacecraft.,,,,,,
"Andreas Mogensen, Jasmin Moghbeli, Konstantin Borisov, Satoshi Furukawa",USA,ISS,"SpaceX Crew-7 was the seventh crewed operational NASA Commercial Crew flight and the eleventh overall crewed orbital flight of a Crew Dragon spacecraft. The mission launched on August 26, 2023, transporting four crew members to the International Space Station (ISS), consisting of one NASA astronaut Jasmin Moghbeli, one ESA astronaut Andreas Mogensen of Denmark, one JAXA astronaut Satoshi Furukawa,",N,N,N,199.0,2023-08-26,SpaceX Crew-7,2024-03-12,SpaceX Crew-7,2023,"Falcon 9 Block 5 (B10811), Flight 249",,"Kennedy, LC39A","Gulf of Mexico, near Pensacola, Florida",,SpaceX,199 d 2 h,https://en.wikipedia.org/wiki/SpaceX_Crew-7,"SpaceX Crew-7 was the seventh crewed operational NASA Commercial Crew flight and the eleventh overall crewed orbital flight of a Crew Dragon spacecraft. The mission launched on August 26, 2023, transporting four crew members to the International Space Station, consisting of one NASA astronaut Jasmin Moghbeli, one ESA astronaut Andreas Mogensen of Denmark, one JAXA astronaut Satoshi Furukawa, and one Roscosmos cosmonaut Konstantin Borisov. Mogensen was the first non-American to serve as a pilot of Crew Dragon.",,,,,,
Loral O'Hara,USSR/Russia,ISS,"Soyuz MS-24, Russian production No. 755 and identified by NASA as Soyuz 70S, was a Russian crewed Soyuz spaceflight launched from Baikonur on 15 September 2023 to the International Space Station.",N,N,N,204.0,2023-09-15,Soyuz MS-24,2024-04-06,Soyuz MS-24,2023,Soyuz-2.1a,Soyuz MS-25 No. 755,"Baikonur, Site 31/6","Kazakh Steppe, Kazakhstan",Antares,Roscosmos,203 d 15 h,https://en.wikipedia.org/wiki/Soyuz_MS-24,"Soyuz MS-24, Russian production No. 755 and identified by NASA as Soyuz 70S, was a Russian crewed Soyuz spaceflight launched from Baikonur on 15 September 2023 to the International Space Station.",,,,,,
"Nikolay Chub, Oleg Kononenko",USSR/Russia,ISS,"Soyuz MS-24, Russian production No. 755 and identified by NASA as Soyuz 70S, was a Russian crewed Soyuz spaceflight launched from Baikonur on 15 September 2023 to the International Space Station.",N,N,N,374.0,2023-09-15,Soyuz MS-24,2024-09-23,Soyuz MS-25,2023,Soyuz-2.1a,Soyuz MS-25 No. 755,"Baikonur, Site 31/6","Kazakh Steppe, Kazakhstan",Antares,Roscosmos,203 d 15 h,https://en.wikipedia.org/wiki/Soyuz_MS-24,"Soyuz MS-24, Russian production No. 755 and identified by NASA as Soyuz 70S, was a Russian crewed Soyuz spaceflight launched from Baikonur on 15 September 2023 to the International Space Station.",,,,,,
"Jiang Xinlin, Tang Hongbo, Tang Shengjie",China,Tiangong,"Shenzhou 17 (Chinese: 神舟十七号; pinyin: Shénzhōu Shíqī-hào; lit. 'Divine Boat Number 17') was a Chinese spaceflight to the Tiangong space station, launched on 26 October 2023. It carried three People's Liberation Army Astronaut Corps (PLAAC) taikonauts on board a Shenzhou spacecraft.",N,N,N,187.0,2023-10-26,Shenzhou 17,2024-04-30,Shenzhou 17,2023,Long March 2F/G (Y17),Shenzhou,"Jiuquan, LA-4/SLS-1",Inner Mongolia,,China Manned Space Agency,187 d 6 h,https://en.wikipedia.org/wiki/Shenzhou_17,"Shenzhou 17 was a Chinese spaceflight to the Tiangong space station, launched on 26 October 2023. It carried three People's Liberation Army Astronaut Corps taikonauts on board a Shenzhou spacecraft.",,,,,,
"Alper Gezeravcı, Marcus Wandt, Michael E. Lopez-Alegria, Walter Villadei",USA,ISS,"Axiom Mission 3 (or Ax-3) was a private spaceflight to the International Space Station. The flight launched on January 18, 2024, and lasted for 21 days, successfully splashing down in the Atlantic Ocean.",N,N,N,22.0,2024-01-18,Axiom Mission 3,2024-02-09,Axiom Mission 3,2024,"Falcon 9 Block 5 (B10805), Flight 291",,"Kennedy, LC39A","Atlantic Ocean, near Daytona Beach, Florida",,Axiom Space,21 d 15 h,https://en.wikipedia.org/wiki/Axiom_Mission_3,"Axiom Mission 3 was a private spaceflight to the International Space Station. The flight launched on January 18, 2024, and lasted for 21 days, successfully splashing down in the Atlantic Ocean. It was operated by Axiom Space and used a SpaceX Crew Dragon spacecraft.",,,,,,
"Alexander Grebenkin, Jeanette J. Epps, Matthew Dominick, Michael R. Barratt",USA,ISS,"SpaceX Crew-8 was the eighth crewed operational NASA Commercial Crew flight and the 13th overall crewed orbital flight of a Crew Dragon spacecraft. The mission launched on March 4, 2024.",N,N,N,235.0,2024-03-04,SpaceX Crew-8,2024-10-25,SpaceX Crew-8,2024,"Falcon 9 Block 5 (B10831), Flight 305",,"Kennedy, LC39A","Gulf of Mexico, near Pensacola, Florida",,SpaceX,235 d 3 h,https://en.wikipedia.org/wiki/SpaceX_Crew-8,"SpaceX Crew-8 was the eighth crewed operational NASA Commercial Crew flight and the 13th overall crewed orbital flight of a Crew Dragon spacecraft. The mission launched on March 4, 2024. The Crew-8 mission transported four crew members to the International Space Station.",,,,,,
"Marina Vasilevskaya, Oleg Novitskiy",USSR/Russia,ISS,"Soyuz MS-25, Russian production No. 756 and identified by NASA as Soyuz 71S, was a 2024 Russian crewed Soyuz spaceflight from Baikonur Cosmodrome to the International Space Station.",N,N,N,14.0,2024-03-23,Soyuz MS-25,2024-04-06,Soyuz MS-24,2024,Soyuz-2.1a No. 15000-066,Soyuz MS-25 No. 756,"Baikonur, Site 31/6","Kazakh Steppe, Kazakhstan",Kazbek,Roscosmos,183 d 23 h,https://en.wikipedia.org/wiki/Soyuz_MS-25,"Soyuz MS-25, Russian production No. 756 and identified by NASA as Soyuz 71S, was a 2024 Russian crewed Soyuz spaceflight from Baikonur Cosmodrome to the International Space Station.",,,,,,
Tracy E. Caldwell Dyson,USSR/Russia,ISS,"Soyuz MS-25, Russian production No. 756 and identified by NASA as Soyuz 71S, was a 2024 Russian crewed Soyuz spaceflight from Baikonur Cosmodrome to the International Space Station.",N,N,N,184.0,2024-03-23,Soyuz MS-25,2024-09-23,Soyuz MS-25,2024,Soyuz-2.1a No. 15000-066,Soyuz MS-25 No. 756,"Baikonur, Site 31/6","Kazakh Steppe, Kazakhstan",Kazbek,Roscosmos,183 d 23 h,https://en.wikipedia.org/wiki/Soyuz_MS-25,"Soyuz MS-25, Russian production No. 756 and identified by NASA as Soyuz 71S, was a 2024 Russian crewed Soyuz spaceflight from Baikonur Cosmodrome to the International Space Station.",,,,,,
"Li Cong, Li Guangsu, Ye Guangfu",China,Tiangong,"Shenzhou 18 (Chinese: 神舟十八号; pinyin: Shénzhōu Shíbā-hào; lit. 'Divine Boat Number 18') was a Chinese spaceflight to the Tiangong space station, launched on 25 April 2024. It carried three People's Liberation Army Astronaut Corps (PLAAC) taikonauts on board a Shenzhou spacecraft.",N,N,N,192.0,2024-04-25,Shenzhou 18,2024-11-03,Shenzhou 18,2024,Long March 2F/G (Y18),Shenzhou,"Jiuquan, LA-4/SLS-1",Inner Mongolia,,China Manned Space Agency,192 d 4 h,https://en.wikipedia.org/wiki/Shenzhou_18,"Shenzhou 18 was a Chinese spaceflight to the Tiangong space station, launched on 25 April 2024. It carried three People's Liberation Army Astronaut Corps taikonauts on board a Shenzhou spacecraft.",,,,,,
"Barry E. Wilmore, Sunita L. Williams",USA,ISS,"Boeing Crew Flight Test (Boe-CFT) was the first crewed mission of the Boeing Starliner capsule. Launched on June 5, 2024, the mission flew a crew of two NASA astronauts, Barry E.",N,N,N,286.0,2024-06-05,Boeing Crew Flight Test,2025-03-18,SpaceX Crew-9,2024,Atlas V N22 (AV-085),,"Cape Canaveral, SLC41",White Sands Space Harbor,,"Boeing Defense, Space & Security",93 d 13 h,https://en.wikipedia.org/wiki/Boeing_Crew_Flight_Test,"Boeing Crew Flight Test was the first crewed mission of the Boeing Starliner capsule. Launched on June 5, 2024, the mission flew a crew of two NASA astronauts, Barry E. Wilmore and Sunita Williams, from Cape Canaveral Space Force Station to the International Space Station. The mission was meant to last eight days, ending on June 14 with a landing in the American Southwest.",,,,,,
"Anna Menon, Jared Isaacman, Sarah Gillis, Scott Poteet",USA,,"Polaris Dawn was a private crewed spaceflight operated by SpaceX on behalf of Shift4 CEO Jared Isaacman, the first of three planned missions in the Polaris program. Launched September 10, 2024, as the 14th crewed orbital flight of a Crew Dragon spacecraft, Isaacman and his crew of three — Scott Poteet, Sarah Gillis and Anna Menon — flew in an elliptic orbit that took them 1,400 kilometers (870 mi;",N,N,N,5.0,2024-09-10,Polaris Dawn,2024-09-15,Polaris Dawn,2024,"Falcon 9 Block 5 (B10834), Flight 372",,"Kennedy, LC39A",Gulf of Mexico near Dry Tortugas,,SpaceX,4 d 22 h,https://en.wikipedia.org/wiki/Polaris_Dawn,"Polaris Dawn was a private crewed spaceflight operated by SpaceX on behalf of Shift4 CEO Jared Isaacman, the first of three planned missions in the Polaris program. Launched September 10, 2024, as the 14th crewed orbital flight of a Crew Dragon spacecraft, Isaacman and his crew of three — Scott Poteet, Sarah Gillis and Anna Menon — flew in an elliptic orbit that took them 1,400 kilometers away from Earth, the farthest crewed non-lunar mission and the farthest any human has been without leaving low Earth orbit. This was also the farthest humans traveled between NASA's Apollo 17 lunar landing in 1972 and Artemis II lunar flyby in 2026.",,,,,,
"Alexey Ovchinin, Donald R. Pettit, Ivan Vagner",USSR/Russia,ISS,"Soyuz MS-26, Russian production No. 757 and identified by NASA as Soyuz 72S, was a Russian crewed Soyuz spaceflight launched from Site 31/6 at the Baikonur Cosmodrome on 11 September 2024 to the International Space Station. The mission transported three crew members, Roscosmos cosmonauts Aleksey Ovchinin and Ivan Vagner, along with NASA astronaut Donald Pettit.",N,N,N,221.0,2024-09-11,Soyuz MS-26,2025-04-20,Soyuz MS-26,2024,Soyuz-2.1a No. M15000-070,Soyuz MS-26 No. 757,"Baikonur, Site 31/6","Kazakh Steppe, southeast of Zhezkazgan, Kazakhstan",Burlak,Roscosmos,220 d 8 h,https://en.wikipedia.org/wiki/Soyuz_MS-26,"Soyuz MS-26, Russian production No. 757 and identified by NASA as Soyuz 72S, was a Russian crewed Soyuz spaceflight launched from Site 31/6 at the Baikonur Cosmodrome on 11 September 2024 to the International Space Station. The mission transported three crew members, Roscosmos cosmonauts Aleksey Ovchinin and Ivan Vagner, along with NASA astronaut Donald Pettit.",,,,,,
"Aleksandr Gorbunov, Nick Hague",USA,ISS,"SpaceX Crew-9 was the ninth operational NASA Commercial Crew Program flight and the 15th crewed orbital flight of a Crew Dragon spacecraft. Originally scheduled to carry a crew of four to the International Space Station (ISS) in mid-August 2024, the mission was delayed by more than a month by problems with the Boeing Starliner Calypso spacecraft that was docked at the ISS for the Boeing Crew Fligh",N,N,N,171.0,2024-09-28,SpaceX Crew-9,2025-03-18,SpaceX Crew-9,2024,"Falcon 9 Block 5 (B10852), Flight378",,"Cape Canaveral, SLC40","Gulf of Mexico near Tallahassee, Florida",,SpaceX,171 d 4 h,https://en.wikipedia.org/wiki/SpaceX_Crew-9,"SpaceX Crew-9 was the ninth operational NASA Commercial Crew Program flight and the 15th crewed orbital flight of a Crew Dragon spacecraft. Originally scheduled to carry a crew of four to the International Space Station in mid-August 2024, the mission was delayed by more than a month by problems with the Boeing Starliner Calypso spacecraft that was docked at the ISS for the Boeing Crew Flight Test. In response, NASA decided to send the Boeing capsule back to Earth uncrewed on September 7, 2024 and on September 28, launch Crew-9 with two crew members, Nick Hague and Aleksandr Gorbunov.",,,,,,
"Cai Xuzhe, Song Lingdong, Wang Haoze",China,Tiangong,Shenzhou 19 (Chinese: 神舟十九号; pinyin: Shénzhōu Shíjiǔ-hào; lit. 'Divine Boat Number 19') was a Chinese spaceflight to the Tiangong space station that was launched on 29 October 2024 and returned to Earth on 30 April 2025. It carried three crew members on board a Shenzhou spacecraft.,N,N,N,183.0,2024-10-29,Shenzhou 19,2025-04-30,Shenzhou 19,2024,Long March 2F/G (Y19),Shenzhou,"Jiuquan, LA-4/SLS-1",Inner Mongolia,,China Manned Space Agency,182 d 8 h,https://en.wikipedia.org/wiki/Shenzhou_19,Shenzhou 19 was a Chinese spaceflight to the Tiangong space station that was launched on 29 October 2024 and returned to Earth on 30 April 2025. It carried three crew members on board a Shenzhou spacecraft.,,,,,,
"Anne McClain, Kirill Peskov, Nichole Ayers, Takuya Onishi",USA,ISS,"SpaceX Crew-10 was the tenth operational NASA Commercial Crew Program flight and the 16th crewed orbital flight of a Crew Dragon spacecraft. The mission transported four crew members — NASA astronauts Anne McClain and Nichole Ayers, JAXA astronaut Takuya Onishi, and Roscosmos cosmonaut Kirill Peskov — to the International Space Station (ISS).",N,N,N,148.0,2025-03-14,SpaceX Crew-10,2025-08-09,SpaceX Crew-10,2025,"Falcon 9 Block 5 (B10902), Flight446",,"Kennedy, LC-39A",Pacific Ocean near San Diego,,SpaceX,147 d 16 h,https://en.wikipedia.org/wiki/SpaceX_Crew-10,"SpaceX Crew-10 was the tenth operational NASA Commercial Crew Program flight and the 16th crewed orbital flight of a Crew Dragon spacecraft. The mission transported four crew members — NASA astronauts Anne McClain and Nichole Ayers, JAXA astronaut Takuya Onishi, and Roscosmos cosmonaut Kirill Peskov — to the International Space Station. The mission launched on March 14, 2025, 23:03:48 UTC from Launch Complex 39A at Kennedy Space Center.",,,,,,
"Chun Wang, Eric Philips, Jannicke Mikkelsen, Rabea Rogge",USA,,"Fram2 was a private human spaceflight mission operated by SpaceX with a Crew Dragon spacecraft on behalf of entrepreneur Chun Wang. During the mission, Wang and his all-civilian crew—Jannicke Mikkelsen, Rabea Rogge and Eric Philips—were launched into a polar orbit, a first for a human spaceflight mission.",N,N,N,3.0,2025-04-01,Fram2,2025-04-04,Fram2,2025,"Falcon 9 Block 5 (B10856), Flight454",,"Kennedy, LC39A","Pacific Ocean near Oceanside, California",,SpaceX,3 d 14 h,https://en.wikipedia.org/wiki/Fram2,"Fram2 was a private human spaceflight mission operated by SpaceX with a Crew Dragon spacecraft on behalf of entrepreneur Chun Wang. During the mission, Wang and his all-civilian crew—Jannicke Mikkelsen, Rabea Rogge and Eric Philips—were launched into a polar orbit, a first for a human spaceflight mission. During the three-day mission, the crew conducted scientific research.",,,,,,
"Alexey Zubritsky, Jonny Kim, Sergey Ryzhikov",USSR/Russia,ISS,"Soyuz MS-27, identified by NASA as Soyuz 73S, was a Russian crewed Soyuz spaceflight that launched on 8 April 2025 from Site 31/6 at the Baikonur Cosmodrome, bound for the International Space Station. The spacecraft was launched aboard a Soyuz-2.1a rocket carrying three crew members, Roscosmos cosmonauts Sergey Ryzhikov and Alexey Zubritsky, along with NASA astronaut Jonny Kim.",N,N,N,245.0,2025-04-08,Soyuz MS-27,2025-12-09,Soyuz MS-27,2025,Soyuz-2.1a No. K15000-075,Soyuz MS-27 No.758,"Baikonur, Site 31/6","Kazakh Steppe, Kazakhstan",Favor,Roscosmos,244 d 23 h,https://en.wikipedia.org/wiki/Soyuz_MS-27,"Soyuz MS-27, identified by NASA as Soyuz 73S, was a Russian crewed Soyuz spaceflight that launched on 8 April 2025 from Site 31/6 at the Baikonur Cosmodrome, bound for the International Space Station. The spacecraft was launched aboard a Soyuz-2.1a rocket carrying three crew members, Roscosmos cosmonauts Sergey Ryzhikov and Alexey Zubritsky, along with NASA astronaut Jonny Kim.",,,,,,
"Chen Dong, Chen Zhongrui, Wang Jie",China,Tiangong,Shenzhou 20 (Chinese: 神舟二十号; pinyin: Shénzhōu èrshí-hào; lit. 'Divine Boat Number 20') was a Chinese spaceflight mission to the Tiangong space station launched on 24 April 2025. It carried three taikonauts on board a Shenzhou spacecraft.,N,N,N,204.0,2025-04-24,Shenzhou 20,2025-11-14,Shenzhou 21,2025,Long March 2F/G (Y20),Shenzhou,"Jiuquan, LA-4/SLS-1",Inner Mongolia,,China Manned Space Agency,269 d 16 h,https://en.wikipedia.org/wiki/Shenzhou_20,Shenzhou 20 was a Chinese spaceflight mission to the Tiangong space station launched on 24 April 2025. It carried three taikonauts on board a Shenzhou spacecraft.,,,,,,
"Peggy Whitson, Shubhanshu Shukla, Sławosz Uznański-Wiśniewski, Tibor Kapu",USA,ISS,"Axiom Mission 4 (Ax‑4) was a private crewed spaceflight to the International Space Station (ISS) operated by Axiom Space in partnership with SpaceX and NASA. The mission launched atop a SpaceX Falcon 9 Block 5 rocket, which placed the Crew Dragon Grace spacecraft into low Earth orbit.",N,N,N,20.0,2025-06-25,Axiom Mission 4,2025-07-15,Axiom Mission 4,2025,"Falcon 9 Block 5 B1094-2, Flight 495",,"Kennedy, LC39A",Pacific Ocean near San Diego,,Axiom Space,20 d 2 h,https://en.wikipedia.org/wiki/Axiom_Mission_4,"Axiom Mission 4 was a private crewed spaceflight to the International Space Station operated by Axiom Space in partnership with SpaceX and NASA. The mission launched atop a SpaceX Falcon 9 Block 5 rocket, which placed the Crew Dragon Grace spacecraft into low Earth orbit. Ax-4 was the first mission to fly aboard the Crew Dragon capsule 'Grace', which is the fifth and final Dragon capsule manufactured. The launch was originally scheduled for June 11, 2025 from Launch Complex 39A at the Kennedy Space Center, but was scrubbed for a liquid oxygen leak.",,,,,,
"E. Michael Fincke, Kimiya Yui, Oleg Platonov, Zena Cardman",USA,ISS,"SpaceX Crew-11 was the eleventh operational NASA Commercial Crew Program flight and the 19th crewed orbital flight of a Crew Dragon spacecraft. The mission transported four crew members, NASA astronauts Zena Cardman and Michael Fincke, JAXA astronaut Kimiya Yui, and Roscosmos cosmonaut Oleg Platonov, to the International Space Station (ISS).",N,N,N,167.0,2025-08-01,SpaceX Crew-11,2026-01-15,SpaceX Crew-11,2025,"Falcon 9 Block 5 (B1094-3), Flight512",,"Kennedy, LC39A",Pacific Ocean near San Diego,,SpaceX,166 d 16 h,https://en.wikipedia.org/wiki/SpaceX_Crew-11,"SpaceX Crew-11 was the eleventh operational NASA Commercial Crew Program flight and the 19th crewed orbital flight of a Crew Dragon spacecraft. The mission transported four crew members, NASA astronauts Zena Cardman and Michael Fincke, JAXA astronaut Kimiya Yui, and Roscosmos cosmonaut Oleg Platonov, to the International Space Station. The mission launched on August 1, 2025 and docked with the ISS the next day.",,,,,,
"Wu Fei, Zhang Hongzhang, Zhang Lu",China,Tiangong,"Shenzhou 21 (Chinese: 神舟二十一号; pinyin: Shénzhōu èrshíyī-hào; lit. 'Divine Boat Number 21') was a Chinese spaceflight to the Tiangong space station, launched on 31 October 2025. It carried three taikonauts on board a Shenzhou spacecraft.",N,N,N,210.0,2025-10-31,Shenzhou 21,2026-05-29,Shenzhou 22,2025,Long March 2F/G (Y21),Shenzhou,"Jiuquan, LA-4/SLS-1",Inner Mongolia,,China Manned Space Agency,13 d 16 h,https://en.wikipedia.org/wiki/Shenzhou_21,"Shenzhou 21 was a Chinese spaceflight to the Tiangong space station, launched on 31 October 2025. It carried three taikonauts on board a Shenzhou spacecraft.",,,,,,
"Christopher Williams, Sergei Mikayev, Sergey Kud-Sverchkov",USSR/Russia,ISS,"Soyuz MS-28, identified by NASA as Soyuz 74S, was a Russian crewed Soyuz spaceflight launched from Site 31/6 at the Baikonur Cosmodrome on 27 November 2025 to the International Space Station, where it docked to Russia's Rassvet docking port.",N,N,N,241.0,2025-11-27,Soyuz MS-28,2026-07-26,Soyuz MS-28,2025,Soyuz-2.1a,Soyuz MS-28 No. 753,"Baikonur, Site 31/6","Kazakh Steppe, Kazakhstan",Gyrfalcon,Roscosmos,241 d,https://en.wikipedia.org/wiki/Soyuz_MS-28,"Soyuz MS-28, identified by NASA as Soyuz 74S, was a Russian crewed Soyuz spaceflight launched from Site 31/6 at the Baikonur Cosmodrome on 27 November 2025 to the International Space Station, where it docked to Russia's Rassvet docking port.",,,,,,
"Andrey Fedyayev, Jack Hathaway, Jessica Meir, Sophie Adenot",USA,ISS,"SpaceX Crew-12 was the twelfth operational NASA Commercial Crew Program flight and the 20th crewed orbital flight of a Crew Dragon spacecraft. The mission transported four crew members—NASA astronauts Jessica Meir and Jack Hathaway, ESA astronaut Sophie Adenot, and Roscosmos cosmonaut Andrey Fedyaev—to the International Space Station (ISS).",N,N,N,237.0,2026-02-13,SpaceX Crew-12,2026-10-08,SpaceX Crew-12,2026,"Falcon 9 Block 5 (B1101.2), Flight599",,"Cape Canaveral, SLC40",Pacific Ocean near San Diego,,SpaceX,237 d 5 h,https://en.wikipedia.org/wiki/SpaceX_Crew-12,"SpaceX Crew-12 was the twelfth operational NASA Commercial Crew Program flight and the 20th crewed orbital flight of a Crew Dragon spacecraft. The mission transported four crew members—NASA astronauts Jessica Meir and Jack Hathaway, ESA astronaut Sophie Adenot, and Roscosmos cosmonaut Andrey Fedyaev—to the International Space Station. The mission launched on 13 February 2026.",,,,,,
"Christina Koch, Gregory R. Wiseman, Jeremy Hansen, Victor Glover",USA,Moon,"Artemis II (April 1–11, 2026) was a crewed flyby of the Moon and first crewed flight of the NASA-led Artemis program. It was the first crewed flight beyond low Earth orbit (LEO) since Apollo 17 in 1972 and the only crewed flight beyond LEO not part of the Apollo program.",N,Y,N,10.0,2026-04-01,Artemis II,2026-04-11,Artemis II,2026,Space Launch System,,"Kennedy, LC-39B",Pacific Ocean southwest of San Diego,,NASA,9 d 1 h,https://en.wikipedia.org/wiki/Artemis_II,"Artemis II was a crewed flyby of the Moon and first crewed flight of the NASA-led Artemis program. It was the first crewed flight beyond low Earth orbit since Apollo 17 in 1972 and the only crewed flight beyond LEO not part of the Apollo program. It was the first crewed flight of the Space Launch System and of the Orion spacecraft, named Integrity by the four-person crew.",,,,,,
"Lai Ka-ying, Zhang Zhiyuan, Zhu Yangzhu",China,Tiangong,Shenzhou 23 (Chinese: 神舟二十三号; pinyin: Shénzhōu èrshísān-hào; lit. 'Divine Boat Number 23') is an ongoing Chinese spaceflight to transport three taikonauts on a Shenzhou spacecraft to and from the Tiangong space station. The mission is the 17th crewed Chinese spaceflight and the 23rd flight overall of the Shenzhou program.,N,N,N,,2026-05-24,Shenzhou 23,,in orbit,2026,Long March 2F/G (Y23),Shenzhou,"Jiuquan, LA-4/SLS-1",Inner Mongolia (planned),,China Manned Space Agency,180 d,https://en.wikipedia.org/wiki/Shenzhou_23,Shenzhou 23 is an ongoing Chinese spaceflight to transport three taikonauts on a Shenzhou spacecraft to and from the Tiangong space station. The mission is the 17th crewed Chinese spaceflight and the 23rd flight overall of the Shenzhou program.,,,,,,
"Anil Menon, Anna Kikina, Pyotr Dubrov",USSR/Russia,ISS,"Soyuz MS-29, identified by NASA as Soyuz 75S, is a Russian crewed Soyuz spaceflight launched from Site 31/6 at the Baikonur Cosmodrome on 14 July 2026 to the International Space Station, where it docked to the nadir port of the Prichal module, delivering three members of the Expedition 74/75 crew.",N,N,N,,2026-07-14,Soyuz MS-29,,in orbit,2026,Soyuz-2.1a,Soyuz MS-29 No. 759,"Baikonur, Site 31/6","Kazakh Steppe, Kazakhstan",Tigris,Roscosmos,261 d,https://en.wikipedia.org/wiki/Soyuz_MS-29,"Soyuz MS-29, identified by NASA as Soyuz 75S, is a Russian crewed Soyuz spaceflight launched from Site 31/6 at the Baikonur Cosmodrome on 14 July 2026 to the International Space Station, where it docked to the nadir port of the Prichal module, delivering three members of the Expedition 74/75 crew.",,,,,,
"Jessica Watkins, Joshua Kutryk, Luke Delaney, Sergey Teteryatnikov",USA,ISS,"SpaceX Crew-13 is the thirteenth operational NASA Commercial Crew Program flight and the 21st crewed orbital flight of a Crew Dragon spacecraft. The mission launched October 1, 2026 at 11:10:06 am to transport four crew members—NASA astronauts Jessica Watkins and Luke Delaney, CSA astronaut Joshua Kutryk, and Roscosmos cosmonaut Sergey Teteryatnikov—to the International Space Station (ISS).",N,N,N,,2026-10-01,SpaceX Crew-13,,in orbit,2026,"Falcon 9 Block 5 (B1101.3), Flight691",,"Cape Canaveral, SLC40",Pacific Ocean (planned),,SpaceX,,https://en.wikipedia.org/wiki/SpaceX_Crew-13,"SpaceX Crew-13 is the thirteenth operational NASA Commercial Crew Program flight and the 21st crewed orbital flight of a Crew Dragon spacecraft. The mission launched October 1, 2026 at 11:10:06 am to transport four crew members—NASA astronauts Jessica Watkins and Luke Delaney, CSA astronaut Joshua Kutryk, and Roscosmos cosmonaut Sergey Teteryatnikov—to the International Space Station.",,,,,,
